model_method,converged,term,coef,se,pvalue,ci_low,ci_high
mixedlm,True,Intercept,1680.1352626197715,132.55550586355656,8.14038992758427e-37,1420.3312451747126,1939.9392800648304
mixedlm,True,"C(actuator, Treatment(reference='DREADD'))[T.LMO7]",83.04655556204584,178.90415930796905,0.6425074852286266,-267.59915336598976,433.69226449008147
mixedlm,True,"C(actuator, Treatment(reference='DREADD'))[T.PSAM]",-371.1501637591128,182.7772892027475,0.04229414341043696,-729.3870677883597,-12.913259729865956
mixedlm,True,stimulation_binary,-173.88526261977148,165.3532037514941,0.2929835698160279,-497.9715867010133,150.20106146147032
mixedlm,True,"C(actuator, Treatment(reference='DREADD'))[T.LMO7]:stimulation_binary",-228.35144320729177,235.79099558003128,0.33282041215022407,-690.4933024229961,233.7904160084126
mixedlm,True,"C(actuator, Treatment(reference='DREADD'))[T.PSAM]:stimulation_binary",46.35849709244568,230.10644745548586,0.8403346488688878,-404.64185253076494,497.35884671565634
mixedlm,True,Group Var,0.1505006429942207,0.22965925712552526,0.5122607975166202,-0.29962322968803257,0.600624515676474
