model_method,converged,n_neurons,n_experiments,term,coef,se,pvalue,ci_low,ci_high
mixedlm,True,63,43,stimulation_binary,-171.31950423366501,141.02971522431173,0.22445156147903766,-447.7326668232562,105.09365835592612
mixedlm,True,63,43,"C(actuator, Treatment(reference='DREADD'))[T.LMO7]",96.23687804575823,180.62608883136525,0.5941747247978716,-257.7837507320502,450.2575068235666
mixedlm,True,63,43,"C(actuator, Treatment(reference='DREADD'))[T.PSAM]",-367.5915684322956,181.2023594686145,0.042496538489715505,-722.7416669044605,-12.441469960130746
mixedlm,True,63,43,"C(actuator, Treatment(reference='DREADD'))[T.LMO7]:stimulation_binary",-245.26465582353484,230.69721275508502,0.28771606714347786,-697.4228841572758,206.89357251020618
mixedlm,True,63,43,"C(actuator, Treatment(reference='DREADD'))[T.PSAM]:stimulation_binary",42.799901765630196,195.6396817517718,0.8268299795091806,-340.6468284147206,426.24663194598094
