model_method,converged,term,coef,se,pvalue,ci_low,ci_high
mixedlm,True,Intercept,1677.569504233664,131.03085734581634,1.5802568916862074e-37,1420.7537429724584,1934.3852654948696
mixedlm,True,"C(actuator, Treatment(reference='DREADD'))[T.LMO7]",96.23687804575823,180.62608883136525,0.5941747247978716,-257.7837507320502,450.2575068235666
mixedlm,True,"C(actuator, Treatment(reference='DREADD'))[T.PSAM]",-367.5915684322956,181.2023594686145,0.042496538489715505,-722.7416669044605,-12.441469960130746
mixedlm,True,stimulation_binary,-171.31950423366501,141.02971522431173,0.22445156147903766,-447.7326668232562,105.09365835592612
mixedlm,True,"C(actuator, Treatment(reference='DREADD'))[T.LMO7]:stimulation_binary",-245.26465582353484,230.69721275508502,0.28771606714347786,-697.4228841572758,206.89357251020618
mixedlm,True,"C(actuator, Treatment(reference='DREADD'))[T.PSAM]:stimulation_binary",42.799901765630196,195.6396817517718,0.8268299795091806,-340.6468284147206,426.24663194598094
mixedlm,True,Group Var,0.6626333557974373,0.5601903187286474,0.23685994157462065,-0.43531949339872544,1.7605862049936
