model_method,converged,n_neurons,n_experiments,term,coef,se,pvalue,ci_low,ci_high
mixedlm,True,63,35,stimulation_binary,-173.88526261977148,165.3532037514941,0.2929835698160279,-497.9715867010133,150.20106146147032
mixedlm,True,63,35,"C(actuator, Treatment(reference='DREADD'))[T.LMO7]",83.04655556204584,178.90415930796905,0.6425074852286266,-267.59915336598976,433.69226449008147
mixedlm,True,63,35,"C(actuator, Treatment(reference='DREADD'))[T.PSAM]",-371.1501637591128,182.7772892027475,0.04229414341043696,-729.3870677883597,-12.913259729865956
mixedlm,True,63,35,"C(actuator, Treatment(reference='DREADD'))[T.LMO7]:stimulation_binary",-228.35144320729177,235.79099558003128,0.33282041215022407,-690.4933024229961,233.7904160084126
mixedlm,True,63,35,"C(actuator, Treatment(reference='DREADD'))[T.PSAM]:stimulation_binary",46.35849709244568,230.10644745548586,0.8403346488688878,-404.64185253076494,497.35884671565634
