sensitivity_rank,n_removed,removed_cell_ids,removed_conditions,control_condition,treatment_condition,n_control,n_treatment,mean_auc_control,mean_auc_treatment,mean_difference_treatment_minus_control,dunnett_statistic,dunnett_pvalue_adjusted,ci_low_difference,ci_high_difference,significant_dunnett_adjusted_alpha
1,8,DREADD/CNO__r3__sNA | CONTROL/MEDIA__r7__sNA | CONTROL/MEDIA__r8__sNA | CONTROL/MEDIA__r10__sNA | CONTROL/MEDIA__r11__sNA | PSAM/uPSEM__r1__sNA | PSAM/uPSEM__r2__sNA | PSAM/uPSEM__r9__sNA,DREADD_CNO | EYFP_Control_Media | EYFP_Control_Media | EYFP_Control_Media | EYFP_Control_Media | PSAM_uPSEM | PSAM_uPSEM | PSAM_uPSEM,EYFP_Control_Media,DREADD_CNO,7,11,1065.357142857143,1557.5,492.1428571428571,3.461913224372858,0.004152960908434533,144.2092931272686,840.0764211584456,True
1,8,DREADD/CNO__r3__sNA | CONTROL/MEDIA__r7__sNA | CONTROL/MEDIA__r8__sNA | CONTROL/MEDIA__r10__sNA | CONTROL/MEDIA__r11__sNA | PSAM/uPSEM__r1__sNA | PSAM/uPSEM__r2__sNA | PSAM/uPSEM__r9__sNA,DREADD_CNO | EYFP_Control_Media | EYFP_Control_Media | EYFP_Control_Media | EYFP_Control_Media | PSAM_uPSEM | PSAM_uPSEM | PSAM_uPSEM,EYFP_Control_Media,LMO7_hCTZ,7,9,1065.357142857143,1357.2222222222222,291.8650793650793,1.9697372643203213,0.1343433571586058,-70.79115886386529,654.5213175940239,False
1,8,DREADD/CNO__r3__sNA | CONTROL/MEDIA__r7__sNA | CONTROL/MEDIA__r8__sNA | CONTROL/MEDIA__r10__sNA | CONTROL/MEDIA__r11__sNA | PSAM/uPSEM__r1__sNA | PSAM/uPSEM__r2__sNA | PSAM/uPSEM__r9__sNA,DREADD_CNO | EYFP_Control_Media | EYFP_Control_Media | EYFP_Control_Media | EYFP_Control_Media | PSAM_uPSEM | PSAM_uPSEM | PSAM_uPSEM,EYFP_Control_Media,PSAM_uPSEM,7,9,1065.357142857143,1006.9444444444445,-58.41269841269843,-0.39421526214541325,0.955348761641428,-421.068936641643,304.24353981624614,False
2,8,DREADD/CNO__r10__sNA | CONTROL/MEDIA__r1__sNA | CONTROL/MEDIA__r4__sNA | CONTROL/MEDIA__r8__sNA | CONTROL/MEDIA__r10__sNA | LMO7/hCTZ__r3__sNA | PSAM/uPSEM__r2__sNA | PSAM/uPSEM__r9__sNA,DREADD_CNO | EYFP_Control_Media | EYFP_Control_Media | EYFP_Control_Media | EYFP_Control_Media | LMO7_hCTZ | PSAM_uPSEM | PSAM_uPSEM,EYFP_Control_Media,DREADD_CNO,7,11,1122.142857142857,1518.409090909091,396.2662337662339,2.867862096786508,0.01877364374587731,58.03157778717866,734.5008897452891,True
2,8,DREADD/CNO__r10__sNA | CONTROL/MEDIA__r1__sNA | CONTROL/MEDIA__r4__sNA | CONTROL/MEDIA__r8__sNA | CONTROL/MEDIA__r10__sNA | LMO7/hCTZ__r3__sNA | PSAM/uPSEM__r2__sNA | PSAM/uPSEM__r9__sNA,DREADD_CNO | EYFP_Control_Media | EYFP_Control_Media | EYFP_Control_Media | EYFP_Control_Media | LMO7_hCTZ | PSAM_uPSEM | PSAM_uPSEM,EYFP_Control_Media,LMO7_hCTZ,7,8,1122.142857142857,1447.8125,325.6696428571429,2.2018500972566244,0.08453711619108828,-36.38892566083649,687.7282113751223,False
2,8,DREADD/CNO__r10__sNA | CONTROL/MEDIA__r1__sNA | CONTROL/MEDIA__r4__sNA | CONTROL/MEDIA__r8__sNA | CONTROL/MEDIA__r10__sNA | LMO7/hCTZ__r3__sNA | PSAM/uPSEM__r2__sNA | PSAM/uPSEM__r9__sNA,DREADD_CNO | EYFP_Control_Media | EYFP_Control_Media | EYFP_Control_Media | EYFP_Control_Media | LMO7_hCTZ | PSAM_uPSEM | PSAM_uPSEM,EYFP_Control_Media,PSAM_uPSEM,7,10,1122.142857142857,1022.75,-99.39285714285711,-0.7057352680057777,0.8065039478013512,-444.1415710111007,245.3558567253865,False
3,8,DREADD/CNO__r3__sNA | DREADD/CNO__r7__sNA | CONTROL/MEDIA__r2__sNA | CONTROL/MEDIA__r9__sNA | LMO7/hCTZ__r3__sNA | PSAM/uPSEM__r2__sNA | PSAM/uPSEM__r7__sNA | PSAM/uPSEM__r9__sNA,DREADD_CNO | DREADD_CNO | EYFP_Control_Media | EYFP_Control_Media | LMO7_hCTZ | PSAM_uPSEM | PSAM_uPSEM | PSAM_uPSEM,EYFP_Control_Media,DREADD_CNO,9,10,1411.9444444444443,1594.25,182.30555555555566,1.3305516682339324,0.41493137144637315,-155.7068881854832,520.3179992965945,False
3,8,DREADD/CNO__r3__sNA | DREADD/CNO__r7__sNA | CONTROL/MEDIA__r2__sNA | CONTROL/MEDIA__r9__sNA | LMO7/hCTZ__r3__sNA | PSAM/uPSEM__r2__sNA | PSAM/uPSEM__r7__sNA | PSAM/uPSEM__r9__sNA,DREADD_CNO | DREADD_CNO | EYFP_Control_Media | EYFP_Control_Media | LMO7_hCTZ | PSAM_uPSEM | PSAM_uPSEM | PSAM_uPSEM,EYFP_Control_Media,LMO7_hCTZ,9,8,1411.9444444444443,1447.8125,35.86805555555566,0.24753522403581274,0.989408457136222,-321.5984506141623,393.3345617252736,False
3,8,DREADD/CNO__r3__sNA | DREADD/CNO__r7__sNA | CONTROL/MEDIA__r2__sNA | CONTROL/MEDIA__r9__sNA | LMO7/hCTZ__r3__sNA | PSAM/uPSEM__r2__sNA | PSAM/uPSEM__r7__sNA | PSAM/uPSEM__r9__sNA,DREADD_CNO | DREADD_CNO | EYFP_Control_Media | EYFP_Control_Media | LMO7_hCTZ | PSAM_uPSEM | PSAM_uPSEM | PSAM_uPSEM,EYFP_Control_Media,PSAM_uPSEM,9,9,1411.9444444444443,1042.7777777777778,-369.1666666666665,-2.6261294086288793,0.03469973236486601,-715.9601166803734,-22.373216652959627,True
4,8,DREADD/CNO__r3__sNA | DREADD/CNO__r5__sNA | CONTROL/MEDIA__r5__sNA | CONTROL/MEDIA__r8__sNA | CONTROL/MEDIA__r10__sNA | LMO7/hCTZ__r5__sNA | LMO7/hCTZ__r9__sNA | PSAM/uPSEM__r2__sNA,DREADD_CNO | DREADD_CNO | EYFP_Control_Media | EYFP_Control_Media | EYFP_Control_Media | LMO7_hCTZ | LMO7_hCTZ | PSAM_uPSEM,EYFP_Control_Media,DREADD_CNO,8,10,1067.1875,1598.5,531.3125,3.4853964129622987,0.003979249175320998,156.7213312994781,905.9036687005218,True
4,8,DREADD/CNO__r3__sNA | DREADD/CNO__r5__sNA | CONTROL/MEDIA__r5__sNA | CONTROL/MEDIA__r8__sNA | CONTROL/MEDIA__r10__sNA | LMO7/hCTZ__r5__sNA | LMO7/hCTZ__r9__sNA | PSAM/uPSEM__r2__sNA,DREADD_CNO | DREADD_CNO | EYFP_Control_Media | EYFP_Control_Media | EYFP_Control_Media | LMO7_hCTZ | LMO7_hCTZ | PSAM_uPSEM,EYFP_Control_Media,LMO7_hCTZ,8,7,1067.1875,1318.5714285714287,251.38392857142867,1.5113995842472656,0.3100789944785284,-157.32854410288434,660.0964012457416,False
4,8,DREADD/CNO__r3__sNA | DREADD/CNO__r5__sNA | CONTROL/MEDIA__r5__sNA | CONTROL/MEDIA__r8__sNA | CONTROL/MEDIA__r10__sNA | LMO7/hCTZ__r5__sNA | LMO7/hCTZ__r9__sNA | PSAM/uPSEM__r2__sNA,DREADD_CNO | DREADD_CNO | EYFP_Control_Media | EYFP_Control_Media | EYFP_Control_Media | LMO7_hCTZ | LMO7_hCTZ | PSAM_uPSEM,EYFP_Control_Media,PSAM_uPSEM,8,11,1067.1875,1114.7727272727273,47.58522727272725,0.31866186160034043,0.976981573924921,-319.36041932988314,414.53087387533765,False
5,7,DREADD/CNO__r7__sNA | CONTROL/MEDIA__r6__sNA | LMO7/hCTZ__r2__sNA | LMO7/hCTZ__r3__sNA | PSAM/uPSEM__r2__sNA | PSAM/uPSEM__r9__sNA | PSAM/uPSEM__r12__sNA,DREADD_CNO | EYFP_Control_Media | LMO7_hCTZ | LMO7_hCTZ | PSAM_uPSEM | PSAM_uPSEM | PSAM_uPSEM,EYFP_Control_Media,DREADD_CNO,10,11,1339.0,1535.0,196.0,1.378459708222269,0.3923636074176935,-154.97803716422044,546.9780371642205,False
5,7,DREADD/CNO__r7__sNA | CONTROL/MEDIA__r6__sNA | LMO7/hCTZ__r2__sNA | LMO7/hCTZ__r3__sNA | PSAM/uPSEM__r2__sNA | PSAM/uPSEM__r9__sNA | PSAM/uPSEM__r12__sNA,DREADD_CNO | EYFP_Control_Media | LMO7_hCTZ | LMO7_hCTZ | PSAM_uPSEM | PSAM_uPSEM | PSAM_uPSEM,EYFP_Control_Media,LMO7_hCTZ,10,7,1339.0,1430.7142857142858,91.71428571428578,0.5718904669473308,0.8965958615049789,-304.146130323619,487.57470175219055,False
5,7,DREADD/CNO__r7__sNA | CONTROL/MEDIA__r6__sNA | LMO7/hCTZ__r2__sNA | LMO7/hCTZ__r3__sNA | PSAM/uPSEM__r2__sNA | PSAM/uPSEM__r9__sNA | PSAM/uPSEM__r12__sNA,DREADD_CNO | EYFP_Control_Media | LMO7_hCTZ | LMO7_hCTZ | PSAM_uPSEM | PSAM_uPSEM | PSAM_uPSEM,EYFP_Control_Media,PSAM_uPSEM,10,9,1339.0,969.1666666666666,-369.83333333333337,-2.473442483580806,0.04939314628615621,-738.9147524740051,-0.7519141926616726,True
6,6,DREADD/CNO__r3__sNA | DREADD/CNO__r7__sNA | PSAM/uPSEM__r2__sNA | PSAM/uPSEM__r8__sNA | PSAM/uPSEM__r9__sNA | PSAM/uPSEM__r12__sNA,DREADD_CNO | DREADD_CNO | PSAM_uPSEM | PSAM_uPSEM | PSAM_uPSEM | PSAM_uPSEM,EYFP_Control_Media,DREADD_CNO,11,10,1299.7727272727273,1594.25,294.47727272727275,1.9942122711603218,0.13651787879022415,-69.95491253082741,658.9094579853729,False
6,6,DREADD/CNO__r3__sNA | DREADD/CNO__r7__sNA | PSAM/uPSEM__r2__sNA | PSAM/uPSEM__r8__sNA | PSAM/uPSEM__r9__sNA | PSAM/uPSEM__r12__sNA,DREADD_CNO | DREADD_CNO | PSAM_uPSEM | PSAM_uPSEM | PSAM_uPSEM | PSAM_uPSEM,EYFP_Control_Media,LMO7_hCTZ,11,9,1299.7727272727273,1357.2222222222222,57.44949494949492,0.37820017141781426,0.9667066813174467,-317.4378851793753,432.33687507836515,False
6,6,DREADD/CNO__r3__sNA | DREADD/CNO__r7__sNA | PSAM/uPSEM__r2__sNA | PSAM/uPSEM__r8__sNA | PSAM/uPSEM__r9__sNA | PSAM/uPSEM__r12__sNA,DREADD_CNO | DREADD_CNO | PSAM_uPSEM | PSAM_uPSEM | PSAM_uPSEM | PSAM_uPSEM,EYFP_Control_Media,PSAM_uPSEM,11,8,1299.7727272727273,964.375,-335.39772727272725,-2.135785126705444,0.10270426315855563,-722.9576715907067,52.16221704525225,False
7,8,DREADD/CNO__r3__sNA | DREADD/CNO__r10__sNA | CONTROL/MEDIA__r1__sNA | CONTROL/MEDIA__r9__sNA | LMO7/hCTZ__r3__sNA | LMO7/hCTZ__r7__sNA | PSAM/uPSEM__r2__sNA | PSAM/uPSEM__r9__sNA,DREADD_CNO | DREADD_CNO | EYFP_Control_Media | EYFP_Control_Media | LMO7_hCTZ | LMO7_hCTZ | PSAM_uPSEM | PSAM_uPSEM,EYFP_Control_Media,DREADD_CNO,9,10,1331.111111111111,1576.0,244.8888888888889,1.6082718945695436,0.2702347269915074,-130.82113054762868,620.5989083254065,False
7,8,DREADD/CNO__r3__sNA | DREADD/CNO__r10__sNA | CONTROL/MEDIA__r1__sNA | CONTROL/MEDIA__r9__sNA | LMO7/hCTZ__r3__sNA | LMO7/hCTZ__r7__sNA | PSAM/uPSEM__r2__sNA | PSAM/uPSEM__r9__sNA,DREADD_CNO | DREADD_CNO | EYFP_Control_Media | EYFP_Control_Media | LMO7_hCTZ | LMO7_hCTZ | PSAM_uPSEM | PSAM_uPSEM,EYFP_Control_Media,LMO7_hCTZ,9,7,1331.111111111111,1463.2142857142858,132.1031746031747,0.7909872357004404,0.7702465694001993,-279.98195961133155,544.188308817681,False
7,8,DREADD/CNO__r3__sNA | DREADD/CNO__r10__sNA | CONTROL/MEDIA__r1__sNA | CONTROL/MEDIA__r9__sNA | LMO7/hCTZ__r3__sNA | LMO7/hCTZ__r7__sNA | PSAM/uPSEM__r2__sNA | PSAM/uPSEM__r9__sNA,DREADD_CNO | DREADD_CNO | EYFP_Control_Media | EYFP_Control_Media | LMO7_hCTZ | LMO7_hCTZ | PSAM_uPSEM | PSAM_uPSEM,EYFP_Control_Media,PSAM_uPSEM,9,10,1331.111111111111,1022.75,-308.3611111111111,-2.025116413522743,0.12653397484321482,-684.0711305476286,67.34890832540651,False
8,8,DREADD/CNO__r3__sNA | DREADD/CNO__r5__sNA | DREADD/CNO__r7__sNA | CONTROL/MEDIA__r1__sNA | LMO7/hCTZ__r4__sNA | LMO7/hCTZ__r5__sNA | PSAM/uPSEM__r2__sNA | PSAM/uPSEM__r9__sNA,DREADD_CNO | DREADD_CNO | DREADD_CNO | EYFP_Control_Media | LMO7_hCTZ | LMO7_hCTZ | PSAM_uPSEM | PSAM_uPSEM,EYFP_Control_Media,DREADD_CNO,10,9,1293.0,1643.888888888889,350.8888888888889,2.199760233694725,0.09032207687023897,-43.96521651366788,745.7429942914457,False
8,8,DREADD/CNO__r3__sNA | DREADD/CNO__r5__sNA | DREADD/CNO__r7__sNA | CONTROL/MEDIA__r1__sNA | LMO7/hCTZ__r4__sNA | LMO7/hCTZ__r5__sNA | PSAM/uPSEM__r2__sNA | PSAM/uPSEM__r9__sNA,DREADD_CNO | DREADD_CNO | DREADD_CNO | EYFP_Control_Media | LMO7_hCTZ | LMO7_hCTZ | PSAM_uPSEM | PSAM_uPSEM,EYFP_Control_Media,LMO7_hCTZ,10,7,1293.0,1318.5714285714287,25.57142857142867,0.14946545433456154,0.9977151535178193,-397.93163154701074,449.0744886898681,False
8,8,DREADD/CNO__r3__sNA | DREADD/CNO__r5__sNA | DREADD/CNO__r7__sNA | CONTROL/MEDIA__r1__sNA | LMO7/hCTZ__r4__sNA | LMO7/hCTZ__r5__sNA | PSAM/uPSEM__r2__sNA | PSAM/uPSEM__r9__sNA,DREADD_CNO | DREADD_CNO | DREADD_CNO | EYFP_Control_Media | LMO7_hCTZ | LMO7_hCTZ | PSAM_uPSEM | PSAM_uPSEM,EYFP_Control_Media,PSAM_uPSEM,10,10,1293.0,1022.75,-270.25,-1.7406521109370008,0.219253073765736,-654.572764706312,114.072764706312,False
9,8,DREADD/CNO__r3__sNA | DREADD/CNO__r4__sNA | DREADD/CNO__r5__sNA | CONTROL/MEDIA__r9__sNA | CONTROL/MEDIA__r11__sNA | LMO7/hCTZ__r4__sNA | PSAM/uPSEM__r2__sNA | PSAM/uPSEM__r9__sNA,DREADD_CNO | DREADD_CNO | DREADD_CNO | EYFP_Control_Media | EYFP_Control_Media | LMO7_hCTZ | PSAM_uPSEM | PSAM_uPSEM,EYFP_Control_Media,DREADD_CNO,9,9,1337.2222222222222,1632.7777777777778,295.55555555555566,1.8160331964559462,0.18777730871845644,-105.93655861001264,697.047669721124,False
9,8,DREADD/CNO__r3__sNA | DREADD/CNO__r4__sNA | DREADD/CNO__r5__sNA | CONTROL/MEDIA__r9__sNA | CONTROL/MEDIA__r11__sNA | LMO7/hCTZ__r4__sNA | PSAM/uPSEM__r2__sNA | PSAM/uPSEM__r9__sNA,DREADD_CNO | DREADD_CNO | DREADD_CNO | EYFP_Control_Media | EYFP_Control_Media | LMO7_hCTZ | PSAM_uPSEM | PSAM_uPSEM,EYFP_Control_Media,LMO7_hCTZ,9,8,1337.2222222222222,1330.3125,-6.909722222222172,-0.041188955136957084,0.9999487943548973,-420.7583208615178,406.93887641707346,False
9,8,DREADD/CNO__r3__sNA | DREADD/CNO__r4__sNA | DREADD/CNO__r5__sNA | CONTROL/MEDIA__r9__sNA | CONTROL/MEDIA__r11__sNA | LMO7/hCTZ__r4__sNA | PSAM/uPSEM__r2__sNA | PSAM/uPSEM__r9__sNA,DREADD_CNO | DREADD_CNO | DREADD_CNO | EYFP_Control_Media | EYFP_Control_Media | LMO7_hCTZ | PSAM_uPSEM | PSAM_uPSEM,EYFP_Control_Media,PSAM_uPSEM,9,10,1337.2222222222222,1022.75,-314.4722222222222,-1.9824632385423187,0.1373352651612434,-705.7983290056577,76.85388456121342,False
10,8,CONTROL/MEDIA__r1__sNA | CONTROL/MEDIA__r5__sNA | CONTROL/MEDIA__r8__sNA | CONTROL/MEDIA__r10__sNA | CONTROL/MEDIA__r11__sNA | LMO7/hCTZ__r2__sNA | PSAM/uPSEM__r2__sNA | PSAM/uPSEM__r12__sNA,EYFP_Control_Media | EYFP_Control_Media | EYFP_Control_Media | EYFP_Control_Media | EYFP_Control_Media | LMO7_hCTZ | PSAM_uPSEM | PSAM_uPSEM,EYFP_Control_Media,DREADD_CNO,6,12,976.25,1506.25,530.0,3.2147154106081173,0.007715661929166284,128.7806201653147,931.2193798346852,True
10,8,CONTROL/MEDIA__r1__sNA | CONTROL/MEDIA__r5__sNA | CONTROL/MEDIA__r8__sNA | CONTROL/MEDIA__r10__sNA | CONTROL/MEDIA__r11__sNA | LMO7/hCTZ__r2__sNA | PSAM/uPSEM__r2__sNA | PSAM/uPSEM__r12__sNA,EYFP_Control_Media | EYFP_Control_Media | EYFP_Control_Media | EYFP_Control_Media | EYFP_Control_Media | LMO7_hCTZ | PSAM_uPSEM | PSAM_uPSEM,EYFP_Control_Media,LMO7_hCTZ,6,8,976.25,1330.9375,354.6875,1.9917698357223805,0.12508960571321048,-78.67896064743445,788.0539606474345,False
10,8,CONTROL/MEDIA__r1__sNA | CONTROL/MEDIA__r5__sNA | CONTROL/MEDIA__r8__sNA | CONTROL/MEDIA__r10__sNA | CONTROL/MEDIA__r11__sNA | LMO7/hCTZ__r2__sNA | PSAM/uPSEM__r2__sNA | PSAM/uPSEM__r12__sNA,EYFP_Control_Media | EYFP_Control_Media | EYFP_Control_Media | EYFP_Control_Media | EYFP_Control_Media | LMO7_hCTZ | PSAM_uPSEM | PSAM_uPSEM,EYFP_Control_Media,PSAM_uPSEM,6,10,976.25,1075.75,99.5,0.584353139237791,0.8678996937476858,-314.877593673441,513.877593673441,False
11,8,DREADD/CNO__r3__sNA | DREADD/CNO__r5__sNA | CONTROL/MEDIA__r4__sNA | CONTROL/MEDIA__r5__sNA | CONTROL/MEDIA__r6__sNA | LMO7/hCTZ__r1__sNA | PSAM/uPSEM__r2__sNA | PSAM/uPSEM__r9__sNA,DREADD_CNO | DREADD_CNO | EYFP_Control_Media | EYFP_Control_Media | EYFP_Control_Media | LMO7_hCTZ | PSAM_uPSEM | PSAM_uPSEM,EYFP_Control_Media,DREADD_CNO,8,10,1339.375,1598.5,259.125,1.6090602949113506,0.2637945447812361,-136.48051103927259,654.7305110392726,False
11,8,DREADD/CNO__r3__sNA | DREADD/CNO__r5__sNA | CONTROL/MEDIA__r4__sNA | CONTROL/MEDIA__r5__sNA | CONTROL/MEDIA__r6__sNA | LMO7/hCTZ__r1__sNA | PSAM/uPSEM__r2__sNA | PSAM/uPSEM__r9__sNA,DREADD_CNO | DREADD_CNO | EYFP_Control_Media | EYFP_Control_Media | EYFP_Control_Media | LMO7_hCTZ | PSAM_uPSEM | PSAM_uPSEM,EYFP_Control_Media,LMO7_hCTZ,8,8,1339.375,1371.5625,32.1875,0.18961448217062124,0.9948492319209975,-384.81732326632897,449.19232326632897,False
11,8,DREADD/CNO__r3__sNA | DREADD/CNO__r5__sNA | CONTROL/MEDIA__r4__sNA | CONTROL/MEDIA__r5__sNA | CONTROL/MEDIA__r6__sNA | LMO7/hCTZ__r1__sNA | PSAM/uPSEM__r2__sNA | PSAM/uPSEM__r9__sNA,DREADD_CNO | DREADD_CNO | EYFP_Control_Media | EYFP_Control_Media | EYFP_Control_Media | LMO7_hCTZ | PSAM_uPSEM | PSAM_uPSEM,EYFP_Control_Media,PSAM_uPSEM,8,10,1339.375,1022.75,-316.625,-1.9661117834107338,0.13876218470069868,-712.2305110392726,78.98051103927259,False
12,8,DREADD/CNO__r3__sNA | DREADD/CNO__r5__sNA | DREADD/CNO__r7__sNA | CONTROL/MEDIA__r4__sNA | CONTROL/MEDIA__r11__sNA | PSAM/uPSEM__r2__sNA | PSAM/uPSEM__r9__sNA | PSAM/uPSEM__r10__sNA,DREADD_CNO | DREADD_CNO | DREADD_CNO | EYFP_Control_Media | EYFP_Control_Media | PSAM_uPSEM | PSAM_uPSEM | PSAM_uPSEM,EYFP_Control_Media,DREADD_CNO,9,9,1332.2222222222222,1643.888888888889,311.66666666666674,1.913757830593155,0.15649883110500395,-90.05888232077837,713.3922156541119,False
12,8,DREADD/CNO__r3__sNA | DREADD/CNO__r5__sNA | DREADD/CNO__r7__sNA | CONTROL/MEDIA__r4__sNA | CONTROL/MEDIA__r11__sNA | PSAM/uPSEM__r2__sNA | PSAM/uPSEM__r9__sNA | PSAM/uPSEM__r10__sNA,DREADD_CNO | DREADD_CNO | DREADD_CNO | EYFP_Control_Media | EYFP_Control_Media | PSAM_uPSEM | PSAM_uPSEM | PSAM_uPSEM,EYFP_Control_Media,LMO7_hCTZ,9,9,1332.2222222222222,1357.2222222222222,25.0,0.1535099864112156,0.9973920149888629,-376.7255489874451,426.7255489874451,False
12,8,DREADD/CNO__r3__sNA | DREADD/CNO__r5__sNA | DREADD/CNO__r7__sNA | CONTROL/MEDIA__r4__sNA | CONTROL/MEDIA__r11__sNA | PSAM/uPSEM__r2__sNA | PSAM/uPSEM__r9__sNA | PSAM/uPSEM__r10__sNA,DREADD_CNO | DREADD_CNO | DREADD_CNO | EYFP_Control_Media | EYFP_Control_Media | PSAM_uPSEM | PSAM_uPSEM | PSAM_uPSEM,EYFP_Control_Media,PSAM_uPSEM,9,9,1332.2222222222222,1023.0555555555555,-309.16666666666663,-1.8984068319520326,0.1611482868392765,-710.8922156541117,92.55888232077848,False
13,6,DREADD/CNO__r8__sNA | CONTROL/MEDIA__r2__sNA | CONTROL/MEDIA__r8__sNA | CONTROL/MEDIA__r10__sNA | PSAM/uPSEM__r2__sNA | PSAM/uPSEM__r9__sNA,DREADD_CNO | EYFP_Control_Media | EYFP_Control_Media | EYFP_Control_Media | PSAM_uPSEM | PSAM_uPSEM,EYFP_Control_Media,DREADD_CNO,8,11,1197.1875,1480.0,282.8125,2.07269365261689,0.11039442142797828,-51.030798274923995,616.655798274924,False
13,6,DREADD/CNO__r8__sNA | CONTROL/MEDIA__r2__sNA | CONTROL/MEDIA__r8__sNA | CONTROL/MEDIA__r10__sNA | PSAM/uPSEM__r2__sNA | PSAM/uPSEM__r9__sNA,DREADD_CNO | EYFP_Control_Media | EYFP_Control_Media | EYFP_Control_Media | PSAM_uPSEM | PSAM_uPSEM,EYFP_Control_Media,LMO7_hCTZ,8,9,1197.1875,1357.2222222222222,160.03472222222217,1.12157414406668,0.5330722134646774,-189.07778699042143,509.1472314348658,False
13,6,DREADD/CNO__r8__sNA | CONTROL/MEDIA__r2__sNA | CONTROL/MEDIA__r8__sNA | CONTROL/MEDIA__r10__sNA | PSAM/uPSEM__r2__sNA | PSAM/uPSEM__r9__sNA,DREADD_CNO | EYFP_Control_Media | EYFP_Control_Media | EYFP_Control_Media | PSAM_uPSEM | PSAM_uPSEM,EYFP_Control_Media,PSAM_uPSEM,8,10,1197.1875,1022.75,-174.4375,-1.2523351655150348,0.44900970390419126,-515.2366140417337,166.36161404173367,False
14,6,DREADD/CNO__r3__sNA | CONTROL/MEDIA__r2__sNA | CONTROL/MEDIA__r3__sNA | PSAM/uPSEM__r2__sNA | PSAM/uPSEM__r9__sNA | PSAM/uPSEM__r10__sNA,DREADD_CNO | EYFP_Control_Media | EYFP_Control_Media | PSAM_uPSEM | PSAM_uPSEM | PSAM_uPSEM,EYFP_Control_Media,DREADD_CNO,9,11,1415.5555555555557,1557.5,141.94444444444434,0.9718897760464209,0.6446106390982753,-216.70105740270708,500.58994629159577,False
14,6,DREADD/CNO__r3__sNA | CONTROL/MEDIA__r2__sNA | CONTROL/MEDIA__r3__sNA | PSAM/uPSEM__r2__sNA | PSAM/uPSEM__r9__sNA | PSAM/uPSEM__r10__sNA,DREADD_CNO | EYFP_Control_Media | EYFP_Control_Media | PSAM_uPSEM | PSAM_uPSEM | PSAM_uPSEM,EYFP_Control_Media,LMO7_hCTZ,9,9,1415.5555555555557,1357.2222222222222,-58.333333333333485,-0.3808194009577572,0.963049395466694,-434.48390902705034,317.8172423603834,False
14,6,DREADD/CNO__r3__sNA | CONTROL/MEDIA__r2__sNA | CONTROL/MEDIA__r3__sNA | PSAM/uPSEM__r2__sNA | PSAM/uPSEM__r9__sNA | PSAM/uPSEM__r10__sNA,DREADD_CNO | EYFP_Control_Media | EYFP_Control_Media | PSAM_uPSEM | PSAM_uPSEM | PSAM_uPSEM,EYFP_Control_Media,PSAM_uPSEM,9,9,1415.5555555555557,1023.0555555555555,-392.5000000000001,-2.562370540730046,0.03912106503279156,-768.650575693717,-16.349424306283254,True
15,8,CONTROL/MEDIA__r1__sNA | CONTROL/MEDIA__r5__sNA | CONTROL/MEDIA__r6__sNA | CONTROL/MEDIA__r8__sNA | PSAM/uPSEM__r2__sNA | PSAM/uPSEM__r5__sNA | PSAM/uPSEM__r9__sNA | PSAM/uPSEM__r12__sNA,EYFP_Control_Media | EYFP_Control_Media | EYFP_Control_Media | EYFP_Control_Media | PSAM_uPSEM | PSAM_uPSEM | PSAM_uPSEM | PSAM_uPSEM,EYFP_Control_Media,DREADD_CNO,7,12,1188.5714285714287,1506.25,317.67857142857133,2.02890407745721,0.1198961058536705,-65.70077592941561,701.0579187865583,False
15,8,CONTROL/MEDIA__r1__sNA | CONTROL/MEDIA__r5__sNA | CONTROL/MEDIA__r6__sNA | CONTROL/MEDIA__r8__sNA | PSAM/uPSEM__r2__sNA | PSAM/uPSEM__r5__sNA | PSAM/uPSEM__r9__sNA | PSAM/uPSEM__r12__sNA,EYFP_Control_Media | EYFP_Control_Media | EYFP_Control_Media | EYFP_Control_Media | PSAM_uPSEM | PSAM_uPSEM | PSAM_uPSEM | PSAM_uPSEM,EYFP_Control_Media,LMO7_hCTZ,7,9,1188.5714285714287,1357.2222222222222,168.6507936507935,1.016504777135291,0.5986742964327199,-237.58788683411268,574.8894741356996,False
15,8,CONTROL/MEDIA__r1__sNA | CONTROL/MEDIA__r5__sNA | CONTROL/MEDIA__r6__sNA | CONTROL/MEDIA__r8__sNA | PSAM/uPSEM__r2__sNA | PSAM/uPSEM__r5__sNA | PSAM/uPSEM__r9__sNA | PSAM/uPSEM__r12__sNA,EYFP_Control_Media | EYFP_Control_Media | EYFP_Control_Media | EYFP_Control_Media | PSAM_uPSEM | PSAM_uPSEM | PSAM_uPSEM | PSAM_uPSEM,EYFP_Control_Media,PSAM_uPSEM,7,8,1188.5714285714287,969.375,-219.19642857142867,-1.2864491047441966,0.42379158455557986,-636.3953455077726,198.00248836491534,False
16,8,CONTROL/MEDIA__r9__sNA | CONTROL/MEDIA__r10__sNA | LMO7/hCTZ__r3__sNA | PSAM/uPSEM__r2__sNA | PSAM/uPSEM__r6__sNA | PSAM/uPSEM__r7__sNA | PSAM/uPSEM__r9__sNA | PSAM/uPSEM__r12__sNA,EYFP_Control_Media | EYFP_Control_Media | LMO7_hCTZ | PSAM_uPSEM | PSAM_uPSEM | PSAM_uPSEM | PSAM_uPSEM | PSAM_uPSEM,EYFP_Control_Media,DREADD_CNO,9,12,1254.4444444444443,1506.25,251.80555555555566,1.8499337838933376,0.17709643055265945,-84.19200606308596,587.8031171741973,False
16,8,CONTROL/MEDIA__r9__sNA | CONTROL/MEDIA__r10__sNA | LMO7/hCTZ__r3__sNA | PSAM/uPSEM__r2__sNA | PSAM/uPSEM__r6__sNA | PSAM/uPSEM__r7__sNA | PSAM/uPSEM__r9__sNA | PSAM/uPSEM__r12__sNA,EYFP_Control_Media | EYFP_Control_Media | LMO7_hCTZ | PSAM_uPSEM | PSAM_uPSEM | PSAM_uPSEM | PSAM_uPSEM | PSAM_uPSEM,EYFP_Control_Media,LMO7_hCTZ,9,8,1254.4444444444443,1447.8125,193.36805555555566,1.2891847610948675,0.44131388258595305,-176.88322437205153,563.6193354831628,False
16,8,CONTROL/MEDIA__r9__sNA | CONTROL/MEDIA__r10__sNA | LMO7/hCTZ__r3__sNA | PSAM/uPSEM__r2__sNA | PSAM/uPSEM__r6__sNA | PSAM/uPSEM__r7__sNA | PSAM/uPSEM__r9__sNA | PSAM/uPSEM__r12__sNA,EYFP_Control_Media | EYFP_Control_Media | LMO7_hCTZ | PSAM_uPSEM | PSAM_uPSEM | PSAM_uPSEM | PSAM_uPSEM | PSAM_uPSEM,EYFP_Control_Media,PSAM_uPSEM,9,7,1254.4444444444443,996.4285714285714,-258.0158730158729,-1.6586141013340412,0.24885677978544374,-642.0130862943205,125.98134026257469,False
17,5,DREADD/CNO__r10__sNA | CONTROL/MEDIA__r5__sNA | CONTROL/MEDIA__r10__sNA | PSAM/uPSEM__r2__sNA | PSAM/uPSEM__r9__sNA,DREADD_CNO | EYFP_Control_Media | EYFP_Control_Media | PSAM_uPSEM | PSAM_uPSEM,EYFP_Control_Media,DREADD_CNO,9,11,1173.3333333333333,1518.409090909091,345.07575757575773,2.3434341331335147,0.06322257163891587,-15.77148271527119,705.9229978667867,False
17,5,DREADD/CNO__r10__sNA | CONTROL/MEDIA__r5__sNA | CONTROL/MEDIA__r10__sNA | PSAM/uPSEM__r2__sNA | PSAM/uPSEM__r9__sNA,DREADD_CNO | EYFP_Control_Media | EYFP_Control_Media | PSAM_uPSEM | PSAM_uPSEM,EYFP_Control_Media,LMO7_hCTZ,9,9,1173.3333333333333,1357.2222222222222,183.8888888888889,1.1906865484848577,0.49493911284435876,-194.57088956612301,562.3486673439008,False
17,5,DREADD/CNO__r10__sNA | CONTROL/MEDIA__r5__sNA | CONTROL/MEDIA__r10__sNA | PSAM/uPSEM__r2__sNA | PSAM/uPSEM__r9__sNA,DREADD_CNO | EYFP_Control_Media | EYFP_Control_Media | PSAM_uPSEM | PSAM_uPSEM,EYFP_Control_Media,PSAM_uPSEM,9,10,1173.3333333333333,1022.75,-150.58333333333326,-1.0003617151885502,0.6227319973395533,-519.4602961716296,218.29362950496312,False
18,6,DREADD/CNO__r9__sNA | CONTROL/MEDIA__r8__sNA | LMO7/hCTZ__r3__sNA | PSAM/uPSEM__r2__sNA | PSAM/uPSEM__r3__sNA | PSAM/uPSEM__r9__sNA,DREADD_CNO | EYFP_Control_Media | LMO7_hCTZ | PSAM_uPSEM | PSAM_uPSEM | PSAM_uPSEM,EYFP_Control_Media,DREADD_CNO,10,11,1227.5,1509.7727272727273,282.27272727272725,2.023581661033498,0.12687256160241966,-61.51104894444239,626.0565034898968,False
18,6,DREADD/CNO__r9__sNA | CONTROL/MEDIA__r8__sNA | LMO7/hCTZ__r3__sNA | PSAM/uPSEM__r2__sNA | PSAM/uPSEM__r3__sNA | PSAM/uPSEM__r9__sNA,DREADD_CNO | EYFP_Control_Media | LMO7_hCTZ | PSAM_uPSEM | PSAM_uPSEM | PSAM_uPSEM,EYFP_Control_Media,LMO7_hCTZ,10,8,1227.5,1447.8125,220.3125,1.454832518795575,0.34757074093995677,-152.90614513189854,593.5311451318985,False
18,6,DREADD/CNO__r9__sNA | CONTROL/MEDIA__r8__sNA | LMO7/hCTZ__r3__sNA | PSAM/uPSEM__r2__sNA | PSAM/uPSEM__r3__sNA | PSAM/uPSEM__r9__sNA,DREADD_CNO | EYFP_Control_Media | LMO7_hCTZ | PSAM_uPSEM | PSAM_uPSEM | PSAM_uPSEM,EYFP_Control_Media,PSAM_uPSEM,10,9,1227.5,1031.111111111111,-196.3888888888889,-1.3388332440310866,0.4130515486376187,-557.9049684389142,165.12719066113647,False
19,7,DREADD/CNO__r3__sNA | DREADD/CNO__r7__sNA | DREADD/CNO__r9__sNA | DREADD/CNO__r10__sNA | CONTROL/MEDIA__r8__sNA | CONTROL/MEDIA__r10__sNA | LMO7/hCTZ__r3__sNA,DREADD_CNO | DREADD_CNO | DREADD_CNO | DREADD_CNO | EYFP_Control_Media | EYFP_Control_Media | LMO7_hCTZ,EYFP_Control_Media,DREADD_CNO,9,8,1135.2777777777778,1637.8125,502.5347222222222,3.109418332004157,0.01049859823174204,104.61609355820337,900.453350886241,True
19,7,DREADD/CNO__r3__sNA | DREADD/CNO__r7__sNA | DREADD/CNO__r9__sNA | DREADD/CNO__r10__sNA | CONTROL/MEDIA__r8__sNA | CONTROL/MEDIA__r10__sNA | LMO7/hCTZ__r3__sNA,DREADD_CNO | DREADD_CNO | DREADD_CNO | DREADD_CNO | EYFP_Control_Media | EYFP_Control_Media | LMO7_hCTZ,EYFP_Control_Media,LMO7_hCTZ,9,8,1135.2777777777778,1447.8125,312.5347222222222,1.9337991022158096,0.149935656854289,-85.38390644179663,710.453350886241,False
19,7,DREADD/CNO__r3__sNA | DREADD/CNO__r7__sNA | DREADD/CNO__r9__sNA | DREADD/CNO__r10__sNA | CONTROL/MEDIA__r8__sNA | CONTROL/MEDIA__r10__sNA | LMO7/hCTZ__r3__sNA,DREADD_CNO | DREADD_CNO | DREADD_CNO | DREADD_CNO | EYFP_Control_Media | EYFP_Control_Media | LMO7_hCTZ,EYFP_Control_Media,PSAM_uPSEM,9,12,1135.2777777777778,1181.4583333333333,46.18055555555543,0.3148710093929567,0.9787000231967112,-314.92471592354775,407.2858270346586,False
20,8,DREADD/CNO__r3__sNA | CONTROL/MEDIA__r3__sNA | CONTROL/MEDIA__r9__sNA | LMO7/hCTZ__r2__sNA | LMO7/hCTZ__r4__sNA | LMO7/hCTZ__r8__sNA | PSAM/uPSEM__r2__sNA | PSAM/uPSEM__r9__sNA,DREADD_CNO | EYFP_Control_Media | EYFP_Control_Media | LMO7_hCTZ | LMO7_hCTZ | LMO7_hCTZ | PSAM_uPSEM | PSAM_uPSEM,EYFP_Control_Media,DREADD_CNO,9,11,1381.111111111111,1557.5,176.3888888888889,1.1468460188971588,0.5324466403967905,-203.30465683744814,556.082434615226,False
20,8,DREADD/CNO__r3__sNA | CONTROL/MEDIA__r3__sNA | CONTROL/MEDIA__r9__sNA | LMO7/hCTZ__r2__sNA | LMO7/hCTZ__r4__sNA | LMO7/hCTZ__r8__sNA | PSAM/uPSEM__r2__sNA | PSAM/uPSEM__r9__sNA,DREADD_CNO | EYFP_Control_Media | EYFP_Control_Media | LMO7_hCTZ | LMO7_hCTZ | LMO7_hCTZ | PSAM_uPSEM | PSAM_uPSEM,EYFP_Control_Media,LMO7_hCTZ,9,6,1381.111111111111,1247.5,-133.6111111111111,-0.7408411774893632,0.8023615134244434,-578.8412588056235,311.6190365834013,False
20,8,DREADD/CNO__r3__sNA | CONTROL/MEDIA__r3__sNA | CONTROL/MEDIA__r9__sNA | LMO7/hCTZ__r2__sNA | LMO7/hCTZ__r4__sNA | LMO7/hCTZ__r8__sNA | PSAM/uPSEM__r2__sNA | PSAM/uPSEM__r9__sNA,DREADD_CNO | EYFP_Control_Media | EYFP_Control_Media | LMO7_hCTZ | LMO7_hCTZ | LMO7_hCTZ | PSAM_uPSEM | PSAM_uPSEM,EYFP_Control_Media,PSAM_uPSEM,9,10,1381.111111111111,1022.75,-358.3611111111111,-2.279274417649879,0.0753681336573031,-746.5037551947247,29.781532972502532,False
21,8,DREADD/CNO__r5__sNA | DREADD/CNO__r11__sNA | DREADD/CNO__r12__sNA | CONTROL/MEDIA__r10__sNA | PSAM/uPSEM__r2__sNA | PSAM/uPSEM__r8__sNA | PSAM/uPSEM__r9__sNA | PSAM/uPSEM__r12__sNA,DREADD_CNO | DREADD_CNO | DREADD_CNO | EYFP_Control_Media | PSAM_uPSEM | PSAM_uPSEM | PSAM_uPSEM | PSAM_uPSEM,EYFP_Control_Media,DREADD_CNO,10,9,1224.0,1540.8333333333333,316.83333333333326,2.0637209619508194,0.1190857694815457,-62.736207087455455,696.402873754122,False
21,8,DREADD/CNO__r5__sNA | DREADD/CNO__r11__sNA | DREADD/CNO__r12__sNA | CONTROL/MEDIA__r10__sNA | PSAM/uPSEM__r2__sNA | PSAM/uPSEM__r8__sNA | PSAM/uPSEM__r9__sNA | PSAM/uPSEM__r12__sNA,DREADD_CNO | DREADD_CNO | DREADD_CNO | EYFP_Control_Media | PSAM_uPSEM | PSAM_uPSEM | PSAM_uPSEM | PSAM_uPSEM,EYFP_Control_Media,LMO7_hCTZ,10,9,1224.0,1357.2222222222222,133.22222222222217,0.8677543164576652,0.7268713349651306,-246.34731819856654,512.7917626430109,False
21,8,DREADD/CNO__r5__sNA | DREADD/CNO__r11__sNA | DREADD/CNO__r12__sNA | CONTROL/MEDIA__r10__sNA | PSAM/uPSEM__r2__sNA | PSAM/uPSEM__r8__sNA | PSAM/uPSEM__r9__sNA | PSAM/uPSEM__r12__sNA,DREADD_CNO | DREADD_CNO | DREADD_CNO | EYFP_Control_Media | PSAM_uPSEM | PSAM_uPSEM | PSAM_uPSEM | PSAM_uPSEM,EYFP_Control_Media,PSAM_uPSEM,10,8,1224.0,964.375,-259.625,-1.6380641485115492,0.2614147939258916,-651.481511017462,132.23151101746197,False
22,8,DREADD/CNO__r3__sNA | DREADD/CNO__r4__sNA | CONTROL/MEDIA__r4__sNA | CONTROL/MEDIA__r8__sNA | PSAM/uPSEM__r1__sNA | PSAM/uPSEM__r2__sNA | PSAM/uPSEM__r6__sNA | PSAM/uPSEM__r9__sNA,DREADD_CNO | DREADD_CNO | EYFP_Control_Media | EYFP_Control_Media | PSAM_uPSEM | PSAM_uPSEM | PSAM_uPSEM | PSAM_uPSEM,EYFP_Control_Media,DREADD_CNO,9,10,1253.3333333333333,1584.25,330.91666666666674,2.1640130747363715,0.0954931344235248,-46.330592709965686,708.1639260432992,False
22,8,DREADD/CNO__r3__sNA | DREADD/CNO__r4__sNA | CONTROL/MEDIA__r4__sNA | CONTROL/MEDIA__r8__sNA | PSAM/uPSEM__r1__sNA | PSAM/uPSEM__r2__sNA | PSAM/uPSEM__r6__sNA | PSAM/uPSEM__r9__sNA,DREADD_CNO | DREADD_CNO | EYFP_Control_Media | EYFP_Control_Media | PSAM_uPSEM | PSAM_uPSEM | PSAM_uPSEM | PSAM_uPSEM,EYFP_Control_Media,LMO7_hCTZ,9,9,1253.3333333333333,1357.2222222222222,103.88888888888891,0.662174029144715,0.8468514740048652,-283.1586326149891,490.9364103927669,False
22,8,DREADD/CNO__r3__sNA | DREADD/CNO__r4__sNA | CONTROL/MEDIA__r4__sNA | CONTROL/MEDIA__r8__sNA | PSAM/uPSEM__r1__sNA | PSAM/uPSEM__r2__sNA | PSAM/uPSEM__r6__sNA | PSAM/uPSEM__r9__sNA,DREADD_CNO | DREADD_CNO | EYFP_Control_Media | EYFP_Control_Media | PSAM_uPSEM | PSAM_uPSEM | PSAM_uPSEM | PSAM_uPSEM,EYFP_Control_Media,PSAM_uPSEM,9,8,1253.3333333333333,1019.6875,-233.64583333333326,-1.4447630075492672,0.3504839912676667,-632.6052866568361,165.31361999016968,False
23,8,DREADD/CNO__r4__sNA | CONTROL/MEDIA__r2__sNA | CONTROL/MEDIA__r3__sNA | LMO7/hCTZ__r8__sNA | PSAM/uPSEM__r2__sNA | PSAM/uPSEM__r9__sNA | PSAM/uPSEM__r11__sNA | PSAM/uPSEM__r12__sNA,DREADD_CNO | EYFP_Control_Media | EYFP_Control_Media | LMO7_hCTZ | PSAM_uPSEM | PSAM_uPSEM | PSAM_uPSEM | PSAM_uPSEM,EYFP_Control_Media,DREADD_CNO,9,11,1415.5555555555557,1525.909090909091,110.35353535353534,0.7360947212985088,0.8042579658582082,-259.55029608658805,480.2573667936587,False
23,8,DREADD/CNO__r4__sNA | CONTROL/MEDIA__r2__sNA | CONTROL/MEDIA__r3__sNA | LMO7/hCTZ__r8__sNA | PSAM/uPSEM__r2__sNA | PSAM/uPSEM__r9__sNA | PSAM/uPSEM__r11__sNA | PSAM/uPSEM__r12__sNA,DREADD_CNO | EYFP_Control_Media | EYFP_Control_Media | LMO7_hCTZ | PSAM_uPSEM | PSAM_uPSEM | PSAM_uPSEM | PSAM_uPSEM,EYFP_Control_Media,LMO7_hCTZ,9,8,1415.5555555555557,1328.125,-87.43055555555566,-0.5394483615256034,0.9082472403694356,-487.32893267883776,312.46782156772645,False
23,8,DREADD/CNO__r4__sNA | CONTROL/MEDIA__r2__sNA | CONTROL/MEDIA__r3__sNA | LMO7/hCTZ__r8__sNA | PSAM/uPSEM__r2__sNA | PSAM/uPSEM__r9__sNA | PSAM/uPSEM__r11__sNA | PSAM/uPSEM__r12__sNA,DREADD_CNO | EYFP_Control_Media | EYFP_Control_Media | LMO7_hCTZ | PSAM_uPSEM | PSAM_uPSEM | PSAM_uPSEM | PSAM_uPSEM,EYFP_Control_Media,PSAM_uPSEM,9,8,1415.5555555555557,978.4375,-437.11805555555566,-2.6970275707886473,0.029430744283507893,-837.0164326788378,-37.219678432273554,True
24,8,DREADD/CNO__r3__sNA | DREADD/CNO__r9__sNA | CONTROL/MEDIA__r2__sNA | CONTROL/MEDIA__r7__sNA | CONTROL/MEDIA__r8__sNA | PSAM/uPSEM__r2__sNA | PSAM/uPSEM__r9__sNA | PSAM/uPSEM__r11__sNA,DREADD_CNO | DREADD_CNO | EYFP_Control_Media | EYFP_Control_Media | EYFP_Control_Media | PSAM_uPSEM | PSAM_uPSEM | PSAM_uPSEM,EYFP_Control_Media,DREADD_CNO,8,10,1273.4375,1566.5,293.0625,1.9297827310560343,0.14858930567182937,-79.96043577015155,666.0854357701515,False
24,8,DREADD/CNO__r3__sNA | DREADD/CNO__r9__sNA | CONTROL/MEDIA__r2__sNA | CONTROL/MEDIA__r7__sNA | CONTROL/MEDIA__r8__sNA | PSAM/uPSEM__r2__sNA | PSAM/uPSEM__r9__sNA | PSAM/uPSEM__r11__sNA,DREADD_CNO | DREADD_CNO | EYFP_Control_Media | EYFP_Control_Media | EYFP_Control_Media | PSAM_uPSEM | PSAM_uPSEM | PSAM_uPSEM,EYFP_Control_Media,LMO7_hCTZ,8,9,1273.4375,1357.2222222222222,83.78472222222217,0.5385748217529609,0.9039467546643637,-298.33767110253575,465.9071155469801,False
24,8,DREADD/CNO__r3__sNA | DREADD/CNO__r9__sNA | CONTROL/MEDIA__r2__sNA | CONTROL/MEDIA__r7__sNA | CONTROL/MEDIA__r8__sNA | PSAM/uPSEM__r2__sNA | PSAM/uPSEM__r9__sNA | PSAM/uPSEM__r11__sNA,DREADD_CNO | DREADD_CNO | EYFP_Control_Media | EYFP_Control_Media | EYFP_Control_Media | PSAM_uPSEM | PSAM_uPSEM | PSAM_uPSEM,EYFP_Control_Media,PSAM_uPSEM,8,9,1273.4375,1036.9444444444443,-236.49305555555566,-1.5201960675339496,0.3048296574363485,-618.6154488803136,145.62933776920227,False
25,7,DREADD/CNO__r3__sNA | DREADD/CNO__r9__sNA | CONTROL/MEDIA__r10__sNA | LMO7/hCTZ__r2__sNA | PSAM/uPSEM__r2__sNA | PSAM/uPSEM__r3__sNA | PSAM/uPSEM__r9__sNA,DREADD_CNO | DREADD_CNO | EYFP_Control_Media | LMO7_hCTZ | PSAM_uPSEM | PSAM_uPSEM | PSAM_uPSEM,EYFP_Control_Media,DREADD_CNO,10,10,1224.0,1566.5,342.5,2.3201806889163925,0.06913971360432258,-21.93214671736297,706.9321467173629,False
25,7,DREADD/CNO__r3__sNA | DREADD/CNO__r9__sNA | CONTROL/MEDIA__r10__sNA | LMO7/hCTZ__r2__sNA | PSAM/uPSEM__r2__sNA | PSAM/uPSEM__r3__sNA | PSAM/uPSEM__r9__sNA,DREADD_CNO | DREADD_CNO | EYFP_Control_Media | LMO7_hCTZ | PSAM_uPSEM | PSAM_uPSEM | PSAM_uPSEM,EYFP_Control_Media,LMO7_hCTZ,10,8,1224.0,1330.9375,106.9375,0.6829910263489721,0.839254859550464,-279.60116333932723,493.47616333932723,False
25,7,DREADD/CNO__r3__sNA | DREADD/CNO__r9__sNA | CONTROL/MEDIA__r10__sNA | LMO7/hCTZ__r2__sNA | PSAM/uPSEM__r2__sNA | PSAM/uPSEM__r3__sNA | PSAM/uPSEM__r9__sNA,DREADD_CNO | DREADD_CNO | EYFP_Control_Media | LMO7_hCTZ | PSAM_uPSEM | PSAM_uPSEM | PSAM_uPSEM,EYFP_Control_Media,PSAM_uPSEM,10,9,1224.0,1031.111111111111,-192.8888888888889,-1.2718265751676674,0.4556881852406197,-567.307326948315,181.52954917053722,False
26,7,DREADD/CNO__r4__sNA | CONTROL/MEDIA__r2__sNA | CONTROL/MEDIA__r4__sNA | CONTROL/MEDIA__r10__sNA | LMO7/hCTZ__r1__sNA | PSAM/uPSEM__r2__sNA | PSAM/uPSEM__r9__sNA,DREADD_CNO | EYFP_Control_Media | EYFP_Control_Media | EYFP_Control_Media | LMO7_hCTZ | PSAM_uPSEM | PSAM_uPSEM,EYFP_Control_Media,DREADD_CNO,8,11,1325.625,1525.909090909091,200.284090909091,1.330153979922776,0.4049344708284618,-169.00219974434873,569.5703815625307,False
26,7,DREADD/CNO__r4__sNA | CONTROL/MEDIA__r2__sNA | CONTROL/MEDIA__r4__sNA | CONTROL/MEDIA__r10__sNA | LMO7/hCTZ__r1__sNA | PSAM/uPSEM__r2__sNA | PSAM/uPSEM__r9__sNA,DREADD_CNO | EYFP_Control_Media | EYFP_Control_Media | EYFP_Control_Media | LMO7_hCTZ | PSAM_uPSEM | PSAM_uPSEM,EYFP_Control_Media,LMO7_hCTZ,8,8,1325.625,1371.5625,45.9375,0.283522990627439,0.9832243821394544,-351.43492363335525,443.30992363335525,False
26,7,DREADD/CNO__r4__sNA | CONTROL/MEDIA__r2__sNA | CONTROL/MEDIA__r4__sNA | CONTROL/MEDIA__r10__sNA | LMO7/hCTZ__r1__sNA | PSAM/uPSEM__r2__sNA | PSAM/uPSEM__r9__sNA,DREADD_CNO | EYFP_Control_Media | EYFP_Control_Media | EYFP_Control_Media | LMO7_hCTZ | PSAM_uPSEM | PSAM_uPSEM,EYFP_Control_Media,PSAM_uPSEM,8,10,1325.625,1022.75,-302.875,-1.9704394650512396,0.13646440265406845,-679.8555814068175,74.10558140681741,False
27,8,DREADD/CNO__r5__sNA | CONTROL/MEDIA__r6__sNA | CONTROL/MEDIA__r9__sNA | CONTROL/MEDIA__r11__sNA | PSAM/uPSEM__r2__sNA | PSAM/uPSEM__r8__sNA | PSAM/uPSEM__r9__sNA | PSAM/uPSEM__r12__sNA,DREADD_CNO | EYFP_Control_Media | EYFP_Control_Media | EYFP_Control_Media | PSAM_uPSEM | PSAM_uPSEM | PSAM_uPSEM | PSAM_uPSEM,EYFP_Control_Media,DREADD_CNO,8,11,1390.9375,1538.8636363636363,147.92613636363626,0.9124478741177982,0.6807493731457971,-250.36847384951858,546.220746576791,False
27,8,DREADD/CNO__r5__sNA | CONTROL/MEDIA__r6__sNA | CONTROL/MEDIA__r9__sNA | CONTROL/MEDIA__r11__sNA | PSAM/uPSEM__r2__sNA | PSAM/uPSEM__r8__sNA | PSAM/uPSEM__r9__sNA | PSAM/uPSEM__r12__sNA,DREADD_CNO | EYFP_Control_Media | EYFP_Control_Media | EYFP_Control_Media | PSAM_uPSEM | PSAM_uPSEM | PSAM_uPSEM | PSAM_uPSEM,EYFP_Control_Media,LMO7_hCTZ,8,9,1390.9375,1357.2222222222222,-33.71527777777783,-0.1988690245577167,0.9940848663189835,-450.2269510565305,382.7963955009748,False
27,8,DREADD/CNO__r5__sNA | CONTROL/MEDIA__r6__sNA | CONTROL/MEDIA__r9__sNA | CONTROL/MEDIA__r11__sNA | PSAM/uPSEM__r2__sNA | PSAM/uPSEM__r8__sNA | PSAM/uPSEM__r9__sNA | PSAM/uPSEM__r12__sNA,DREADD_CNO | EYFP_Control_Media | EYFP_Control_Media | EYFP_Control_Media | PSAM_uPSEM | PSAM_uPSEM | PSAM_uPSEM | PSAM_uPSEM,EYFP_Control_Media,PSAM_uPSEM,8,8,1390.9375,964.375,-426.5625,-2.445182520732566,0.05135092967620003,-855.1494759758699,2.0244759758699047,False
28,8,DREADD/CNO__r2__sNA | DREADD/CNO__r3__sNA | CONTROL/MEDIA__r2__sNA | CONTROL/MEDIA__r6__sNA | CONTROL/MEDIA__r7__sNA | PSAM/uPSEM__r1__sNA | PSAM/uPSEM__r2__sNA | PSAM/uPSEM__r9__sNA,DREADD_CNO | DREADD_CNO | EYFP_Control_Media | EYFP_Control_Media | EYFP_Control_Media | PSAM_uPSEM | PSAM_uPSEM | PSAM_uPSEM,EYFP_Control_Media,DREADD_CNO,8,10,1412.8125,1536.5,123.6875,0.7875741706195519,0.7636260191097318,-262.0732598071826,509.4482598071826,False
28,8,DREADD/CNO__r2__sNA | DREADD/CNO__r3__sNA | CONTROL/MEDIA__r2__sNA | CONTROL/MEDIA__r6__sNA | CONTROL/MEDIA__r7__sNA | PSAM/uPSEM__r1__sNA | PSAM/uPSEM__r2__sNA | PSAM/uPSEM__r9__sNA,DREADD_CNO | DREADD_CNO | EYFP_Control_Media | EYFP_Control_Media | EYFP_Control_Media | PSAM_uPSEM | PSAM_uPSEM | PSAM_uPSEM,EYFP_Control_Media,LMO7_hCTZ,8,9,1412.8125,1357.2222222222222,-55.59027777777783,-0.3455393752693727,0.9709084337313512,-450.7612194357115,339.58066388015584,False
28,8,DREADD/CNO__r2__sNA | DREADD/CNO__r3__sNA | CONTROL/MEDIA__r2__sNA | CONTROL/MEDIA__r6__sNA | CONTROL/MEDIA__r7__sNA | PSAM/uPSEM__r1__sNA | PSAM/uPSEM__r2__sNA | PSAM/uPSEM__r9__sNA,DREADD_CNO | DREADD_CNO | EYFP_Control_Media | EYFP_Control_Media | EYFP_Control_Media | PSAM_uPSEM | PSAM_uPSEM | PSAM_uPSEM,EYFP_Control_Media,PSAM_uPSEM,8,9,1412.8125,1006.9444444444445,-405.86805555555554,-2.5228043457362235,0.04311198112971237,-801.0389972134892,-10.697113897621875,True
29,4,DREADD/CNO__r3__sNA | CONTROL/MEDIA__r1__sNA | PSAM/uPSEM__r2__sNA | PSAM/uPSEM__r9__sNA,DREADD_CNO | EYFP_Control_Media | PSAM_uPSEM | PSAM_uPSEM,EYFP_Control_Media,DREADD_CNO,10,11,1293.0,1557.5,264.5,1.7542347380710162,0.2079037413963094,-105.42120369087417,634.4212036908741,False
29,4,DREADD/CNO__r3__sNA | CONTROL/MEDIA__r1__sNA | PSAM/uPSEM__r2__sNA | PSAM/uPSEM__r9__sNA,DREADD_CNO | EYFP_Control_Media | PSAM_uPSEM | PSAM_uPSEM,EYFP_Control_Media,LMO7_hCTZ,10,9,1293.0,1357.2222222222222,64.22222222222217,0.4050467188772097,0.9572315005851545,-324.7794484565938,453.22389290103814,False
29,4,DREADD/CNO__r3__sNA | CONTROL/MEDIA__r1__sNA | PSAM/uPSEM__r2__sNA | PSAM/uPSEM__r9__sNA,DREADD_CNO | EYFP_Control_Media | PSAM_uPSEM | PSAM_uPSEM,EYFP_Control_Media,PSAM_uPSEM,10,10,1293.0,1022.75,-270.25,-1.7511608529143254,0.20910234189734012,-648.8764230385505,108.3764230385504,False
30,6,DREADD/CNO__r4__sNA | CONTROL/MEDIA__r5__sNA | LMO7/hCTZ__r5__sNA | PSAM/uPSEM__r2__sNA | PSAM/uPSEM__r9__sNA | PSAM/uPSEM__r12__sNA,DREADD_CNO | EYFP_Control_Media | LMO7_hCTZ | PSAM_uPSEM | PSAM_uPSEM | PSAM_uPSEM,EYFP_Control_Media,DREADD_CNO,10,11,1261.75,1525.909090909091,264.159090909091,1.7269825042465095,0.2213762143701602,-112.81787675499083,641.1360585731728,False
30,6,DREADD/CNO__r4__sNA | CONTROL/MEDIA__r5__sNA | LMO7/hCTZ__r5__sNA | PSAM/uPSEM__r2__sNA | PSAM/uPSEM__r9__sNA | PSAM/uPSEM__r12__sNA,DREADD_CNO | EYFP_Control_Media | LMO7_hCTZ | PSAM_uPSEM | PSAM_uPSEM | PSAM_uPSEM,EYFP_Control_Media,LMO7_hCTZ,10,8,1261.75,1350.3125,88.5625,0.5333278831720529,0.9125734404288101,-320.6913474783714,497.8163474783714,False
30,6,DREADD/CNO__r4__sNA | CONTROL/MEDIA__r5__sNA | LMO7/hCTZ__r5__sNA | PSAM/uPSEM__r2__sNA | PSAM/uPSEM__r9__sNA | PSAM/uPSEM__r12__sNA,DREADD_CNO | EYFP_Control_Media | LMO7_hCTZ | PSAM_uPSEM | PSAM_uPSEM | PSAM_uPSEM,EYFP_Control_Media,PSAM_uPSEM,10,9,1261.75,969.1666666666666,-292.58333333333337,-1.8189875181732584,0.18760699590362273,-689.0047029807622,103.8380363140954,False
31,7,DREADD/CNO__r2__sNA | DREADD/CNO__r3__sNA | DREADD/CNO__r7__sNA | PSAM/uPSEM__r2__sNA | PSAM/uPSEM__r7__sNA | PSAM/uPSEM__r9__sNA | PSAM/uPSEM__r12__sNA,DREADD_CNO | DREADD_CNO | DREADD_CNO | PSAM_uPSEM | PSAM_uPSEM | PSAM_uPSEM | PSAM_uPSEM,EYFP_Control_Media,DREADD_CNO,11,9,1299.7727272727273,1575.0,275.22727272727275,1.7965701070591455,0.19981249000508772,-103.50172306568027,653.9562685202258,False
31,7,DREADD/CNO__r2__sNA | DREADD/CNO__r3__sNA | DREADD/CNO__r7__sNA | PSAM/uPSEM__r2__sNA | PSAM/uPSEM__r7__sNA | PSAM/uPSEM__r9__sNA | PSAM/uPSEM__r12__sNA,DREADD_CNO | DREADD_CNO | DREADD_CNO | PSAM_uPSEM | PSAM_uPSEM | PSAM_uPSEM | PSAM_uPSEM,EYFP_Control_Media,LMO7_hCTZ,11,9,1299.7727272727273,1357.2222222222222,57.44949494949492,0.3750066055197315,0.9677912841181284,-321.2795008434581,436.17849074244793,False
31,7,DREADD/CNO__r2__sNA | DREADD/CNO__r3__sNA | DREADD/CNO__r7__sNA | PSAM/uPSEM__r2__sNA | PSAM/uPSEM__r7__sNA | PSAM/uPSEM__r9__sNA | PSAM/uPSEM__r12__sNA,DREADD_CNO | DREADD_CNO | DREADD_CNO | PSAM_uPSEM | PSAM_uPSEM | PSAM_uPSEM | PSAM_uPSEM,EYFP_Control_Media,PSAM_uPSEM,11,8,1299.7727272727273,985.0,-314.77272727272725,-1.9875210436506248,0.13944044842115888,-706.3041479107451,76.75869336529058,False
32,7,CONTROL/MEDIA__r4__sNA | CONTROL/MEDIA__r10__sNA | LMO7/hCTZ__r7__sNA | PSAM/uPSEM__r2__sNA | PSAM/uPSEM__r4__sNA | PSAM/uPSEM__r9__sNA | PSAM/uPSEM__r12__sNA,EYFP_Control_Media | EYFP_Control_Media | LMO7_hCTZ | PSAM_uPSEM | PSAM_uPSEM | PSAM_uPSEM | PSAM_uPSEM,EYFP_Control_Media,DREADD_CNO,9,12,1249.4444444444443,1506.25,256.80555555555566,1.7415726048733822,0.21357594514925582,-106.2587090054949,619.8698201166062,False
32,7,CONTROL/MEDIA__r4__sNA | CONTROL/MEDIA__r10__sNA | LMO7/hCTZ__r7__sNA | PSAM/uPSEM__r2__sNA | PSAM/uPSEM__r4__sNA | PSAM/uPSEM__r9__sNA | PSAM/uPSEM__r12__sNA,EYFP_Control_Media | EYFP_Control_Media | LMO7_hCTZ | PSAM_uPSEM | PSAM_uPSEM | PSAM_uPSEM | PSAM_uPSEM,EYFP_Control_Media,LMO7_hCTZ,9,8,1249.4444444444443,1359.375,109.93055555555566,0.676542602601493,0.8380163593426878,-290.14677834568624,510.00788945679756,False
32,7,CONTROL/MEDIA__r4__sNA | CONTROL/MEDIA__r10__sNA | LMO7/hCTZ__r7__sNA | PSAM/uPSEM__r2__sNA | PSAM/uPSEM__r4__sNA | PSAM/uPSEM__r9__sNA | PSAM/uPSEM__r12__sNA,EYFP_Control_Media | EYFP_Control_Media | LMO7_hCTZ | PSAM_uPSEM | PSAM_uPSEM | PSAM_uPSEM | PSAM_uPSEM,EYFP_Control_Media,PSAM_uPSEM,9,8,1249.4444444444443,968.75,-280.69444444444434,-1.7274701198453766,0.21901750542697063,-680.7717783456862,119.38288945679756,False
33,8,DREADD/CNO__r12__sNA | CONTROL/MEDIA__r3__sNA | CONTROL/MEDIA__r8__sNA | LMO7/hCTZ__r3__sNA | LMO7/hCTZ__r4__sNA | LMO7/hCTZ__r6__sNA | PSAM/uPSEM__r2__sNA | PSAM/uPSEM__r9__sNA,DREADD_CNO | EYFP_Control_Media | EYFP_Control_Media | LMO7_hCTZ | LMO7_hCTZ | LMO7_hCTZ | PSAM_uPSEM | PSAM_uPSEM,EYFP_Control_Media,DREADD_CNO,9,11,1261.9444444444443,1492.2727272727273,230.3282828282829,1.596141040621317,0.27653281867790336,-125.91206560803471,586.5686312646005,False
33,8,DREADD/CNO__r12__sNA | CONTROL/MEDIA__r3__sNA | CONTROL/MEDIA__r8__sNA | LMO7/hCTZ__r3__sNA | LMO7/hCTZ__r4__sNA | LMO7/hCTZ__r6__sNA | PSAM/uPSEM__r2__sNA | PSAM/uPSEM__r9__sNA,DREADD_CNO | EYFP_Control_Media | EYFP_Control_Media | LMO7_hCTZ | LMO7_hCTZ | LMO7_hCTZ | PSAM_uPSEM | PSAM_uPSEM,EYFP_Control_Media,LMO7_hCTZ,9,6,1261.9444444444443,1454.1666666666667,192.2222222222224,1.1359945276937153,0.5397120712416761,-225.50661392545118,609.9510583698959,False
33,8,DREADD/CNO__r12__sNA | CONTROL/MEDIA__r3__sNA | CONTROL/MEDIA__r8__sNA | LMO7/hCTZ__r3__sNA | LMO7/hCTZ__r4__sNA | LMO7/hCTZ__r6__sNA | PSAM/uPSEM__r2__sNA | PSAM/uPSEM__r9__sNA,DREADD_CNO | EYFP_Control_Media | EYFP_Control_Media | LMO7_hCTZ | LMO7_hCTZ | LMO7_hCTZ | PSAM_uPSEM | PSAM_uPSEM,EYFP_Control_Media,PSAM_uPSEM,9,10,1261.9444444444443,1022.75,-239.19444444444434,-1.6214999437119388,0.2651498637918567,-603.3620009585582,124.97311206966953,False
34,8,DREADD/CNO__r3__sNA | DREADD/CNO__r4__sNA | DREADD/CNO__r5__sNA | DREADD/CNO__r7__sNA | CONTROL/MEDIA__r9__sNA | CONTROL/MEDIA__r10__sNA | LMO7/hCTZ__r4__sNA | PSAM/uPSEM__r2__sNA,DREADD_CNO | DREADD_CNO | DREADD_CNO | DREADD_CNO | EYFP_Control_Media | EYFP_Control_Media | LMO7_hCTZ | PSAM_uPSEM,EYFP_Control_Media,DREADD_CNO,9,8,1254.4444444444443,1688.125,433.68055555555566,2.541865778770693,0.04210492173695113,12.71567788639129,854.64543322472,True
34,8,DREADD/CNO__r3__sNA | DREADD/CNO__r4__sNA | DREADD/CNO__r5__sNA | DREADD/CNO__r7__sNA | CONTROL/MEDIA__r9__sNA | CONTROL/MEDIA__r10__sNA | LMO7/hCTZ__r4__sNA | PSAM/uPSEM__r2__sNA,DREADD_CNO | DREADD_CNO | DREADD_CNO | DREADD_CNO | EYFP_Control_Media | EYFP_Control_Media | LMO7_hCTZ | PSAM_uPSEM,EYFP_Control_Media,LMO7_hCTZ,9,8,1254.4444444444443,1330.3125,75.86805555555566,0.4446738772309023,0.9449233827312163,-345.0968221136087,496.83293322472,False
34,8,DREADD/CNO__r3__sNA | DREADD/CNO__r4__sNA | DREADD/CNO__r5__sNA | DREADD/CNO__r7__sNA | CONTROL/MEDIA__r9__sNA | CONTROL/MEDIA__r10__sNA | LMO7/hCTZ__r4__sNA | PSAM/uPSEM__r2__sNA,DREADD_CNO | DREADD_CNO | DREADD_CNO | DREADD_CNO | EYFP_Control_Media | EYFP_Control_Media | LMO7_hCTZ | PSAM_uPSEM,EYFP_Control_Media,PSAM_uPSEM,9,11,1254.4444444444443,1114.7727272727273,-139.6717171717171,-0.8850176829072861,0.7085250274688432,-529.0619474389979,249.7185130955637,False
35,5,DREADD/CNO__r10__sNA | CONTROL/MEDIA__r2__sNA | CONTROL/MEDIA__r3__sNA | PSAM/uPSEM__r2__sNA | PSAM/uPSEM__r9__sNA,DREADD_CNO | EYFP_Control_Media | EYFP_Control_Media | PSAM_uPSEM | PSAM_uPSEM,EYFP_Control_Media,DREADD_CNO,9,11,1415.5555555555557,1518.409090909091,102.85353535353534,0.6840242139635437,0.8299847499014833,-265.62266127003585,471.3297319771065,False
35,5,DREADD/CNO__r10__sNA | CONTROL/MEDIA__r2__sNA | CONTROL/MEDIA__r3__sNA | PSAM/uPSEM__r2__sNA | PSAM/uPSEM__r9__sNA,DREADD_CNO | EYFP_Control_Media | EYFP_Control_Media | PSAM_uPSEM | PSAM_uPSEM,EYFP_Control_Media,LMO7_hCTZ,9,9,1415.5555555555557,1357.2222222222222,-58.333333333333485,-0.3698900959322266,0.9655074756406707,-444.7944286922195,328.12776202555256,False
35,5,DREADD/CNO__r10__sNA | CONTROL/MEDIA__r2__sNA | CONTROL/MEDIA__r3__sNA | PSAM/uPSEM__r2__sNA | PSAM/uPSEM__r9__sNA,DREADD_CNO | EYFP_Control_Media | EYFP_Control_Media | PSAM_uPSEM | PSAM_uPSEM,EYFP_Control_Media,PSAM_uPSEM,9,10,1415.5555555555557,1022.75,-392.80555555555566,-2.5554755365058015,0.039244818983710794,-769.4812374288224,-16.12987368228886,True
36,7,CONTROL/MEDIA__r8__sNA | LMO7/hCTZ__r2__sNA | LMO7/hCTZ__r8__sNA | PSAM/uPSEM__r2__sNA | PSAM/uPSEM__r5__sNA | PSAM/uPSEM__r9__sNA | PSAM/uPSEM__r12__sNA,EYFP_Control_Media | LMO7_hCTZ | LMO7_hCTZ | PSAM_uPSEM | PSAM_uPSEM | PSAM_uPSEM | PSAM_uPSEM,EYFP_Control_Media,DREADD_CNO,10,12,1227.5,1506.25,278.75,1.9496996404970484,0.14818187289363782,-74.21009810664646,631.7100981066465,False
36,7,CONTROL/MEDIA__r8__sNA | LMO7/hCTZ__r2__sNA | LMO7/hCTZ__r8__sNA | PSAM/uPSEM__r2__sNA | PSAM/uPSEM__r5__sNA | PSAM/uPSEM__r9__sNA | PSAM/uPSEM__r12__sNA,EYFP_Control_Media | LMO7_hCTZ | LMO7_hCTZ | PSAM_uPSEM | PSAM_uPSEM | PSAM_uPSEM | PSAM_uPSEM,EYFP_Control_Media,LMO7_hCTZ,10,7,1227.5,1293.9285714285713,66.42857142857133,0.40369467901193634,0.9592451532770961,-339.8092315412773,472.66637439842,False
36,7,CONTROL/MEDIA__r8__sNA | LMO7/hCTZ__r2__sNA | LMO7/hCTZ__r8__sNA | PSAM/uPSEM__r2__sNA | PSAM/uPSEM__r5__sNA | PSAM/uPSEM__r9__sNA | PSAM/uPSEM__r12__sNA,EYFP_Control_Media | LMO7_hCTZ | LMO7_hCTZ | PSAM_uPSEM | PSAM_uPSEM | PSAM_uPSEM | PSAM_uPSEM,EYFP_Control_Media,PSAM_uPSEM,10,8,1227.5,969.375,-258.125,-1.6297176269558835,0.26433763890425144,-649.1424625894281,132.89246258942802,False
37,8,DREADD/CNO__r3__sNA | DREADD/CNO__r5__sNA | DREADD/CNO__r11__sNA | LMO7/hCTZ__r4__sNA | LMO7/hCTZ__r5__sNA | PSAM/uPSEM__r2__sNA | PSAM/uPSEM__r4__sNA | PSAM/uPSEM__r9__sNA,DREADD_CNO | DREADD_CNO | DREADD_CNO | LMO7_hCTZ | LMO7_hCTZ | PSAM_uPSEM | PSAM_uPSEM | PSAM_uPSEM,EYFP_Control_Media,DREADD_CNO,11,9,1299.7727272727273,1620.5555555555557,320.7828282828284,2.0184686286187468,0.13236684213712535,-73.38379626553512,714.9494528311919,False
37,8,DREADD/CNO__r3__sNA | DREADD/CNO__r5__sNA | DREADD/CNO__r11__sNA | LMO7/hCTZ__r4__sNA | LMO7/hCTZ__r5__sNA | PSAM/uPSEM__r2__sNA | PSAM/uPSEM__r4__sNA | PSAM/uPSEM__r9__sNA,DREADD_CNO | DREADD_CNO | DREADD_CNO | LMO7_hCTZ | LMO7_hCTZ | PSAM_uPSEM | PSAM_uPSEM | PSAM_uPSEM,EYFP_Control_Media,LMO7_hCTZ,11,7,1299.7727272727273,1318.5714285714287,18.798701298701417,0.10996266320476333,0.9991195010378104,-405.208602555774,442.80600515317684,False
37,8,DREADD/CNO__r3__sNA | DREADD/CNO__r5__sNA | DREADD/CNO__r11__sNA | LMO7/hCTZ__r4__sNA | LMO7/hCTZ__r5__sNA | PSAM/uPSEM__r2__sNA | PSAM/uPSEM__r4__sNA | PSAM/uPSEM__r9__sNA,DREADD_CNO | DREADD_CNO | DREADD_CNO | LMO7_hCTZ | LMO7_hCTZ | PSAM_uPSEM | PSAM_uPSEM | PSAM_uPSEM,EYFP_Control_Media,PSAM_uPSEM,11,9,1299.7727272727273,1028.3333333333333,-271.439393939394,-1.7079838848321582,0.2357362592877843,-665.6060184877575,122.72723060896953,False
38,8,DREADD/CNO__r7__sNA | CONTROL/MEDIA__r4__sNA | CONTROL/MEDIA__r7__sNA | LMO7/hCTZ__r2__sNA | LMO7/hCTZ__r9__sNA | PSAM/uPSEM__r2__sNA | PSAM/uPSEM__r9__sNA | PSAM/uPSEM__r12__sNA,DREADD_CNO | EYFP_Control_Media | EYFP_Control_Media | LMO7_hCTZ | LMO7_hCTZ | PSAM_uPSEM | PSAM_uPSEM | PSAM_uPSEM,EYFP_Control_Media,DREADD_CNO,9,11,1317.2222222222222,1535.0,217.77777777777783,1.3640912400194454,0.3960562908712386,-176.17723424876482,611.7327898043204,False
38,8,DREADD/CNO__r7__sNA | CONTROL/MEDIA__r4__sNA | CONTROL/MEDIA__r7__sNA | LMO7/hCTZ__r2__sNA | LMO7/hCTZ__r9__sNA | PSAM/uPSEM__r2__sNA | PSAM/uPSEM__r9__sNA | PSAM/uPSEM__r12__sNA,DREADD_CNO | EYFP_Control_Media | EYFP_Control_Media | LMO7_hCTZ | LMO7_hCTZ | PSAM_uPSEM | PSAM_uPSEM | PSAM_uPSEM,EYFP_Control_Media,LMO7_hCTZ,9,7,1317.2222222222222,1296.4285714285713,-20.79365079365084,-0.116163125361755,0.9988676263399344,-462.5053947442785,420.9180931569768,False
38,8,DREADD/CNO__r7__sNA | CONTROL/MEDIA__r4__sNA | CONTROL/MEDIA__r7__sNA | LMO7/hCTZ__r2__sNA | LMO7/hCTZ__r9__sNA | PSAM/uPSEM__r2__sNA | PSAM/uPSEM__r9__sNA | PSAM/uPSEM__r12__sNA,DREADD_CNO | EYFP_Control_Media | EYFP_Control_Media | LMO7_hCTZ | LMO7_hCTZ | PSAM_uPSEM | PSAM_uPSEM | PSAM_uPSEM,EYFP_Control_Media,PSAM_uPSEM,9,9,1317.2222222222222,969.1666666666666,-348.05555555555554,-2.078653427286023,0.11383472720321575,-761.239057949972,65.12794683886085,False
39,7,DREADD/CNO__r5__sNA | CONTROL/MEDIA__r2__sNA | CONTROL/MEDIA__r4__sNA | CONTROL/MEDIA__r5__sNA | CONTROL/MEDIA__r7__sNA | PSAM/uPSEM__r2__sNA | PSAM/uPSEM__r9__sNA,DREADD_CNO | EYFP_Control_Media | EYFP_Control_Media | EYFP_Control_Media | EYFP_Control_Media | PSAM_uPSEM | PSAM_uPSEM,EYFP_Control_Media,DREADD_CNO,7,11,1362.142857142857,1538.8636363636363,176.72077922077915,1.0804576306228022,0.551568352307741,-222.80750905405296,576.2490674956113,False
39,7,DREADD/CNO__r5__sNA | CONTROL/MEDIA__r2__sNA | CONTROL/MEDIA__r4__sNA | CONTROL/MEDIA__r5__sNA | CONTROL/MEDIA__r7__sNA | PSAM/uPSEM__r2__sNA | PSAM/uPSEM__r9__sNA,DREADD_CNO | EYFP_Control_Media | EYFP_Control_Media | EYFP_Control_Media | EYFP_Control_Media | PSAM_uPSEM | PSAM_uPSEM,EYFP_Control_Media,LMO7_hCTZ,7,9,1362.142857142857,1357.2222222222222,-4.920634920634939,-0.028863064569784217,0.999979495938102,-421.35480821386847,411.5135383725986,False
39,7,DREADD/CNO__r5__sNA | CONTROL/MEDIA__r2__sNA | CONTROL/MEDIA__r4__sNA | CONTROL/MEDIA__r5__sNA | CONTROL/MEDIA__r7__sNA | PSAM/uPSEM__r2__sNA | PSAM/uPSEM__r9__sNA,DREADD_CNO | EYFP_Control_Media | EYFP_Control_Media | EYFP_Control_Media | EYFP_Control_Media | PSAM_uPSEM | PSAM_uPSEM,EYFP_Control_Media,PSAM_uPSEM,7,10,1362.142857142857,1022.75,-339.3928571428571,-2.035814814587506,0.11692726204189674,-746.6156567641308,67.82994247841657,False
40,3,CONTROL/MEDIA__r8__sNA | PSAM/uPSEM__r2__sNA | PSAM/uPSEM__r9__sNA,EYFP_Control_Media | PSAM_uPSEM | PSAM_uPSEM,EYFP_Control_Media,DREADD_CNO,10,12,1227.5,1506.25,278.75,1.9643063704759844,0.13925183427492893,-68.72990306331047,626.2299030633105,False
40,3,CONTROL/MEDIA__r8__sNA | PSAM/uPSEM__r2__sNA | PSAM/uPSEM__r9__sNA,EYFP_Control_Media | PSAM_uPSEM | PSAM_uPSEM,EYFP_Control_Media,LMO7_hCTZ,10,9,1227.5,1357.2222222222222,129.72222222222217,0.8518711305493702,0.7282890189069111,-243.15385416362068,502.598298608065,False
40,3,CONTROL/MEDIA__r8__sNA | PSAM/uPSEM__r2__sNA | PSAM/uPSEM__r9__sNA,EYFP_Control_Media | PSAM_uPSEM | PSAM_uPSEM,EYFP_Control_Media,PSAM_uPSEM,10,10,1227.5,1022.75,-204.75,-1.3814144007169047,0.3822267302119149,-567.6809221018451,158.1809221018451,False
41,7,DREADD/CNO__r7__sNA | DREADD/CNO__r8__sNA | CONTROL/MEDIA__r1__sNA | CONTROL/MEDIA__r8__sNA | CONTROL/MEDIA__r10__sNA | LMO7/hCTZ__r3__sNA | PSAM/uPSEM__r2__sNA,DREADD_CNO | DREADD_CNO | EYFP_Control_Media | EYFP_Control_Media | EYFP_Control_Media | LMO7_hCTZ | PSAM_uPSEM,EYFP_Control_Media,DREADD_CNO,8,10,1106.25,1509.0,402.75,2.6470838952490823,0.03194169468443875,29.595570113640235,775.9044298863598,True
41,7,DREADD/CNO__r7__sNA | DREADD/CNO__r8__sNA | CONTROL/MEDIA__r1__sNA | CONTROL/MEDIA__r8__sNA | CONTROL/MEDIA__r10__sNA | LMO7/hCTZ__r3__sNA | PSAM/uPSEM__r2__sNA,DREADD_CNO | DREADD_CNO | EYFP_Control_Media | EYFP_Control_Media | EYFP_Control_Media | LMO7_hCTZ | PSAM_uPSEM,EYFP_Control_Media,LMO7_hCTZ,8,8,1106.25,1447.8125,341.5625,2.129725324330929,0.0994810729840998,-51.77680580750109,734.9018058075011,False
41,7,DREADD/CNO__r7__sNA | DREADD/CNO__r8__sNA | CONTROL/MEDIA__r1__sNA | CONTROL/MEDIA__r8__sNA | CONTROL/MEDIA__r10__sNA | LMO7/hCTZ__r3__sNA | PSAM/uPSEM__r2__sNA,DREADD_CNO | DREADD_CNO | EYFP_Control_Media | EYFP_Control_Media | EYFP_Control_Media | LMO7_hCTZ | PSAM_uPSEM,EYFP_Control_Media,PSAM_uPSEM,8,11,1106.25,1114.7727272727273,8.522727272727252,0.057182948194339556,0.9998527654859728,-357.0155048011565,374.060959346611,False
42,7,DREADD/CNO__r5__sNA | CONTROL/MEDIA__r4__sNA | CONTROL/MEDIA__r10__sNA | LMO7/hCTZ__r4__sNA | LMO7/hCTZ__r7__sNA | PSAM/uPSEM__r2__sNA | PSAM/uPSEM__r9__sNA,DREADD_CNO | EYFP_Control_Media | EYFP_Control_Media | LMO7_hCTZ | LMO7_hCTZ | PSAM_uPSEM | PSAM_uPSEM,EYFP_Control_Media,DREADD_CNO,9,11,1249.4444444444443,1538.8636363636363,289.4191919191919,1.908575423641733,0.15717144653014414,-83.9304973528379,662.7688811912217,False
42,7,DREADD/CNO__r5__sNA | CONTROL/MEDIA__r4__sNA | CONTROL/MEDIA__r10__sNA | LMO7/hCTZ__r4__sNA | LMO7/hCTZ__r7__sNA | PSAM/uPSEM__r2__sNA | PSAM/uPSEM__r9__sNA,DREADD_CNO | EYFP_Control_Media | EYFP_Control_Media | LMO7_hCTZ | LMO7_hCTZ | PSAM_uPSEM | PSAM_uPSEM,EYFP_Control_Media,LMO7_hCTZ,9,7,1249.4444444444443,1328.9285714285713,79.48412698412699,0.467487597028435,0.9364209735398235,-339.1244382513935,498.09269221964746,False
42,7,DREADD/CNO__r5__sNA | CONTROL/MEDIA__r4__sNA | CONTROL/MEDIA__r10__sNA | LMO7/hCTZ__r4__sNA | LMO7/hCTZ__r7__sNA | PSAM/uPSEM__r2__sNA | PSAM/uPSEM__r9__sNA,DREADD_CNO | EYFP_Control_Media | EYFP_Control_Media | LMO7_hCTZ | LMO7_hCTZ | PSAM_uPSEM | PSAM_uPSEM,EYFP_Control_Media,PSAM_uPSEM,9,10,1249.4444444444443,1022.75,-226.69444444444434,-1.4623951311333032,0.3397706604718591,-608.3520659471462,154.9631770582576,False
43,5,DREADD/CNO__r11__sNA | CONTROL/MEDIA__r7__sNA | CONTROL/MEDIA__r10__sNA | PSAM/uPSEM__r2__sNA | PSAM/uPSEM__r9__sNA,DREADD_CNO | EYFP_Control_Media | EYFP_Control_Media | PSAM_uPSEM | PSAM_uPSEM,EYFP_Control_Media,DREADD_CNO,9,11,1199.1666666666667,1515.909090909091,316.74242424242425,2.100537593871727,0.1056937557708878,-52.77716557953033,686.2620140643788,False
43,5,DREADD/CNO__r11__sNA | CONTROL/MEDIA__r7__sNA | CONTROL/MEDIA__r10__sNA | PSAM/uPSEM__r2__sNA | PSAM/uPSEM__r9__sNA,DREADD_CNO | EYFP_Control_Media | EYFP_Control_Media | PSAM_uPSEM | PSAM_uPSEM,EYFP_Control_Media,LMO7_hCTZ,9,9,1199.1666666666667,1357.2222222222222,158.05555555555543,0.9993960884753692,0.623447614022609,-229.49985982191566,545.6109709330265,False
43,5,DREADD/CNO__r11__sNA | CONTROL/MEDIA__r7__sNA | CONTROL/MEDIA__r10__sNA | PSAM/uPSEM__r2__sNA | PSAM/uPSEM__r9__sNA,DREADD_CNO | EYFP_Control_Media | EYFP_Control_Media | PSAM_uPSEM | PSAM_uPSEM,EYFP_Control_Media,PSAM_uPSEM,9,10,1199.1666666666667,1022.75,-176.41666666666674,-1.1444733626598944,0.525134741464049,-554.1589597567892,201.32562642345567,False
44,7,DREADD/CNO__r3__sNA | DREADD/CNO__r4__sNA | CONTROL/MEDIA__r5__sNA | CONTROL/MEDIA__r8__sNA | CONTROL/MEDIA__r9__sNA | LMO7/hCTZ__r3__sNA | PSAM/uPSEM__r2__sNA,DREADD_CNO | DREADD_CNO | EYFP_Control_Media | EYFP_Control_Media | EYFP_Control_Media | LMO7_hCTZ | PSAM_uPSEM,EYFP_Control_Media,DREADD_CNO,8,10,1205.625,1584.25,378.625,2.385828762156203,0.057758805046046136,-10.591080494674031,767.8410804946741,False
44,7,DREADD/CNO__r3__sNA | DREADD/CNO__r4__sNA | CONTROL/MEDIA__r5__sNA | CONTROL/MEDIA__r8__sNA | CONTROL/MEDIA__r9__sNA | LMO7/hCTZ__r3__sNA | PSAM/uPSEM__r2__sNA,DREADD_CNO | DREADD_CNO | EYFP_Control_Media | EYFP_Control_Media | EYFP_Control_Media | LMO7_hCTZ | PSAM_uPSEM,EYFP_Control_Media,LMO7_hCTZ,8,8,1205.625,1447.8125,242.1875,1.4477812986680787,0.3398313545971978,-168.0822721088685,652.4572721088684,False
44,7,DREADD/CNO__r3__sNA | DREADD/CNO__r4__sNA | CONTROL/MEDIA__r5__sNA | CONTROL/MEDIA__r8__sNA | CONTROL/MEDIA__r9__sNA | LMO7/hCTZ__r3__sNA | PSAM/uPSEM__r2__sNA,DREADD_CNO | DREADD_CNO | EYFP_Control_Media | EYFP_Control_Media | EYFP_Control_Media | LMO7_hCTZ | PSAM_uPSEM,EYFP_Control_Media,PSAM_uPSEM,8,11,1205.625,1114.7727272727273,-90.85227272727275,-0.5844152957998923,0.8810233205444449,-472.1243321319472,290.4197866774017,False
45,8,DREADD/CNO__r2__sNA | DREADD/CNO__r3__sNA | CONTROL/MEDIA__r8__sNA | CONTROL/MEDIA__r10__sNA | LMO7/hCTZ__r2__sNA | LMO7/hCTZ__r4__sNA | PSAM/uPSEM__r9__sNA | PSAM/uPSEM__r12__sNA,DREADD_CNO | DREADD_CNO | EYFP_Control_Media | EYFP_Control_Media | LMO7_hCTZ | LMO7_hCTZ | PSAM_uPSEM | PSAM_uPSEM,EYFP_Control_Media,DREADD_CNO,9,10,1135.2777777777778,1536.5,401.2222222222222,2.7054159077380433,0.028823119296638167,35.29551442804717,767.1489300163971,True
45,8,DREADD/CNO__r2__sNA | DREADD/CNO__r3__sNA | CONTROL/MEDIA__r8__sNA | CONTROL/MEDIA__r10__sNA | LMO7/hCTZ__r2__sNA | LMO7/hCTZ__r4__sNA | PSAM/uPSEM__r9__sNA | PSAM/uPSEM__r12__sNA,DREADD_CNO | DREADD_CNO | EYFP_Control_Media | EYFP_Control_Media | LMO7_hCTZ | LMO7_hCTZ | PSAM_uPSEM | PSAM_uPSEM,EYFP_Control_Media,LMO7_hCTZ,9,7,1135.2777777777778,1296.4285714285713,161.1507936507935,0.9907118056233569,0.6368806743264441,-240.20383809469809,562.5054253962851,False
45,8,DREADD/CNO__r2__sNA | DREADD/CNO__r3__sNA | CONTROL/MEDIA__r8__sNA | CONTROL/MEDIA__r10__sNA | LMO7/hCTZ__r2__sNA | LMO7/hCTZ__r4__sNA | PSAM/uPSEM__r9__sNA | PSAM/uPSEM__r12__sNA,DREADD_CNO | DREADD_CNO | EYFP_Control_Media | EYFP_Control_Media | LMO7_hCTZ | LMO7_hCTZ | PSAM_uPSEM | PSAM_uPSEM,EYFP_Control_Media,PSAM_uPSEM,9,10,1135.2777777777778,1063.75,-71.52777777777783,-0.4823072530064709,0.931541960286575,-437.45448557195283,294.3989300163972,False
46,7,CONTROL/MEDIA__r1__sNA | CONTROL/MEDIA__r2__sNA | LMO7/hCTZ__r5__sNA | PSAM/uPSEM__r2__sNA | PSAM/uPSEM__r9__sNA | PSAM/uPSEM__r10__sNA | PSAM/uPSEM__r12__sNA,EYFP_Control_Media | EYFP_Control_Media | LMO7_hCTZ | PSAM_uPSEM | PSAM_uPSEM | PSAM_uPSEM | PSAM_uPSEM,EYFP_Control_Media,DREADD_CNO,9,12,1365.5555555555557,1506.25,140.69444444444434,0.9286968006257146,0.6773393669873227,-232.31830317288347,513.7071920617722,False
46,7,CONTROL/MEDIA__r1__sNA | CONTROL/MEDIA__r2__sNA | LMO7/hCTZ__r5__sNA | PSAM/uPSEM__r2__sNA | PSAM/uPSEM__r9__sNA | PSAM/uPSEM__r10__sNA | PSAM/uPSEM__r12__sNA,EYFP_Control_Media | EYFP_Control_Media | LMO7_hCTZ | PSAM_uPSEM | PSAM_uPSEM | PSAM_uPSEM | PSAM_uPSEM,EYFP_Control_Media,LMO7_hCTZ,9,8,1365.5555555555557,1350.3125,-15.243055555555657,-0.09130794953196118,0.999441273863987,-426.2830838501143,395.79697273900297,False
46,7,CONTROL/MEDIA__r1__sNA | CONTROL/MEDIA__r2__sNA | LMO7/hCTZ__r5__sNA | PSAM/uPSEM__r2__sNA | PSAM/uPSEM__r9__sNA | PSAM/uPSEM__r10__sNA | PSAM/uPSEM__r12__sNA,EYFP_Control_Media | EYFP_Control_Media | LMO7_hCTZ | PSAM_uPSEM | PSAM_uPSEM | PSAM_uPSEM | PSAM_uPSEM,EYFP_Control_Media,PSAM_uPSEM,9,8,1365.5555555555557,962.8125,-402.74305555555566,-2.4124849809139204,0.05569627686917389,-813.7830838501143,8.296972739002968,False
47,7,DREADD/CNO__r3__sNA | DREADD/CNO__r5__sNA | DREADD/CNO__r7__sNA | DREADD/CNO__r11__sNA | CONTROL/MEDIA__r2__sNA | LMO7/hCTZ__r8__sNA | PSAM/uPSEM__r9__sNA,DREADD_CNO | DREADD_CNO | DREADD_CNO | DREADD_CNO | EYFP_Control_Media | LMO7_hCTZ | PSAM_uPSEM,EYFP_Control_Media,DREADD_CNO,10,8,1365.75,1674.375,308.625,1.8598334670763903,0.17529082555322995,-100.9471981981086,718.1971981981086,False
47,7,DREADD/CNO__r3__sNA | DREADD/CNO__r5__sNA | DREADD/CNO__r7__sNA | DREADD/CNO__r11__sNA | CONTROL/MEDIA__r2__sNA | LMO7/hCTZ__r8__sNA | PSAM/uPSEM__r9__sNA,DREADD_CNO | DREADD_CNO | DREADD_CNO | DREADD_CNO | EYFP_Control_Media | LMO7_hCTZ | PSAM_uPSEM,EYFP_Control_Media,LMO7_hCTZ,10,8,1365.75,1328.125,-37.625,-0.22673546925475638,0.9921113389444862,-447.1971981981086,371.9471981981086,False
47,7,DREADD/CNO__r3__sNA | DREADD/CNO__r5__sNA | DREADD/CNO__r7__sNA | DREADD/CNO__r11__sNA | CONTROL/MEDIA__r2__sNA | LMO7/hCTZ__r8__sNA | PSAM/uPSEM__r9__sNA,DREADD_CNO | DREADD_CNO | DREADD_CNO | DREADD_CNO | EYFP_Control_Media | LMO7_hCTZ | PSAM_uPSEM,EYFP_Control_Media,PSAM_uPSEM,10,11,1365.75,1103.8636363636363,-261.88636363636374,-1.7133015001765501,0.22847530766491853,-639.1565744543454,115.38384718161791,False
48,5,CONTROL/MEDIA__r2__sNA | CONTROL/MEDIA__r5__sNA | CONTROL/MEDIA__r6__sNA | PSAM/uPSEM__r2__sNA | PSAM/uPSEM__r9__sNA,EYFP_Control_Media | EYFP_Control_Media | EYFP_Control_Media | PSAM_uPSEM | PSAM_uPSEM,EYFP_Control_Media,DREADD_CNO,8,12,1383.75,1506.25,122.5,0.8093589609776183,0.7436372980896355,-246.7269014687539,491.7269014687539,False
48,5,CONTROL/MEDIA__r2__sNA | CONTROL/MEDIA__r5__sNA | CONTROL/MEDIA__r6__sNA | PSAM/uPSEM__r2__sNA | PSAM/uPSEM__r9__sNA,EYFP_Control_Media | EYFP_Control_Media | EYFP_Control_Media | PSAM_uPSEM | PSAM_uPSEM,EYFP_Control_Media,LMO7_hCTZ,8,9,1383.75,1357.2222222222222,-26.52777777777783,-0.16463688119078232,0.996463533064623,-419.59983063490034,366.5442750793447,False
48,5,CONTROL/MEDIA__r2__sNA | CONTROL/MEDIA__r5__sNA | CONTROL/MEDIA__r6__sNA | PSAM/uPSEM__r2__sNA | PSAM/uPSEM__r9__sNA,EYFP_Control_Media | EYFP_Control_Media | EYFP_Control_Media | PSAM_uPSEM | PSAM_uPSEM,EYFP_Control_Media,PSAM_uPSEM,8,10,1383.75,1022.75,-361.0,-2.295093668719978,0.06886709579955164,-744.7118517190656,22.71185171906569,False
49,8,DREADD/CNO__r7__sNA | CONTROL/MEDIA__r3__sNA | LMO7/hCTZ__r3__sNA | LMO7/hCTZ__r4__sNA | LMO7/hCTZ__r7__sNA | LMO7/hCTZ__r8__sNA | PSAM/uPSEM__r2__sNA | PSAM/uPSEM__r9__sNA,DREADD_CNO | EYFP_Control_Media | LMO7_hCTZ | LMO7_hCTZ | LMO7_hCTZ | LMO7_hCTZ | PSAM_uPSEM | PSAM_uPSEM,EYFP_Control_Media,DREADD_CNO,10,11,1338.0,1535.0,197.0,1.321393277586462,0.42999404089866466,-171.93872389504963,565.9387238950496,False
49,8,DREADD/CNO__r7__sNA | CONTROL/MEDIA__r3__sNA | LMO7/hCTZ__r3__sNA | LMO7/hCTZ__r4__sNA | LMO7/hCTZ__r7__sNA | LMO7/hCTZ__r8__sNA | PSAM/uPSEM__r2__sNA | PSAM/uPSEM__r9__sNA,DREADD_CNO | EYFP_Control_Media | LMO7_hCTZ | LMO7_hCTZ | LMO7_hCTZ | LMO7_hCTZ | PSAM_uPSEM | PSAM_uPSEM,EYFP_Control_Media,LMO7_hCTZ,10,5,1338.0,1416.0,78.0,0.41736223271791567,0.9560706810714361,-384.4891661869937,540.4891661869938,False
49,8,DREADD/CNO__r7__sNA | CONTROL/MEDIA__r3__sNA | LMO7/hCTZ__r3__sNA | LMO7/hCTZ__r4__sNA | LMO7/hCTZ__r7__sNA | LMO7/hCTZ__r8__sNA | PSAM/uPSEM__r2__sNA | PSAM/uPSEM__r9__sNA,DREADD_CNO | EYFP_Control_Media | LMO7_hCTZ | LMO7_hCTZ | LMO7_hCTZ | LMO7_hCTZ | PSAM_uPSEM | PSAM_uPSEM,EYFP_Control_Media,PSAM_uPSEM,10,10,1338.0,1022.75,-315.25,-2.0659474433866496,0.11940285701950082,-692.8708229077952,62.37082290779517,False
50,7,DREADD/CNO__r5__sNA | CONTROL/MEDIA__r7__sNA | CONTROL/MEDIA__r9__sNA | CONTROL/MEDIA__r10__sNA | LMO7/hCTZ__r3__sNA | PSAM/uPSEM__r9__sNA | PSAM/uPSEM__r12__sNA,DREADD_CNO | EYFP_Control_Media | EYFP_Control_Media | EYFP_Control_Media | LMO7_hCTZ | PSAM_uPSEM | PSAM_uPSEM,EYFP_Control_Media,DREADD_CNO,8,11,1230.3125,1538.8636363636363,308.55113636363626,1.983843550510407,0.13291009706715307,-72.89953206460024,690.0018047918727,False
50,7,DREADD/CNO__r5__sNA | CONTROL/MEDIA__r7__sNA | CONTROL/MEDIA__r9__sNA | CONTROL/MEDIA__r10__sNA | LMO7/hCTZ__r3__sNA | PSAM/uPSEM__r9__sNA | PSAM/uPSEM__r12__sNA,DREADD_CNO | EYFP_Control_Media | EYFP_Control_Media | EYFP_Control_Media | LMO7_hCTZ | PSAM_uPSEM | PSAM_uPSEM,EYFP_Control_Media,LMO7_hCTZ,8,8,1230.3125,1447.8125,217.5,1.2995859008563222,0.42307026764478484,-192.96196527274157,627.9619652727415,False
50,7,DREADD/CNO__r5__sNA | CONTROL/MEDIA__r7__sNA | CONTROL/MEDIA__r9__sNA | CONTROL/MEDIA__r10__sNA | LMO7/hCTZ__r3__sNA | PSAM/uPSEM__r9__sNA | PSAM/uPSEM__r12__sNA,DREADD_CNO | EYFP_Control_Media | EYFP_Control_Media | EYFP_Control_Media | LMO7_hCTZ | PSAM_uPSEM | PSAM_uPSEM,EYFP_Control_Media,PSAM_uPSEM,8,10,1230.3125,1063.75,-166.5625,-1.0490633281185577,0.5847304824439641,-555.96091093924,222.8359109392399,False
51,5,CONTROL/MEDIA__r7__sNA | CONTROL/MEDIA__r10__sNA | LMO7/hCTZ__r5__sNA | PSAM/uPSEM__r2__sNA | PSAM/uPSEM__r9__sNA,EYFP_Control_Media | EYFP_Control_Media | LMO7_hCTZ | PSAM_uPSEM | PSAM_uPSEM,EYFP_Control_Media,DREADD_CNO,9,12,1199.1666666666667,1506.25,307.08333333333326,2.0734391058724633,0.11185374099754752,-55.792007077628796,669.9586737442953,False
51,5,CONTROL/MEDIA__r7__sNA | CONTROL/MEDIA__r10__sNA | LMO7/hCTZ__r5__sNA | PSAM/uPSEM__r2__sNA | PSAM/uPSEM__r9__sNA,EYFP_Control_Media | EYFP_Control_Media | LMO7_hCTZ | PSAM_uPSEM | PSAM_uPSEM,EYFP_Control_Media,LMO7_hCTZ,9,8,1199.1666666666667,1350.3125,151.14583333333326,0.9261274904235198,0.6744652188626986,-248.7233162940629,551.0149829607294,False
51,5,CONTROL/MEDIA__r7__sNA | CONTROL/MEDIA__r10__sNA | LMO7/hCTZ__r5__sNA | PSAM/uPSEM__r2__sNA | PSAM/uPSEM__r9__sNA,EYFP_Control_Media | EYFP_Control_Media | LMO7_hCTZ | PSAM_uPSEM | PSAM_uPSEM,EYFP_Control_Media,PSAM_uPSEM,9,10,1199.1666666666667,1022.75,-176.41666666666674,-1.1431859412817929,0.5267262130243346,-554.52411480346,201.69078147012647,False
52,6,DREADD/CNO__r4__sNA | CONTROL/MEDIA__r6__sNA | CONTROL/MEDIA__r10__sNA | LMO7/hCTZ__r6__sNA | PSAM/uPSEM__r2__sNA | PSAM/uPSEM__r9__sNA,DREADD_CNO | EYFP_Control_Media | EYFP_Control_Media | LMO7_hCTZ | PSAM_uPSEM | PSAM_uPSEM,EYFP_Control_Media,DREADD_CNO,9,11,1259.1666666666667,1525.909090909091,266.74242424242425,1.7661435470697797,0.2025811841090971,-104.17338980374308,637.6582382885915,False
52,6,DREADD/CNO__r4__sNA | CONTROL/MEDIA__r6__sNA | CONTROL/MEDIA__r10__sNA | LMO7/hCTZ__r6__sNA | PSAM/uPSEM__r2__sNA | PSAM/uPSEM__r9__sNA,DREADD_CNO | EYFP_Control_Media | EYFP_Control_Media | LMO7_hCTZ | PSAM_uPSEM | PSAM_uPSEM,EYFP_Control_Media,LMO7_hCTZ,9,8,1259.1666666666667,1366.25,107.08333333333326,0.6558355809677343,0.8477256544571268,-293.9090854500701,508.0757521167366,False
52,6,DREADD/CNO__r4__sNA | CONTROL/MEDIA__r6__sNA | CONTROL/MEDIA__r10__sNA | LMO7/hCTZ__r6__sNA | PSAM/uPSEM__r2__sNA | PSAM/uPSEM__r9__sNA,DREADD_CNO | EYFP_Control_Media | EYFP_Control_Media | LMO7_hCTZ | PSAM_uPSEM | PSAM_uPSEM,EYFP_Control_Media,PSAM_uPSEM,9,10,1259.1666666666667,1022.75,-236.41666666666674,-1.531277317818298,0.30244647532550584,-615.5862533418904,142.75292000855688,False
53,8,DREADD/CNO__r3__sNA | DREADD/CNO__r5__sNA | CONTROL/MEDIA__r10__sNA | CONTROL/MEDIA__r11__sNA | LMO7/hCTZ__r2__sNA | LMO7/hCTZ__r5__sNA | PSAM/uPSEM__r9__sNA | PSAM/uPSEM__r12__sNA,DREADD_CNO | DREADD_CNO | EYFP_Control_Media | EYFP_Control_Media | LMO7_hCTZ | LMO7_hCTZ | PSAM_uPSEM | PSAM_uPSEM,EYFP_Control_Media,DREADD_CNO,9,10,1214.1666666666667,1598.5,384.33333333333326,2.378954882859526,0.0605761357317709,-14.292110340084207,782.9587770067508,False
53,8,DREADD/CNO__r3__sNA | DREADD/CNO__r5__sNA | CONTROL/MEDIA__r10__sNA | CONTROL/MEDIA__r11__sNA | LMO7/hCTZ__r2__sNA | LMO7/hCTZ__r5__sNA | PSAM/uPSEM__r9__sNA | PSAM/uPSEM__r12__sNA,DREADD_CNO | DREADD_CNO | EYFP_Control_Media | EYFP_Control_Media | LMO7_hCTZ | LMO7_hCTZ | PSAM_uPSEM | PSAM_uPSEM,EYFP_Control_Media,LMO7_hCTZ,9,7,1214.1666666666667,1319.2857142857142,105.11904761904748,0.5932331339671639,0.8832604021759614,-332.10011332811763,542.3382085662126,False
53,8,DREADD/CNO__r3__sNA | DREADD/CNO__r5__sNA | CONTROL/MEDIA__r10__sNA | CONTROL/MEDIA__r11__sNA | LMO7/hCTZ__r2__sNA | LMO7/hCTZ__r5__sNA | PSAM/uPSEM__r9__sNA | PSAM/uPSEM__r12__sNA,DREADD_CNO | DREADD_CNO | EYFP_Control_Media | EYFP_Control_Media | LMO7_hCTZ | LMO7_hCTZ | PSAM_uPSEM | PSAM_uPSEM,EYFP_Control_Media,PSAM_uPSEM,9,10,1214.1666666666667,1063.75,-150.41666666666674,-0.9310523771815801,0.6775188792974791,-549.0421103400843,248.20877700675072,False
54,7,CONTROL/MEDIA__r3__sNA | CONTROL/MEDIA__r9__sNA | LMO7/hCTZ__r3__sNA | LMO7/hCTZ__r6__sNA | PSAM/uPSEM__r2__sNA | PSAM/uPSEM__r9__sNA | PSAM/uPSEM__r10__sNA,EYFP_Control_Media | EYFP_Control_Media | LMO7_hCTZ | LMO7_hCTZ | PSAM_uPSEM | PSAM_uPSEM | PSAM_uPSEM,EYFP_Control_Media,DREADD_CNO,9,12,1381.111111111111,1506.25,125.13888888888891,0.848721784329335,0.7314114386542299,-237.93035748860484,488.20813526638267,False
54,7,CONTROL/MEDIA__r3__sNA | CONTROL/MEDIA__r9__sNA | LMO7/hCTZ__r3__sNA | LMO7/hCTZ__r6__sNA | PSAM/uPSEM__r2__sNA | PSAM/uPSEM__r9__sNA | PSAM/uPSEM__r10__sNA,EYFP_Control_Media | EYFP_Control_Media | LMO7_hCTZ | LMO7_hCTZ | PSAM_uPSEM | PSAM_uPSEM | PSAM_uPSEM,EYFP_Control_Media,LMO7_hCTZ,9,7,1381.111111111111,1471.0714285714287,89.96031746031758,0.5338657838719768,0.9100879448969319,-324.9759641139611,504.89659903459625,False
54,7,CONTROL/MEDIA__r3__sNA | CONTROL/MEDIA__r9__sNA | LMO7/hCTZ__r3__sNA | LMO7/hCTZ__r6__sNA | PSAM/uPSEM__r2__sNA | PSAM/uPSEM__r9__sNA | PSAM/uPSEM__r10__sNA,EYFP_Control_Media | EYFP_Control_Media | LMO7_hCTZ | LMO7_hCTZ | PSAM_uPSEM | PSAM_uPSEM | PSAM_uPSEM,EYFP_Control_Media,PSAM_uPSEM,9,9,1381.111111111111,1023.0555555555555,-358.05555555555554,-2.271577184393557,0.07570699101558642,-746.1929063037835,30.08179519267236,False
55,6,DREADD/CNO__r2__sNA | DREADD/CNO__r3__sNA | PSAM/uPSEM__r2__sNA | PSAM/uPSEM__r6__sNA | PSAM/uPSEM__r9__sNA | PSAM/uPSEM__r12__sNA,DREADD_CNO | DREADD_CNO | PSAM_uPSEM | PSAM_uPSEM | PSAM_uPSEM | PSAM_uPSEM,EYFP_Control_Media,DREADD_CNO,11,10,1299.7727272727273,1536.5,236.72727272727275,1.5834583055101594,0.2873594449819401,-132.23162628404657,605.6861717385921,False
55,6,DREADD/CNO__r2__sNA | DREADD/CNO__r3__sNA | PSAM/uPSEM__r2__sNA | PSAM/uPSEM__r6__sNA | PSAM/uPSEM__r9__sNA | PSAM/uPSEM__r12__sNA,DREADD_CNO | DREADD_CNO | PSAM_uPSEM | PSAM_uPSEM | PSAM_uPSEM | PSAM_uPSEM,EYFP_Control_Media,LMO7_hCTZ,11,9,1299.7727272727273,1357.2222222222222,57.44949494949492,0.3735600775699238,0.967836690121116,-322.0944658223166,436.9934557213064,False
55,6,DREADD/CNO__r2__sNA | DREADD/CNO__r3__sNA | PSAM/uPSEM__r2__sNA | PSAM/uPSEM__r6__sNA | PSAM/uPSEM__r9__sNA | PSAM/uPSEM__r12__sNA,DREADD_CNO | DREADD_CNO | PSAM_uPSEM | PSAM_uPSEM | PSAM_uPSEM | PSAM_uPSEM,EYFP_Control_Media,PSAM_uPSEM,11,8,1299.7727272727273,977.1875,-322.58522727272725,-2.028993487413021,0.1274925603743795,-714.9591616857324,69.7887071402779,False
56,5,DREADD/CNO__r10__sNA | CONTROL/MEDIA__r6__sNA | CONTROL/MEDIA__r10__sNA | PSAM/uPSEM__r2__sNA | PSAM/uPSEM__r9__sNA,DREADD_CNO | EYFP_Control_Media | EYFP_Control_Media | PSAM_uPSEM | PSAM_uPSEM,EYFP_Control_Media,DREADD_CNO,9,11,1259.1666666666667,1518.409090909091,259.24242424242425,1.7331297892761588,0.2131826562847885,-107.31048977116774,625.7953382560163,False
56,5,DREADD/CNO__r10__sNA | CONTROL/MEDIA__r6__sNA | CONTROL/MEDIA__r10__sNA | PSAM/uPSEM__r2__sNA | PSAM/uPSEM__r9__sNA,DREADD_CNO | EYFP_Control_Media | EYFP_Control_Media | PSAM_uPSEM | PSAM_uPSEM,EYFP_Control_Media,LMO7_hCTZ,9,9,1259.1666666666667,1357.2222222222222,98.05555555555543,0.6250300174177834,0.8629306586616432,-286.3883839844526,482.4994950955635,False
56,5,DREADD/CNO__r10__sNA | CONTROL/MEDIA__r6__sNA | CONTROL/MEDIA__r10__sNA | PSAM/uPSEM__r2__sNA | PSAM/uPSEM__r9__sNA,DREADD_CNO | EYFP_Control_Media | EYFP_Control_Media | PSAM_uPSEM | PSAM_uPSEM,EYFP_Control_Media,PSAM_uPSEM,9,10,1259.1666666666667,1022.75,-236.41666666666674,-1.5461262639573568,0.29318963653698404,-611.1262682471297,138.29293491379622,False
57,7,DREADD/CNO__r3__sNA | CONTROL/MEDIA__r8__sNA | CONTROL/MEDIA__r11__sNA | PSAM/uPSEM__r2__sNA | PSAM/uPSEM__r9__sNA | PSAM/uPSEM__r10__sNA | PSAM/uPSEM__r11__sNA,DREADD_CNO | EYFP_Control_Media | EYFP_Control_Media | PSAM_uPSEM | PSAM_uPSEM | PSAM_uPSEM | PSAM_uPSEM,EYFP_Control_Media,DREADD_CNO,9,11,1218.0555555555557,1557.5,339.44444444444434,2.258175053101324,0.07767070488579353,-30.578983776607174,709.4678726654959,False
57,7,DREADD/CNO__r3__sNA | CONTROL/MEDIA__r8__sNA | CONTROL/MEDIA__r11__sNA | PSAM/uPSEM__r2__sNA | PSAM/uPSEM__r9__sNA | PSAM/uPSEM__r10__sNA | PSAM/uPSEM__r11__sNA,DREADD_CNO | EYFP_Control_Media | EYFP_Control_Media | PSAM_uPSEM | PSAM_uPSEM | PSAM_uPSEM | PSAM_uPSEM,EYFP_Control_Media,LMO7_hCTZ,9,9,1218.0555555555557,1357.2222222222222,139.16666666666652,0.8827297888567874,0.7078207323423735,-248.91717888182535,527.2505122151583,False
57,7,DREADD/CNO__r3__sNA | CONTROL/MEDIA__r8__sNA | CONTROL/MEDIA__r11__sNA | PSAM/uPSEM__r2__sNA | PSAM/uPSEM__r9__sNA | PSAM/uPSEM__r10__sNA | PSAM/uPSEM__r11__sNA,DREADD_CNO | EYFP_Control_Media | EYFP_Control_Media | PSAM_uPSEM | PSAM_uPSEM | PSAM_uPSEM | PSAM_uPSEM,EYFP_Control_Media,PSAM_uPSEM,9,8,1218.0555555555557,1039.0625,-178.99305555555566,-1.1014486882834695,0.5588791520567833,-579.0207272536361,221.03461614252484,False
58,8,DREADD/CNO__r2__sNA | DREADD/CNO__r3__sNA | DREADD/CNO__r9__sNA | CONTROL/MEDIA__r1__sNA | CONTROL/MEDIA__r3__sNA | CONTROL/MEDIA__r8__sNA | PSAM/uPSEM__r2__sNA | PSAM/uPSEM__r9__sNA,DREADD_CNO | DREADD_CNO | DREADD_CNO | EYFP_Control_Media | EYFP_Control_Media | EYFP_Control_Media | PSAM_uPSEM | PSAM_uPSEM,EYFP_Control_Media,DREADD_CNO,8,9,1248.75,1544.1666666666667,295.41666666666674,1.8267686518601753,0.18007788606826036,-101.75875074003034,692.5920840733638,False
58,8,DREADD/CNO__r2__sNA | DREADD/CNO__r3__sNA | DREADD/CNO__r9__sNA | CONTROL/MEDIA__r1__sNA | CONTROL/MEDIA__r3__sNA | CONTROL/MEDIA__r8__sNA | PSAM/uPSEM__r2__sNA | PSAM/uPSEM__r9__sNA,DREADD_CNO | DREADD_CNO | DREADD_CNO | EYFP_Control_Media | EYFP_Control_Media | EYFP_Control_Media | PSAM_uPSEM | PSAM_uPSEM,EYFP_Control_Media,LMO7_hCTZ,8,9,1248.75,1357.2222222222222,108.47222222222217,0.6707599046087428,0.8354115612232861,-288.7031951844749,505.64763962891925,False
58,8,DREADD/CNO__r2__sNA | DREADD/CNO__r3__sNA | DREADD/CNO__r9__sNA | CONTROL/MEDIA__r1__sNA | CONTROL/MEDIA__r3__sNA | CONTROL/MEDIA__r8__sNA | PSAM/uPSEM__r2__sNA | PSAM/uPSEM__r9__sNA,DREADD_CNO | DREADD_CNO | DREADD_CNO | EYFP_Control_Media | EYFP_Control_Media | EYFP_Control_Media | PSAM_uPSEM | PSAM_uPSEM,EYFP_Control_Media,PSAM_uPSEM,8,10,1248.75,1022.75,-226.0,-1.4316074488301405,0.3500487400086101,-613.717503095578,161.71750309557797,False
59,7,DREADD/CNO__r9__sNA | CONTROL/MEDIA__r5__sNA | CONTROL/MEDIA__r10__sNA | LMO7/hCTZ__r1__sNA | LMO7/hCTZ__r2__sNA | PSAM/uPSEM__r2__sNA | PSAM/uPSEM__r9__sNA,DREADD_CNO | EYFP_Control_Media | EYFP_Control_Media | LMO7_hCTZ | LMO7_hCTZ | PSAM_uPSEM | PSAM_uPSEM,EYFP_Control_Media,DREADD_CNO,9,11,1173.3333333333333,1509.7727272727273,336.439393939394,2.2306924109986603,0.08242777321571437,-34.89480372867831,707.7735916074663,False
59,7,DREADD/CNO__r9__sNA | CONTROL/MEDIA__r5__sNA | CONTROL/MEDIA__r10__sNA | LMO7/hCTZ__r1__sNA | LMO7/hCTZ__r2__sNA | PSAM/uPSEM__r2__sNA | PSAM/uPSEM__r9__sNA,DREADD_CNO | EYFP_Control_Media | EYFP_Control_Media | LMO7_hCTZ | LMO7_hCTZ | PSAM_uPSEM | PSAM_uPSEM,EYFP_Control_Media,LMO7_hCTZ,9,7,1173.3333333333333,1343.5714285714287,170.2380952380954,1.0066935432687396,0.6239618083611728,-246.11065279971433,586.5868432759052,False
59,7,DREADD/CNO__r9__sNA | CONTROL/MEDIA__r5__sNA | CONTROL/MEDIA__r10__sNA | LMO7/hCTZ__r1__sNA | LMO7/hCTZ__r2__sNA | PSAM/uPSEM__r2__sNA | PSAM/uPSEM__r9__sNA,DREADD_CNO | EYFP_Control_Media | EYFP_Control_Media | LMO7_hCTZ | LMO7_hCTZ | PSAM_uPSEM | PSAM_uPSEM,EYFP_Control_Media,PSAM_uPSEM,9,10,1173.3333333333333,1022.75,-150.58333333333326,-0.9766784585407335,0.6444557553225589,-530.1806136764511,229.0139470097846,False
60,8,DREADD/CNO__r4__sNA | DREADD/CNO__r7__sNA | CONTROL/MEDIA__r2__sNA | CONTROL/MEDIA__r9__sNA | CONTROL/MEDIA__r11__sNA | PSAM/uPSEM__r2__sNA | PSAM/uPSEM__r8__sNA | PSAM/uPSEM__r9__sNA,DREADD_CNO | DREADD_CNO | EYFP_Control_Media | EYFP_Control_Media | EYFP_Control_Media | PSAM_uPSEM | PSAM_uPSEM | PSAM_uPSEM,EYFP_Control_Media,DREADD_CNO,8,10,1424.375,1559.5,135.125,0.8286991239519834,0.7366790863866128,-265.3934517064925,535.6434517064924,False
60,8,DREADD/CNO__r4__sNA | DREADD/CNO__r7__sNA | CONTROL/MEDIA__r2__sNA | CONTROL/MEDIA__r9__sNA | CONTROL/MEDIA__r11__sNA | PSAM/uPSEM__r2__sNA | PSAM/uPSEM__r8__sNA | PSAM/uPSEM__r9__sNA,DREADD_CNO | DREADD_CNO | EYFP_Control_Media | EYFP_Control_Media | EYFP_Control_Media | PSAM_uPSEM | PSAM_uPSEM | PSAM_uPSEM,EYFP_Control_Media,LMO7_hCTZ,8,9,1424.375,1357.2222222222222,-67.15277777777783,-0.40202975879088815,0.9557489774628206,-477.44140794156914,343.1358523860135,False
60,8,DREADD/CNO__r4__sNA | DREADD/CNO__r7__sNA | CONTROL/MEDIA__r2__sNA | CONTROL/MEDIA__r9__sNA | CONTROL/MEDIA__r11__sNA | PSAM/uPSEM__r2__sNA | PSAM/uPSEM__r8__sNA | PSAM/uPSEM__r9__sNA,DREADD_CNO | DREADD_CNO | EYFP_Control_Media | EYFP_Control_Media | EYFP_Control_Media | PSAM_uPSEM | PSAM_uPSEM | PSAM_uPSEM,EYFP_Control_Media,PSAM_uPSEM,8,9,1424.375,1024.4444444444443,-399.93055555555566,-2.3943013245881324,0.05737531459851286,-810.219185719347,10.358074608235654,False
61,6,DREADD/CNO__r4__sNA | CONTROL/MEDIA__r1__sNA | CONTROL/MEDIA__r8__sNA | LMO7/hCTZ__r5__sNA | PSAM/uPSEM__r2__sNA | PSAM/uPSEM__r9__sNA,DREADD_CNO | EYFP_Control_Media | EYFP_Control_Media | LMO7_hCTZ | PSAM_uPSEM | PSAM_uPSEM,EYFP_Control_Media,DREADD_CNO,9,11,1211.9444444444443,1525.909090909091,313.96464646464665,2.039617249560874,0.12064216815915074,-64.07846280040036,692.0077557296936,False
61,6,DREADD/CNO__r4__sNA | CONTROL/MEDIA__r1__sNA | CONTROL/MEDIA__r8__sNA | LMO7/hCTZ__r5__sNA | PSAM/uPSEM__r2__sNA | PSAM/uPSEM__r9__sNA,DREADD_CNO | EYFP_Control_Media | EYFP_Control_Media | LMO7_hCTZ | PSAM_uPSEM | PSAM_uPSEM,EYFP_Control_Media,LMO7_hCTZ,9,8,1211.9444444444443,1350.3125,138.36805555555566,0.8314630509708559,0.7399363514763224,-270.32959239568856,547.0657035067999,False
61,6,DREADD/CNO__r4__sNA | CONTROL/MEDIA__r1__sNA | CONTROL/MEDIA__r8__sNA | LMO7/hCTZ__r5__sNA | PSAM/uPSEM__r2__sNA | PSAM/uPSEM__r9__sNA,DREADD_CNO | EYFP_Control_Media | EYFP_Control_Media | LMO7_hCTZ | PSAM_uPSEM | PSAM_uPSEM,EYFP_Control_Media,PSAM_uPSEM,9,10,1211.9444444444443,1022.75,-189.19444444444434,-1.2023147160906746,0.49003333701447993,-575.6499258696787,197.26103698078998,False
62,7,DREADD/CNO__r3__sNA | DREADD/CNO__r7__sNA | CONTROL/MEDIA__r7__sNA | CONTROL/MEDIA__r10__sNA | LMO7/hCTZ__r3__sNA | PSAM/uPSEM__r2__sNA | PSAM/uPSEM__r10__sNA,DREADD_CNO | DREADD_CNO | EYFP_Control_Media | EYFP_Control_Media | LMO7_hCTZ | PSAM_uPSEM | PSAM_uPSEM,EYFP_Control_Media,DREADD_CNO,9,10,1199.1666666666667,1594.25,395.08333333333326,2.5382489284985255,0.04184890940009822,11.967646061181881,778.1990206054846,True
62,7,DREADD/CNO__r3__sNA | DREADD/CNO__r7__sNA | CONTROL/MEDIA__r7__sNA | CONTROL/MEDIA__r10__sNA | LMO7/hCTZ__r3__sNA | PSAM/uPSEM__r2__sNA | PSAM/uPSEM__r10__sNA,DREADD_CNO | DREADD_CNO | EYFP_Control_Media | EYFP_Control_Media | LMO7_hCTZ | PSAM_uPSEM | PSAM_uPSEM,EYFP_Control_Media,LMO7_hCTZ,9,8,1199.1666666666667,1447.8125,248.64583333333326,1.5105114494243772,0.3144878444001723,-156.51980102096996,653.8114676876364,False
62,7,DREADD/CNO__r3__sNA | DREADD/CNO__r7__sNA | CONTROL/MEDIA__r7__sNA | CONTROL/MEDIA__r10__sNA | LMO7/hCTZ__r3__sNA | PSAM/uPSEM__r2__sNA | PSAM/uPSEM__r10__sNA,DREADD_CNO | DREADD_CNO | EYFP_Control_Media | EYFP_Control_Media | LMO7_hCTZ | PSAM_uPSEM | PSAM_uPSEM,EYFP_Control_Media,PSAM_uPSEM,9,10,1199.1666666666667,1124.25,-74.91666666666674,-0.48130896155245245,0.9310047563538526,-458.0323539388181,308.19902060548463,False
63,6,DREADD/CNO__r3__sNA | DREADD/CNO__r4__sNA | DREADD/CNO__r12__sNA | CONTROL/MEDIA__r1__sNA | PSAM/uPSEM__r2__sNA | PSAM/uPSEM__r9__sNA,DREADD_CNO | DREADD_CNO | DREADD_CNO | EYFP_Control_Media | PSAM_uPSEM | PSAM_uPSEM,EYFP_Control_Media,DREADD_CNO,10,9,1293.0,1575.8333333333333,282.83333333333326,1.7510229804963675,0.21188716531473561,-115.20386851340191,680.8705351800684,False
63,6,DREADD/CNO__r3__sNA | DREADD/CNO__r4__sNA | DREADD/CNO__r12__sNA | CONTROL/MEDIA__r1__sNA | PSAM/uPSEM__r2__sNA | PSAM/uPSEM__r9__sNA,DREADD_CNO | DREADD_CNO | DREADD_CNO | EYFP_Control_Media | PSAM_uPSEM | PSAM_uPSEM,EYFP_Control_Media,LMO7_hCTZ,10,9,1293.0,1357.2222222222222,64.22222222222217,0.39760018963932425,0.960187708439914,-333.814979624513,462.25942406895734,False
63,6,DREADD/CNO__r3__sNA | DREADD/CNO__r4__sNA | DREADD/CNO__r12__sNA | CONTROL/MEDIA__r1__sNA | PSAM/uPSEM__r2__sNA | PSAM/uPSEM__r9__sNA,DREADD_CNO | DREADD_CNO | DREADD_CNO | EYFP_Control_Media | PSAM_uPSEM | PSAM_uPSEM,EYFP_Control_Media,PSAM_uPSEM,10,10,1293.0,1022.75,-270.25,-1.7189668617430995,0.2243246488042513,-657.6709632789373,117.17096327893734,False
64,7,CONTROL/MEDIA__r7__sNA | CONTROL/MEDIA__r9__sNA | LMO7/hCTZ__r4__sNA | LMO7/hCTZ__r8__sNA | PSAM/uPSEM__r2__sNA | PSAM/uPSEM__r9__sNA | PSAM/uPSEM__r12__sNA,EYFP_Control_Media | EYFP_Control_Media | LMO7_hCTZ | LMO7_hCTZ | PSAM_uPSEM | PSAM_uPSEM | PSAM_uPSEM,EYFP_Control_Media,DREADD_CNO,9,12,1322.2222222222222,1506.25,184.02777777777783,1.183647766428867,0.5054480505986727,-198.81760837453697,566.8731639300927,False
64,7,CONTROL/MEDIA__r7__sNA | CONTROL/MEDIA__r9__sNA | LMO7/hCTZ__r4__sNA | LMO7/hCTZ__r8__sNA | PSAM/uPSEM__r2__sNA | PSAM/uPSEM__r9__sNA | PSAM/uPSEM__r12__sNA,EYFP_Control_Media | EYFP_Control_Media | LMO7_hCTZ | LMO7_hCTZ | PSAM_uPSEM | PSAM_uPSEM | PSAM_uPSEM,EYFP_Control_Media,LMO7_hCTZ,9,7,1322.2222222222222,1293.2142857142858,-29.007936507936392,-0.1632540598602826,0.9968594187359378,-466.5455206820106,408.5296476661378,False
64,7,CONTROL/MEDIA__r7__sNA | CONTROL/MEDIA__r9__sNA | LMO7/hCTZ__r4__sNA | LMO7/hCTZ__r8__sNA | PSAM/uPSEM__r2__sNA | PSAM/uPSEM__r9__sNA | PSAM/uPSEM__r12__sNA,EYFP_Control_Media | EYFP_Control_Media | LMO7_hCTZ | LMO7_hCTZ | PSAM_uPSEM | PSAM_uPSEM | PSAM_uPSEM,EYFP_Control_Media,PSAM_uPSEM,9,9,1322.2222222222222,969.1666666666666,-353.05555555555554,-2.124154869179941,0.10296779978816395,-762.334489009593,56.223377898481885,False
65,8,DREADD/CNO__r3__sNA | DREADD/CNO__r9__sNA | CONTROL/MEDIA__r3__sNA | CONTROL/MEDIA__r10__sNA | LMO7/hCTZ__r3__sNA | LMO7/hCTZ__r6__sNA | PSAM/uPSEM__r2__sNA | PSAM/uPSEM__r12__sNA,DREADD_CNO | DREADD_CNO | EYFP_Control_Media | EYFP_Control_Media | LMO7_hCTZ | LMO7_hCTZ | PSAM_uPSEM | PSAM_uPSEM,EYFP_Control_Media,DREADD_CNO,9,10,1258.0555555555557,1566.5,308.44444444444434,1.9768936086171205,0.1389669057158195,-76.53436379463636,693.4232526835251,False
65,8,DREADD/CNO__r3__sNA | DREADD/CNO__r9__sNA | CONTROL/MEDIA__r3__sNA | CONTROL/MEDIA__r10__sNA | LMO7/hCTZ__r3__sNA | LMO7/hCTZ__r6__sNA | PSAM/uPSEM__r2__sNA | PSAM/uPSEM__r12__sNA,DREADD_CNO | DREADD_CNO | EYFP_Control_Media | EYFP_Control_Media | LMO7_hCTZ | LMO7_hCTZ | PSAM_uPSEM | PSAM_uPSEM,EYFP_Control_Media,LMO7_hCTZ,9,7,1258.0555555555557,1471.0714285714287,213.015873015873,1.2447557482426712,0.46800798631248175,-209.23542627306637,635.2671723048124,False
65,8,DREADD/CNO__r3__sNA | DREADD/CNO__r9__sNA | CONTROL/MEDIA__r3__sNA | CONTROL/MEDIA__r10__sNA | LMO7/hCTZ__r3__sNA | LMO7/hCTZ__r6__sNA | PSAM/uPSEM__r2__sNA | PSAM/uPSEM__r12__sNA,DREADD_CNO | DREADD_CNO | EYFP_Control_Media | EYFP_Control_Media | LMO7_hCTZ | LMO7_hCTZ | PSAM_uPSEM | PSAM_uPSEM,EYFP_Control_Media,PSAM_uPSEM,9,10,1258.0555555555557,1075.75,-182.30555555555566,-1.1684395491133082,0.5170250218730224,-567.2843637946364,202.67325268352505,False
66,6,CONTROL/MEDIA__r2__sNA | CONTROL/MEDIA__r9__sNA | LMO7/hCTZ__r4__sNA | LMO7/hCTZ__r7__sNA | PSAM/uPSEM__r2__sNA | PSAM/uPSEM__r9__sNA,EYFP_Control_Media | EYFP_Control_Media | LMO7_hCTZ | LMO7_hCTZ | PSAM_uPSEM | PSAM_uPSEM,EYFP_Control_Media,DREADD_CNO,9,12,1411.9444444444443,1506.25,94.30555555555566,0.6302014547440379,0.8622669610186302,-273.3470235771228,461.9581346882341,False
66,6,CONTROL/MEDIA__r2__sNA | CONTROL/MEDIA__r9__sNA | LMO7/hCTZ__r4__sNA | LMO7/hCTZ__r7__sNA | PSAM/uPSEM__r2__sNA | PSAM/uPSEM__r9__sNA,EYFP_Control_Media | EYFP_Control_Media | LMO7_hCTZ | LMO7_hCTZ | PSAM_uPSEM | PSAM_uPSEM,EYFP_Control_Media,LMO7_hCTZ,9,7,1411.9444444444443,1328.9285714285713,-83.01587301587301,-0.4854129025495308,0.9291275107922039,-503.1902491675056,337.1585031357596,False
66,6,CONTROL/MEDIA__r2__sNA | CONTROL/MEDIA__r9__sNA | LMO7/hCTZ__r4__sNA | LMO7/hCTZ__r7__sNA | PSAM/uPSEM__r2__sNA | PSAM/uPSEM__r9__sNA,EYFP_Control_Media | EYFP_Control_Media | LMO7_hCTZ | LMO7_hCTZ | PSAM_uPSEM | PSAM_uPSEM,EYFP_Control_Media,PSAM_uPSEM,9,10,1411.9444444444443,1022.75,-389.19444444444434,-2.4960367750266057,0.04565687218090786,-772.2796613658643,-6.109227523024458,True
67,7,DREADD/CNO__r1__sNA | DREADD/CNO__r9__sNA | CONTROL/MEDIA__r8__sNA | LMO7/hCTZ__r3__sNA | PSAM/uPSEM__r2__sNA | PSAM/uPSEM__r8__sNA | PSAM/uPSEM__r9__sNA,DREADD_CNO | DREADD_CNO | EYFP_Control_Media | LMO7_hCTZ | PSAM_uPSEM | PSAM_uPSEM | PSAM_uPSEM,EYFP_Control_Media,DREADD_CNO,10,10,1227.5,1470.0,242.5,1.7154123965363528,0.22733228222534096,-106.49653089358065,591.4965308935807,False
67,7,DREADD/CNO__r1__sNA | DREADD/CNO__r9__sNA | CONTROL/MEDIA__r8__sNA | LMO7/hCTZ__r3__sNA | PSAM/uPSEM__r2__sNA | PSAM/uPSEM__r8__sNA | PSAM/uPSEM__r9__sNA,DREADD_CNO | DREADD_CNO | EYFP_Control_Media | LMO7_hCTZ | PSAM_uPSEM | PSAM_uPSEM | PSAM_uPSEM,EYFP_Control_Media,LMO7_hCTZ,10,8,1227.5,1447.8125,220.3125,1.4693311260760085,0.3415798727515108,-149.854220408147,590.4792204081471,False
67,7,DREADD/CNO__r1__sNA | DREADD/CNO__r9__sNA | CONTROL/MEDIA__r8__sNA | LMO7/hCTZ__r3__sNA | PSAM/uPSEM__r2__sNA | PSAM/uPSEM__r8__sNA | PSAM/uPSEM__r9__sNA,DREADD_CNO | DREADD_CNO | EYFP_Control_Media | LMO7_hCTZ | PSAM_uPSEM | PSAM_uPSEM | PSAM_uPSEM,EYFP_Control_Media,PSAM_uPSEM,10,9,1227.5,1024.4444444444443,-203.05555555555566,-1.398077123673905,0.38055602161096647,-561.615405893553,155.50429478244166,False
68,7,DREADD/CNO__r5__sNA | CONTROL/MEDIA__r6__sNA | CONTROL/MEDIA__r10__sNA | LMO7/hCTZ__r6__sNA | PSAM/uPSEM__r2__sNA | PSAM/uPSEM__r8__sNA | PSAM/uPSEM__r9__sNA,DREADD_CNO | EYFP_Control_Media | EYFP_Control_Media | LMO7_hCTZ | PSAM_uPSEM | PSAM_uPSEM | PSAM_uPSEM,EYFP_Control_Media,DREADD_CNO,9,11,1259.1666666666667,1538.8636363636363,279.6969696969695,1.8461626497430612,0.17640271531181495,-93.2371154650346,652.6310548589736,False
68,7,DREADD/CNO__r5__sNA | CONTROL/MEDIA__r6__sNA | CONTROL/MEDIA__r10__sNA | LMO7/hCTZ__r6__sNA | PSAM/uPSEM__r2__sNA | PSAM/uPSEM__r8__sNA | PSAM/uPSEM__r9__sNA,DREADD_CNO | EYFP_Control_Media | EYFP_Control_Media | LMO7_hCTZ | PSAM_uPSEM | PSAM_uPSEM | PSAM_uPSEM,EYFP_Control_Media,LMO7_hCTZ,9,8,1259.1666666666667,1366.25,107.08333333333326,0.6537975200618098,0.8502537501882899,-296.0910129545128,510.2576796211793,False
68,7,DREADD/CNO__r5__sNA | CONTROL/MEDIA__r6__sNA | CONTROL/MEDIA__r10__sNA | LMO7/hCTZ__r6__sNA | PSAM/uPSEM__r2__sNA | PSAM/uPSEM__r8__sNA | PSAM/uPSEM__r9__sNA,DREADD_CNO | EYFP_Control_Media | EYFP_Control_Media | LMO7_hCTZ | PSAM_uPSEM | PSAM_uPSEM | PSAM_uPSEM,EYFP_Control_Media,PSAM_uPSEM,9,9,1259.1666666666667,1024.4444444444443,-234.7222222222224,-1.4772026049737739,0.33156936362743505,-625.8587905243731,156.41434607992835,False
69,8,CONTROL/MEDIA__r1__sNA | CONTROL/MEDIA__r8__sNA | CONTROL/MEDIA__r10__sNA | LMO7/hCTZ__r3__sNA | LMO7/hCTZ__r6__sNA | PSAM/uPSEM__r4__sNA | PSAM/uPSEM__r7__sNA | PSAM/uPSEM__r9__sNA,EYFP_Control_Media | EYFP_Control_Media | EYFP_Control_Media | LMO7_hCTZ | LMO7_hCTZ | PSAM_uPSEM | PSAM_uPSEM | PSAM_uPSEM,EYFP_Control_Media,DREADD_CNO,8,12,1106.25,1506.25,400.0,2.7550072469894684,0.025210073181348602,43.16763550466686,756.8323644953332,True
69,8,CONTROL/MEDIA__r1__sNA | CONTROL/MEDIA__r8__sNA | CONTROL/MEDIA__r10__sNA | LMO7/hCTZ__r3__sNA | LMO7/hCTZ__r6__sNA | PSAM/uPSEM__r4__sNA | PSAM/uPSEM__r7__sNA | PSAM/uPSEM__r9__sNA,EYFP_Control_Media | EYFP_Control_Media | EYFP_Control_Media | LMO7_hCTZ | LMO7_hCTZ | PSAM_uPSEM | PSAM_uPSEM | PSAM_uPSEM,EYFP_Control_Media,LMO7_hCTZ,8,7,1106.25,1471.0714285714287,364.82142857142867,2.2160056287150907,0.08436053065739935,-39.788441225916586,769.4312983687739,False
69,8,CONTROL/MEDIA__r1__sNA | CONTROL/MEDIA__r8__sNA | CONTROL/MEDIA__r10__sNA | LMO7/hCTZ__r3__sNA | LMO7/hCTZ__r6__sNA | PSAM/uPSEM__r4__sNA | PSAM/uPSEM__r7__sNA | PSAM/uPSEM__r9__sNA,EYFP_Control_Media | EYFP_Control_Media | EYFP_Control_Media | LMO7_hCTZ | LMO7_hCTZ | PSAM_uPSEM | PSAM_uPSEM | PSAM_uPSEM,EYFP_Control_Media,PSAM_uPSEM,8,9,1106.25,1147.5,41.25,0.26687498993416015,0.9861685471370221,-338.627060636957,421.127060636957,False
70,3,DREADD/CNO__r5__sNA | PSAM/uPSEM__r2__sNA | PSAM/uPSEM__r9__sNA,DREADD_CNO | PSAM_uPSEM | PSAM_uPSEM,EYFP_Control_Media,DREADD_CNO,11,11,1299.7727272727273,1538.8636363636363,239.090909090909,1.6081235993581613,0.2710144347189728,-125.73974582636953,603.9215640081875,False
70,3,DREADD/CNO__r5__sNA | PSAM/uPSEM__r2__sNA | PSAM/uPSEM__r9__sNA,DREADD_CNO | PSAM_uPSEM | PSAM_uPSEM,EYFP_Control_Media,LMO7_hCTZ,11,9,1299.7727272727273,1357.2222222222222,57.44949494949492,0.36657583436836894,0.9685532730739549,-327.115781647008,442.01477154599786,False
70,3,DREADD/CNO__r5__sNA | PSAM/uPSEM__r2__sNA | PSAM/uPSEM__r9__sNA,DREADD_CNO | PSAM_uPSEM | PSAM_uPSEM,EYFP_Control_Media,PSAM_uPSEM,11,10,1299.7727272727273,1022.75,-277.02272727272725,-1.8183484596344361,0.1869402703061348,-650.8629031577422,96.81744861228765,False
71,8,DREADD/CNO__r4__sNA | DREADD/CNO__r9__sNA | CONTROL/MEDIA__r2__sNA | CONTROL/MEDIA__r10__sNA | CONTROL/MEDIA__r11__sNA | LMO7/hCTZ__r9__sNA | PSAM/uPSEM__r2__sNA | PSAM/uPSEM__r9__sNA,DREADD_CNO | DREADD_CNO | EYFP_Control_Media | EYFP_Control_Media | EYFP_Control_Media | LMO7_hCTZ | PSAM_uPSEM | PSAM_uPSEM,EYFP_Control_Media,DREADD_CNO,8,10,1285.9375,1531.75,245.8125,1.5623346005570748,0.2849379814723697,-140.69261781751146,632.3176178175115,False
71,8,DREADD/CNO__r4__sNA | DREADD/CNO__r9__sNA | CONTROL/MEDIA__r2__sNA | CONTROL/MEDIA__r10__sNA | CONTROL/MEDIA__r11__sNA | LMO7/hCTZ__r9__sNA | PSAM/uPSEM__r2__sNA | PSAM/uPSEM__r9__sNA,DREADD_CNO | DREADD_CNO | EYFP_Control_Media | EYFP_Control_Media | EYFP_Control_Media | LMO7_hCTZ | PSAM_uPSEM | PSAM_uPSEM,EYFP_Control_Media,LMO7_hCTZ,8,8,1285.9375,1330.3125,44.375,0.267565249548841,0.985961870286741,-363.03716653835465,451.78716653835465,False
71,8,DREADD/CNO__r4__sNA | DREADD/CNO__r9__sNA | CONTROL/MEDIA__r2__sNA | CONTROL/MEDIA__r10__sNA | CONTROL/MEDIA__r11__sNA | LMO7/hCTZ__r9__sNA | PSAM/uPSEM__r2__sNA | PSAM/uPSEM__r9__sNA,DREADD_CNO | DREADD_CNO | EYFP_Control_Media | EYFP_Control_Media | EYFP_Control_Media | LMO7_hCTZ | PSAM_uPSEM | PSAM_uPSEM,EYFP_Control_Media,PSAM_uPSEM,8,10,1285.9375,1022.75,-263.1875,-1.672766591138022,0.23687827738537792,-649.6926178175115,123.31761781751146,False
72,8,DREADD/CNO__r2__sNA | CONTROL/MEDIA__r7__sNA | CONTROL/MEDIA__r11__sNA | LMO7/hCTZ__r3__sNA | PSAM/uPSEM__r2__sNA | PSAM/uPSEM__r9__sNA | PSAM/uPSEM__r11__sNA | PSAM/uPSEM__r12__sNA,DREADD_CNO | EYFP_Control_Media | EYFP_Control_Media | LMO7_hCTZ | PSAM_uPSEM | PSAM_uPSEM | PSAM_uPSEM | PSAM_uPSEM,EYFP_Control_Media,DREADD_CNO,9,11,1281.9444444444443,1482.5,200.55555555555566,1.3150872659285697,0.424604257413597,-175.7290113288126,576.8401224399239,False
72,8,DREADD/CNO__r2__sNA | CONTROL/MEDIA__r7__sNA | CONTROL/MEDIA__r11__sNA | LMO7/hCTZ__r3__sNA | PSAM/uPSEM__r2__sNA | PSAM/uPSEM__r9__sNA | PSAM/uPSEM__r11__sNA | PSAM/uPSEM__r12__sNA,DREADD_CNO | EYFP_Control_Media | EYFP_Control_Media | LMO7_hCTZ | PSAM_uPSEM | PSAM_uPSEM | PSAM_uPSEM | PSAM_uPSEM,EYFP_Control_Media,LMO7_hCTZ,9,8,1281.9444444444443,1447.8125,165.86805555555566,1.006055216509477,0.6263043012821006,-240.92845435827462,572.6645654693859,False
72,8,DREADD/CNO__r2__sNA | CONTROL/MEDIA__r7__sNA | CONTROL/MEDIA__r11__sNA | LMO7/hCTZ__r3__sNA | PSAM/uPSEM__r2__sNA | PSAM/uPSEM__r9__sNA | PSAM/uPSEM__r11__sNA | PSAM/uPSEM__r12__sNA,DREADD_CNO | EYFP_Control_Media | EYFP_Control_Media | LMO7_hCTZ | PSAM_uPSEM | PSAM_uPSEM | PSAM_uPSEM | PSAM_uPSEM,EYFP_Control_Media,PSAM_uPSEM,9,8,1281.9444444444443,978.4375,-303.50694444444434,-1.8408893965897695,0.1796847538271844,-710.3034543582746,103.28956546938593,False
73,4,DREADD/CNO__r3__sNA | PSAM/uPSEM__r2__sNA | PSAM/uPSEM__r3__sNA | PSAM/uPSEM__r9__sNA,DREADD_CNO | PSAM_uPSEM | PSAM_uPSEM | PSAM_uPSEM,EYFP_Control_Media,DREADD_CNO,11,11,1299.7727272727273,1557.5,257.72727272727275,1.7517824989428585,0.21240430579491754,-104.27141713038242,619.7259625849279,False
73,4,DREADD/CNO__r3__sNA | PSAM/uPSEM__r2__sNA | PSAM/uPSEM__r3__sNA | PSAM/uPSEM__r9__sNA,DREADD_CNO | PSAM_uPSEM | PSAM_uPSEM | PSAM_uPSEM,EYFP_Control_Media,LMO7_hCTZ,11,9,1299.7727272727273,1357.2222222222222,57.44949494949492,0.3704480175126141,0.9679487909786538,-324.1306283661999,439.02961826518975,False
73,4,DREADD/CNO__r3__sNA | PSAM/uPSEM__r2__sNA | PSAM/uPSEM__r3__sNA | PSAM/uPSEM__r9__sNA,DREADD_CNO | PSAM_uPSEM | PSAM_uPSEM | PSAM_uPSEM,EYFP_Control_Media,PSAM_uPSEM,11,9,1299.7727272727273,1031.111111111111,-268.66161616161617,-1.7323940476117377,0.21993918776519483,-650.2417394773111,112.91850715407867,False
74,4,CONTROL/MEDIA__r2__sNA | CONTROL/MEDIA__r5__sNA | PSAM/uPSEM__r2__sNA | PSAM/uPSEM__r9__sNA,EYFP_Control_Media | EYFP_Control_Media | PSAM_uPSEM | PSAM_uPSEM,EYFP_Control_Media,DREADD_CNO,9,12,1330.8333333333333,1506.25,175.41666666666674,1.1860067922232305,0.4959373308492754,-186.2779455764632,537.1112789097967,False
74,4,CONTROL/MEDIA__r2__sNA | CONTROL/MEDIA__r5__sNA | PSAM/uPSEM__r2__sNA | PSAM/uPSEM__r9__sNA,EYFP_Control_Media | EYFP_Control_Media | PSAM_uPSEM | PSAM_uPSEM,EYFP_Control_Media,LMO7_hCTZ,9,9,1330.8333333333333,1357.2222222222222,26.388888888888914,0.16689428033023804,0.9964967026269548,-360.2789161556379,413.0566939334157,False
74,4,CONTROL/MEDIA__r2__sNA | CONTROL/MEDIA__r5__sNA | PSAM/uPSEM__r2__sNA | PSAM/uPSEM__r9__sNA,EYFP_Control_Media | EYFP_Control_Media | PSAM_uPSEM | PSAM_uPSEM,EYFP_Control_Media,PSAM_uPSEM,9,10,1330.8333333333333,1022.75,-308.08333333333326,-1.9990642403836016,0.1286096980147169,-684.9604908861022,68.79382421943563,False
75,6,DREADD/CNO__r3__sNA | DREADD/CNO__r5__sNA | CONTROL/MEDIA__r5__sNA | CONTROL/MEDIA__r10__sNA | PSAM/uPSEM__r7__sNA | PSAM/uPSEM__r9__sNA,DREADD_CNO | DREADD_CNO | EYFP_Control_Media | EYFP_Control_Media | PSAM_uPSEM | PSAM_uPSEM,EYFP_Control_Media,DREADD_CNO,9,10,1173.3333333333333,1598.5,425.16666666666674,2.73460681633068,0.02604546898779292,43.41437401518709,806.9189593181463,True
75,6,DREADD/CNO__r3__sNA | DREADD/CNO__r5__sNA | CONTROL/MEDIA__r5__sNA | CONTROL/MEDIA__r10__sNA | PSAM/uPSEM__r7__sNA | PSAM/uPSEM__r9__sNA,DREADD_CNO | DREADD_CNO | EYFP_Control_Media | EYFP_Control_Media | PSAM_uPSEM | PSAM_uPSEM,EYFP_Control_Media,LMO7_hCTZ,9,9,1173.3333333333333,1357.2222222222222,183.8888888888889,1.15279736490784,0.5218371001699929,-207.78069923040567,575.5584770081834,False
75,6,DREADD/CNO__r3__sNA | DREADD/CNO__r5__sNA | CONTROL/MEDIA__r5__sNA | CONTROL/MEDIA__r10__sNA | PSAM/uPSEM__r7__sNA | PSAM/uPSEM__r9__sNA,DREADD_CNO | DREADD_CNO | EYFP_Control_Media | EYFP_Control_Media | PSAM_uPSEM | PSAM_uPSEM,EYFP_Control_Media,PSAM_uPSEM,9,10,1173.3333333333333,1130.0,-43.33333333333326,-0.2787133564272738,0.9846853304538927,-425.0856259848129,338.4189593181464,False
76,7,DREADD/CNO__r3__sNA | CONTROL/MEDIA__r5__sNA | CONTROL/MEDIA__r7__sNA | CONTROL/MEDIA__r10__sNA | LMO7/hCTZ__r8__sNA | PSAM/uPSEM__r2__sNA | PSAM/uPSEM__r12__sNA,DREADD_CNO | EYFP_Control_Media | EYFP_Control_Media | EYFP_Control_Media | LMO7_hCTZ | PSAM_uPSEM | PSAM_uPSEM,EYFP_Control_Media,DREADD_CNO,8,11,1139.0625,1557.5,418.4375,2.571209077722277,0.03807994603410503,19.309812413209954,817.56518758679,True
76,7,DREADD/CNO__r3__sNA | CONTROL/MEDIA__r5__sNA | CONTROL/MEDIA__r7__sNA | CONTROL/MEDIA__r10__sNA | LMO7/hCTZ__r8__sNA | PSAM/uPSEM__r2__sNA | PSAM/uPSEM__r12__sNA,DREADD_CNO | EYFP_Control_Media | EYFP_Control_Media | EYFP_Control_Media | LMO7_hCTZ | PSAM_uPSEM | PSAM_uPSEM,EYFP_Control_Media,LMO7_hCTZ,8,8,1139.0625,1328.125,189.0625,1.0796367282022272,0.564050766387219,-240.4209131938607,618.5459131938608,False
76,7,DREADD/CNO__r3__sNA | CONTROL/MEDIA__r5__sNA | CONTROL/MEDIA__r7__sNA | CONTROL/MEDIA__r10__sNA | LMO7/hCTZ__r8__sNA | PSAM/uPSEM__r2__sNA | PSAM/uPSEM__r12__sNA,DREADD_CNO | EYFP_Control_Media | EYFP_Control_Media | EYFP_Control_Media | LMO7_hCTZ | PSAM_uPSEM | PSAM_uPSEM,EYFP_Control_Media,PSAM_uPSEM,8,10,1139.0625,1075.75,-63.3125,-0.3811013279424979,0.961414849956247,-470.75624088674334,344.13124088674334,False
77,7,DREADD/CNO__r5__sNA | DREADD/CNO__r7__sNA | DREADD/CNO__r10__sNA | DREADD/CNO__r11__sNA | LMO7/hCTZ__r3__sNA | PSAM/uPSEM__r9__sNA | PSAM/uPSEM__r12__sNA,DREADD_CNO | DREADD_CNO | DREADD_CNO | DREADD_CNO | LMO7_hCTZ | PSAM_uPSEM | PSAM_uPSEM,EYFP_Control_Media,DREADD_CNO,11,8,1299.7727272727273,1620.625,320.85227272727275,1.9281965419733436,0.15641564869086866,-90.78356872059697,732.4881141751425,False
77,7,DREADD/CNO__r5__sNA | DREADD/CNO__r7__sNA | DREADD/CNO__r10__sNA | DREADD/CNO__r11__sNA | LMO7/hCTZ__r3__sNA | PSAM/uPSEM__r9__sNA | PSAM/uPSEM__r12__sNA,DREADD_CNO | DREADD_CNO | DREADD_CNO | DREADD_CNO | LMO7_hCTZ | PSAM_uPSEM | PSAM_uPSEM,EYFP_Control_Media,LMO7_hCTZ,11,8,1299.7727272727273,1447.8125,148.03977272727275,0.8896610749267835,0.7170290474705843,-263.596068720597,559.6756141751425,False
77,7,DREADD/CNO__r5__sNA | DREADD/CNO__r7__sNA | DREADD/CNO__r10__sNA | DREADD/CNO__r11__sNA | LMO7/hCTZ__r3__sNA | PSAM/uPSEM__r9__sNA | PSAM/uPSEM__r12__sNA,DREADD_CNO | DREADD_CNO | DREADD_CNO | DREADD_CNO | LMO7_hCTZ | PSAM_uPSEM | PSAM_uPSEM,EYFP_Control_Media,PSAM_uPSEM,11,10,1299.7727272727273,1063.75,-236.02272727272725,-1.5084195890996297,0.3263692596470038,-623.0940730832305,151.04861853777595,False
78,8,DREADD/CNO__r10__sNA | CONTROL/MEDIA__r2__sNA | LMO7/hCTZ__r7__sNA | PSAM/uPSEM__r1__sNA | PSAM/uPSEM__r2__sNA | PSAM/uPSEM__r9__sNA | PSAM/uPSEM__r11__sNA | PSAM/uPSEM__r12__sNA,DREADD_CNO | EYFP_Control_Media | LMO7_hCTZ | PSAM_uPSEM | PSAM_uPSEM | PSAM_uPSEM | PSAM_uPSEM | PSAM_uPSEM,EYFP_Control_Media,DREADD_CNO,10,11,1365.75,1518.409090909091,152.659090909091,1.0091666694466896,0.6324319390223362,-221.49981049342904,526.8179923116111,False
78,8,DREADD/CNO__r10__sNA | CONTROL/MEDIA__r2__sNA | LMO7/hCTZ__r7__sNA | PSAM/uPSEM__r1__sNA | PSAM/uPSEM__r2__sNA | PSAM/uPSEM__r9__sNA | PSAM/uPSEM__r11__sNA | PSAM/uPSEM__r12__sNA,DREADD_CNO | EYFP_Control_Media | LMO7_hCTZ | PSAM_uPSEM | PSAM_uPSEM | PSAM_uPSEM | PSAM_uPSEM | PSAM_uPSEM,EYFP_Control_Media,LMO7_hCTZ,10,8,1365.75,1359.375,-6.375,-0.038818831761638875,0.999959432577427,-412.56949754742067,399.81949754742067,False
78,8,DREADD/CNO__r10__sNA | CONTROL/MEDIA__r2__sNA | LMO7/hCTZ__r7__sNA | PSAM/uPSEM__r1__sNA | PSAM/uPSEM__r2__sNA | PSAM/uPSEM__r9__sNA | PSAM/uPSEM__r11__sNA | PSAM/uPSEM__r12__sNA,DREADD_CNO | EYFP_Control_Media | LMO7_hCTZ | PSAM_uPSEM | PSAM_uPSEM | PSAM_uPSEM | PSAM_uPSEM | PSAM_uPSEM,EYFP_Control_Media,PSAM_uPSEM,10,7,1365.75,951.7857142857143,-413.96428571428567,-2.4262802612465846,0.05556881220231047,-835.969889170849,8.04131774227767,False
79,7,DREADD/CNO__r4__sNA | DREADD/CNO__r10__sNA | CONTROL/MEDIA__r8__sNA | CONTROL/MEDIA__r9__sNA | LMO7/hCTZ__r2__sNA | PSAM/uPSEM__r2__sNA | PSAM/uPSEM__r9__sNA,DREADD_CNO | DREADD_CNO | EYFP_Control_Media | EYFP_Control_Media | LMO7_hCTZ | PSAM_uPSEM | PSAM_uPSEM,EYFP_Control_Media,DREADD_CNO,9,10,1258.3333333333333,1541.25,282.91666666666674,1.8022672333173138,0.19108648895526814,-103.46346227844884,669.2967956117823,False
79,7,DREADD/CNO__r4__sNA | DREADD/CNO__r10__sNA | CONTROL/MEDIA__r8__sNA | CONTROL/MEDIA__r9__sNA | LMO7/hCTZ__r2__sNA | PSAM/uPSEM__r2__sNA | PSAM/uPSEM__r9__sNA,DREADD_CNO | DREADD_CNO | EYFP_Control_Media | EYFP_Control_Media | LMO7_hCTZ | PSAM_uPSEM | PSAM_uPSEM,EYFP_Control_Media,LMO7_hCTZ,9,8,1258.3333333333333,1330.9375,72.60416666666674,0.4373403344380816,0.9466362346321491,-336.0137919468089,481.2221252801424,False
79,7,DREADD/CNO__r4__sNA | DREADD/CNO__r10__sNA | CONTROL/MEDIA__r8__sNA | CONTROL/MEDIA__r9__sNA | LMO7/hCTZ__r2__sNA | PSAM/uPSEM__r2__sNA | PSAM/uPSEM__r9__sNA,DREADD_CNO | DREADD_CNO | EYFP_Control_Media | EYFP_Control_Media | LMO7_hCTZ | PSAM_uPSEM | PSAM_uPSEM,EYFP_Control_Media,PSAM_uPSEM,9,10,1258.3333333333333,1022.75,-235.58333333333326,-1.5007391660053149,0.31935471952994665,-621.9634622784488,150.79679561178233,False
80,8,DREADD/CNO__r5__sNA | DREADD/CNO__r7__sNA | CONTROL/MEDIA__r1__sNA | CONTROL/MEDIA__r9__sNA | LMO7/hCTZ__r7__sNA | PSAM/uPSEM__r1__sNA | PSAM/uPSEM__r2__sNA | PSAM/uPSEM__r9__sNA,DREADD_CNO | DREADD_CNO | EYFP_Control_Media | EYFP_Control_Media | LMO7_hCTZ | PSAM_uPSEM | PSAM_uPSEM | PSAM_uPSEM,EYFP_Control_Media,DREADD_CNO,9,10,1331.111111111111,1573.75,242.6388888888889,1.4566383611261784,0.3441142223364755,-168.29617004469725,653.573947822475,False
80,8,DREADD/CNO__r5__sNA | DREADD/CNO__r7__sNA | CONTROL/MEDIA__r1__sNA | CONTROL/MEDIA__r9__sNA | LMO7/hCTZ__r7__sNA | PSAM/uPSEM__r1__sNA | PSAM/uPSEM__r2__sNA | PSAM/uPSEM__r9__sNA,DREADD_CNO | DREADD_CNO | EYFP_Control_Media | EYFP_Control_Media | LMO7_hCTZ | PSAM_uPSEM | PSAM_uPSEM | PSAM_uPSEM,EYFP_Control_Media,LMO7_hCTZ,9,8,1331.111111111111,1359.375,28.263888888888914,0.16044293018360092,0.9970322285380514,-406.3222409997998,462.85001877757765,False
80,8,DREADD/CNO__r5__sNA | DREADD/CNO__r7__sNA | CONTROL/MEDIA__r1__sNA | CONTROL/MEDIA__r9__sNA | LMO7/hCTZ__r7__sNA | PSAM/uPSEM__r1__sNA | PSAM/uPSEM__r2__sNA | PSAM/uPSEM__r9__sNA,DREADD_CNO | DREADD_CNO | EYFP_Control_Media | EYFP_Control_Media | LMO7_hCTZ | PSAM_uPSEM | PSAM_uPSEM | PSAM_uPSEM,EYFP_Control_Media,PSAM_uPSEM,9,9,1331.111111111111,1006.9444444444445,-324.16666666666663,-1.8967997880876994,0.16174090290070398,-745.777141245363,97.4438079120298,False
81,3,DREADD/CNO__r7__sNA | PSAM/uPSEM__r2__sNA | PSAM/uPSEM__r9__sNA,DREADD_CNO | PSAM_uPSEM | PSAM_uPSEM,EYFP_Control_Media,DREADD_CNO,11,11,1299.7727272727273,1535.0,235.22727272727275,1.576661803532813,0.2856282930800341,-130.87026809554692,601.3248135500924,False
81,3,DREADD/CNO__r7__sNA | PSAM/uPSEM__r2__sNA | PSAM/uPSEM__r9__sNA,DREADD_CNO | PSAM_uPSEM | PSAM_uPSEM,EYFP_Control_Media,LMO7_hCTZ,11,9,1299.7727272727273,1357.2222222222222,57.44949494949492,0.36530729332100353,0.9688571562373747,-328.451196646033,443.35018654502284,False
81,3,DREADD/CNO__r7__sNA | PSAM/uPSEM__r2__sNA | PSAM/uPSEM__r9__sNA,DREADD_CNO | PSAM_uPSEM | PSAM_uPSEM,EYFP_Control_Media,PSAM_uPSEM,11,10,1299.7727272727273,1022.75,-277.02272727272725,-1.8120560381401651,0.1891264148190741,-652.161074907759,98.11562036230447,False
82,4,CONTROL/MEDIA__r10__sNA | PSAM/uPSEM__r2__sNA | PSAM/uPSEM__r8__sNA | PSAM/uPSEM__r9__sNA,EYFP_Control_Media | PSAM_uPSEM | PSAM_uPSEM | PSAM_uPSEM,EYFP_Control_Media,DREADD_CNO,10,12,1224.0,1506.25,282.25,1.9758756397396113,0.13720392633430434,-68.25958896674189,632.7595889667418,False
82,4,CONTROL/MEDIA__r10__sNA | PSAM/uPSEM__r2__sNA | PSAM/uPSEM__r8__sNA | PSAM/uPSEM__r9__sNA,EYFP_Control_Media | PSAM_uPSEM | PSAM_uPSEM | PSAM_uPSEM,EYFP_Control_Media,LMO7_hCTZ,10,9,1224.0,1357.2222222222222,133.22222222222217,0.869095500733969,0.7188003195789952,-242.90496993288917,509.3494143773335,False
82,4,CONTROL/MEDIA__r10__sNA | PSAM/uPSEM__r2__sNA | PSAM/uPSEM__r8__sNA | PSAM/uPSEM__r9__sNA,EYFP_Control_Media | PSAM_uPSEM | PSAM_uPSEM | PSAM_uPSEM,EYFP_Control_Media,PSAM_uPSEM,10,9,1224.0,1024.4444444444443,-199.55555555555566,-1.3018311253696495,0.43118767660273494,-575.682747710667,176.5716365995557,False
83,5,DREADD/CNO__r3__sNA | CONTROL/MEDIA__r1__sNA | LMO7/hCTZ__r3__sNA | PSAM/uPSEM__r9__sNA | PSAM/uPSEM__r12__sNA,DREADD_CNO | EYFP_Control_Media | LMO7_hCTZ | PSAM_uPSEM | PSAM_uPSEM,EYFP_Control_Media,DREADD_CNO,10,11,1293.0,1557.5,264.5,1.7386728901676527,0.21537280295710537,-109.4896732625349,638.4896732625349,False
83,5,DREADD/CNO__r3__sNA | CONTROL/MEDIA__r1__sNA | LMO7/hCTZ__r3__sNA | PSAM/uPSEM__r9__sNA | PSAM/uPSEM__r12__sNA,DREADD_CNO | EYFP_Control_Media | LMO7_hCTZ | PSAM_uPSEM | PSAM_uPSEM,EYFP_Control_Media,LMO7_hCTZ,10,8,1293.0,1447.8125,154.8125,0.937389912895862,0.6745560047511341,-251.1982800438828,560.8232800438827,False
83,5,DREADD/CNO__r3__sNA | CONTROL/MEDIA__r1__sNA | LMO7/hCTZ__r3__sNA | PSAM/uPSEM__r9__sNA | PSAM/uPSEM__r12__sNA,DREADD_CNO | EYFP_Control_Media | LMO7_hCTZ | PSAM_uPSEM | PSAM_uPSEM,EYFP_Control_Media,PSAM_uPSEM,10,10,1293.0,1063.75,-229.25,-1.4723120192422163,0.33634687853055356,-612.0406344051592,153.5406344051591,False
84,4,PSAM/uPSEM__r2__sNA | PSAM/uPSEM__r3__sNA | PSAM/uPSEM__r9__sNA | PSAM/uPSEM__r12__sNA,PSAM_uPSEM | PSAM_uPSEM | PSAM_uPSEM | PSAM_uPSEM,EYFP_Control_Media,DREADD_CNO,11,12,1299.7727272727273,1506.25,206.47727272727275,1.4181406997268704,0.3697291278940795,-151.7958863594444,564.75043181399,False
84,4,PSAM/uPSEM__r2__sNA | PSAM/uPSEM__r3__sNA | PSAM/uPSEM__r9__sNA | PSAM/uPSEM__r12__sNA,PSAM_uPSEM | PSAM_uPSEM | PSAM_uPSEM | PSAM_uPSEM,EYFP_Control_Media,LMO7_hCTZ,11,9,1299.7727272727273,1357.2222222222222,57.44949494949492,0.3664484026622338,0.9690049219016817,-328.32607474149404,443.2250646404839,False
84,4,PSAM/uPSEM__r2__sNA | PSAM/uPSEM__r3__sNA | PSAM/uPSEM__r9__sNA | PSAM/uPSEM__r12__sNA,PSAM_uPSEM | PSAM_uPSEM | PSAM_uPSEM | PSAM_uPSEM,EYFP_Control_Media,PSAM_uPSEM,11,8,1299.7727272727273,971.875,-327.89772727272725,-2.0231447693421396,0.1271524926496458,-726.7139217716751,70.91846722622063,False
85,8,DREADD/CNO__r7__sNA | DREADD/CNO__r11__sNA | CONTROL/MEDIA__r5__sNA | CONTROL/MEDIA__r7__sNA | CONTROL/MEDIA__r9__sNA | CONTROL/MEDIA__r10__sNA | LMO7/hCTZ__r3__sNA | PSAM/uPSEM__r9__sNA,DREADD_CNO | DREADD_CNO | EYFP_Control_Media | EYFP_Control_Media | EYFP_Control_Media | EYFP_Control_Media | LMO7_hCTZ | PSAM_uPSEM,EYFP_Control_Media,DREADD_CNO,7,10,1166.0714285714287,1548.5,382.42857142857133,2.2963625641732075,0.06922106101337888,-25.232634959060647,790.0897778162033,False
85,8,DREADD/CNO__r7__sNA | DREADD/CNO__r11__sNA | CONTROL/MEDIA__r5__sNA | CONTROL/MEDIA__r7__sNA | CONTROL/MEDIA__r9__sNA | CONTROL/MEDIA__r10__sNA | LMO7/hCTZ__r3__sNA | PSAM/uPSEM__r9__sNA,DREADD_CNO | DREADD_CNO | EYFP_Control_Media | EYFP_Control_Media | EYFP_Control_Media | EYFP_Control_Media | LMO7_hCTZ | PSAM_uPSEM,EYFP_Control_Media,LMO7_hCTZ,7,8,1166.0714285714287,1447.8125,281.74107142857133,1.6108834275845993,0.2566095720379129,-146.3888298230035,709.8709726801462,False
85,8,DREADD/CNO__r7__sNA | DREADD/CNO__r11__sNA | CONTROL/MEDIA__r5__sNA | CONTROL/MEDIA__r7__sNA | CONTROL/MEDIA__r9__sNA | CONTROL/MEDIA__r10__sNA | LMO7/hCTZ__r3__sNA | PSAM/uPSEM__r9__sNA,DREADD_CNO | DREADD_CNO | EYFP_Control_Media | EYFP_Control_Media | EYFP_Control_Media | EYFP_Control_Media | LMO7_hCTZ | PSAM_uPSEM,EYFP_Control_Media,PSAM_uPSEM,7,11,1166.0714285714287,1103.8636363636363,-62.20779220779241,-0.380732075279718,0.9594734625230079,-462.1662035137861,337.7506190982013,False
86,6,DREADD/CNO__r11__sNA | CONTROL/MEDIA__r10__sNA | CONTROL/MEDIA__r11__sNA | LMO7/hCTZ__r5__sNA | PSAM/uPSEM__r2__sNA | PSAM/uPSEM__r9__sNA,DREADD_CNO | EYFP_Control_Media | EYFP_Control_Media | LMO7_hCTZ | PSAM_uPSEM | PSAM_uPSEM,EYFP_Control_Media,DREADD_CNO,9,11,1214.1666666666667,1515.909090909091,301.74242424242425,1.9615024071257754,0.14064754239777533,-76.05307930566335,679.5379277905118,False
86,6,DREADD/CNO__r11__sNA | CONTROL/MEDIA__r10__sNA | CONTROL/MEDIA__r11__sNA | LMO7/hCTZ__r5__sNA | PSAM/uPSEM__r2__sNA | PSAM/uPSEM__r9__sNA,DREADD_CNO | EYFP_Control_Media | EYFP_Control_Media | LMO7_hCTZ | PSAM_uPSEM | PSAM_uPSEM,EYFP_Control_Media,LMO7_hCTZ,9,8,1214.1666666666667,1350.3125,136.14583333333326,0.8186457524457458,0.7483537296762677,-272.2841311932948,544.5757978599613,False
86,6,DREADD/CNO__r11__sNA | CONTROL/MEDIA__r10__sNA | CONTROL/MEDIA__r11__sNA | LMO7/hCTZ__r5__sNA | PSAM/uPSEM__r2__sNA | PSAM/uPSEM__r9__sNA,DREADD_CNO | EYFP_Control_Media | EYFP_Control_Media | LMO7_hCTZ | PSAM_uPSEM | PSAM_uPSEM,EYFP_Control_Media,PSAM_uPSEM,9,10,1214.1666666666667,1022.75,-191.41666666666674,-1.2172339985939447,0.48047304365992893,-577.6190325497682,194.78569921643475,False
87,8,DREADD/CNO__r5__sNA | DREADD/CNO__r10__sNA | CONTROL/MEDIA__r4__sNA | CONTROL/MEDIA__r7__sNA | CONTROL/MEDIA__r10__sNA | PSAM/uPSEM__r2__sNA | PSAM/uPSEM__r9__sNA | PSAM/uPSEM__r11__sNA,DREADD_CNO | DREADD_CNO | EYFP_Control_Media | EYFP_Control_Media | EYFP_Control_Media | PSAM_uPSEM | PSAM_uPSEM | PSAM_uPSEM,EYFP_Control_Media,DREADD_CNO,8,10,1224.6875,1555.5,330.8125,2.0466325215733425,0.11844247739596858,-66.21971061178675,727.8447106117867,False
87,8,DREADD/CNO__r5__sNA | DREADD/CNO__r10__sNA | CONTROL/MEDIA__r4__sNA | CONTROL/MEDIA__r7__sNA | CONTROL/MEDIA__r10__sNA | PSAM/uPSEM__r2__sNA | PSAM/uPSEM__r9__sNA | PSAM/uPSEM__r11__sNA,DREADD_CNO | DREADD_CNO | EYFP_Control_Media | EYFP_Control_Media | EYFP_Control_Media | PSAM_uPSEM | PSAM_uPSEM | PSAM_uPSEM,EYFP_Control_Media,LMO7_hCTZ,8,9,1224.6875,1357.2222222222222,132.53472222222217,0.8004250620610649,0.7553193727882372,-274.1826240791824,539.2520685236268,False
87,8,DREADD/CNO__r5__sNA | DREADD/CNO__r10__sNA | CONTROL/MEDIA__r4__sNA | CONTROL/MEDIA__r7__sNA | CONTROL/MEDIA__r10__sNA | PSAM/uPSEM__r2__sNA | PSAM/uPSEM__r9__sNA | PSAM/uPSEM__r11__sNA,DREADD_CNO | DREADD_CNO | EYFP_Control_Media | EYFP_Control_Media | EYFP_Control_Media | PSAM_uPSEM | PSAM_uPSEM | PSAM_uPSEM,EYFP_Control_Media,PSAM_uPSEM,8,9,1224.6875,1036.9444444444443,-187.74305555555566,-1.1338481295688188,0.5296793212096464,-594.4604018569603,218.97429074584892,False
88,8,DREADD/CNO__r3__sNA | DREADD/CNO__r7__sNA | CONTROL/MEDIA__r8__sNA | CONTROL/MEDIA__r9__sNA | LMO7/hCTZ__r7__sNA | LMO7/hCTZ__r9__sNA | PSAM/uPSEM__r9__sNA | PSAM/uPSEM__r12__sNA,DREADD_CNO | DREADD_CNO | EYFP_Control_Media | EYFP_Control_Media | LMO7_hCTZ | LMO7_hCTZ | PSAM_uPSEM | PSAM_uPSEM,EYFP_Control_Media,DREADD_CNO,9,10,1258.3333333333333,1594.25,335.91666666666674,2.0736146469136774,0.11487448698292257,-63.79485687872301,735.6281902120566,False
88,8,DREADD/CNO__r3__sNA | DREADD/CNO__r7__sNA | CONTROL/MEDIA__r8__sNA | CONTROL/MEDIA__r9__sNA | LMO7/hCTZ__r7__sNA | LMO7/hCTZ__r9__sNA | PSAM/uPSEM__r9__sNA | PSAM/uPSEM__r12__sNA,DREADD_CNO | DREADD_CNO | EYFP_Control_Media | EYFP_Control_Media | LMO7_hCTZ | LMO7_hCTZ | PSAM_uPSEM | PSAM_uPSEM,EYFP_Control_Media,LMO7_hCTZ,9,7,1258.3333333333333,1328.9285714285713,70.59523809523807,0.3973175384586221,0.9595149985246042,-367.8151537125802,509.00562990305633,False
88,8,DREADD/CNO__r3__sNA | DREADD/CNO__r7__sNA | CONTROL/MEDIA__r8__sNA | CONTROL/MEDIA__r9__sNA | LMO7/hCTZ__r7__sNA | LMO7/hCTZ__r9__sNA | PSAM/uPSEM__r9__sNA | PSAM/uPSEM__r12__sNA,DREADD_CNO | DREADD_CNO | EYFP_Control_Media | EYFP_Control_Media | LMO7_hCTZ | LMO7_hCTZ | PSAM_uPSEM | PSAM_uPSEM,EYFP_Control_Media,PSAM_uPSEM,9,10,1258.3333333333333,1063.75,-194.58333333333326,-1.2011635327569916,0.49574067312727166,-594.2948568787231,205.1281902120565,False
89,7,DREADD/CNO__r3__sNA | DREADD/CNO__r8__sNA | CONTROL/MEDIA__r8__sNA | LMO7/hCTZ__r7__sNA | PSAM/uPSEM__r2__sNA | PSAM/uPSEM__r3__sNA | PSAM/uPSEM__r9__sNA,DREADD_CNO | DREADD_CNO | EYFP_Control_Media | LMO7_hCTZ | PSAM_uPSEM | PSAM_uPSEM | PSAM_uPSEM,EYFP_Control_Media,DREADD_CNO,10,10,1227.5,1533.75,306.25,2.0594141912750414,0.11907512277704124,-60.87191284195211,673.371912841952,False
89,7,DREADD/CNO__r3__sNA | DREADD/CNO__r8__sNA | CONTROL/MEDIA__r8__sNA | LMO7/hCTZ__r7__sNA | PSAM/uPSEM__r2__sNA | PSAM/uPSEM__r3__sNA | PSAM/uPSEM__r9__sNA,DREADD_CNO | DREADD_CNO | EYFP_Control_Media | LMO7_hCTZ | PSAM_uPSEM | PSAM_uPSEM | PSAM_uPSEM,EYFP_Control_Media,LMO7_hCTZ,10,8,1227.5,1359.375,131.875,0.8360915132615636,0.7458488355028068,-257.51659113908147,521.2665911390815,False
89,7,DREADD/CNO__r3__sNA | DREADD/CNO__r8__sNA | CONTROL/MEDIA__r8__sNA | LMO7/hCTZ__r7__sNA | PSAM/uPSEM__r2__sNA | PSAM/uPSEM__r3__sNA | PSAM/uPSEM__r9__sNA,DREADD_CNO | DREADD_CNO | EYFP_Control_Media | LMO7_hCTZ | PSAM_uPSEM | PSAM_uPSEM | PSAM_uPSEM,EYFP_Control_Media,PSAM_uPSEM,10,9,1227.5,1031.111111111111,-196.3888888888889,-1.2854167915182944,0.4472626621788608,-573.5707989421699,180.79302116439203,False
90,8,DREADD/CNO__r8__sNA | CONTROL/MEDIA__r1__sNA | CONTROL/MEDIA__r3__sNA | CONTROL/MEDIA__r4__sNA | CONTROL/MEDIA__r11__sNA | LMO7/hCTZ__r3__sNA | PSAM/uPSEM__r2__sNA | PSAM/uPSEM__r9__sNA,DREADD_CNO | EYFP_Control_Media | EYFP_Control_Media | EYFP_Control_Media | EYFP_Control_Media | LMO7_hCTZ | PSAM_uPSEM | PSAM_uPSEM,EYFP_Control_Media,DREADD_CNO,7,11,1386.4285714285713,1480.0,93.57142857142867,0.5722066409262156,0.8821415856635704,-306.72311195457735,493.8659690974347,False
90,8,DREADD/CNO__r8__sNA | CONTROL/MEDIA__r1__sNA | CONTROL/MEDIA__r3__sNA | CONTROL/MEDIA__r4__sNA | CONTROL/MEDIA__r11__sNA | LMO7/hCTZ__r3__sNA | PSAM/uPSEM__r2__sNA | PSAM/uPSEM__r9__sNA,DREADD_CNO | EYFP_Control_Media | EYFP_Control_Media | EYFP_Control_Media | EYFP_Control_Media | LMO7_hCTZ | PSAM_uPSEM | PSAM_uPSEM,EYFP_Control_Media,LMO7_hCTZ,7,8,1386.4285714285713,1447.8125,61.38392857142867,0.3506740164958954,0.9677199914082346,-367.1057775141081,489.87363465696546,False
90,8,DREADD/CNO__r8__sNA | CONTROL/MEDIA__r1__sNA | CONTROL/MEDIA__r3__sNA | CONTROL/MEDIA__r4__sNA | CONTROL/MEDIA__r11__sNA | LMO7/hCTZ__r3__sNA | PSAM/uPSEM__r2__sNA | PSAM/uPSEM__r9__sNA,DREADD_CNO | EYFP_Control_Media | EYFP_Control_Media | EYFP_Control_Media | EYFP_Control_Media | LMO7_hCTZ | PSAM_uPSEM | PSAM_uPSEM,EYFP_Control_Media,PSAM_uPSEM,7,10,1386.4285714285713,1022.75,-363.67857142857133,-2.1819399577345413,0.0880405218381396,-771.6823805455343,44.32523768839167,False
91,8,DREADD/CNO__r3__sNA | CONTROL/MEDIA__r2__sNA | CONTROL/MEDIA__r6__sNA | CONTROL/MEDIA__r10__sNA | LMO7/hCTZ__r2__sNA | LMO7/hCTZ__r3__sNA | LMO7/hCTZ__r8__sNA | PSAM/uPSEM__r9__sNA,DREADD_CNO | EYFP_Control_Media | EYFP_Control_Media | EYFP_Control_Media | LMO7_hCTZ | LMO7_hCTZ | LMO7_hCTZ | PSAM_uPSEM,EYFP_Control_Media,DREADD_CNO,8,11,1336.5625,1557.5,220.9375,1.5024881741652687,0.31541503806931614,-140.90807313245335,582.7830731324534,False
91,8,DREADD/CNO__r3__sNA | CONTROL/MEDIA__r2__sNA | CONTROL/MEDIA__r6__sNA | CONTROL/MEDIA__r10__sNA | LMO7/hCTZ__r2__sNA | LMO7/hCTZ__r3__sNA | LMO7/hCTZ__r8__sNA | PSAM/uPSEM__r9__sNA,DREADD_CNO | EYFP_Control_Media | EYFP_Control_Media | EYFP_Control_Media | LMO7_hCTZ | LMO7_hCTZ | LMO7_hCTZ | PSAM_uPSEM,EYFP_Control_Media,LMO7_hCTZ,8,6,1336.5625,1404.1666666666667,67.60416666666674,0.3955552526497114,0.9582171997105317,-352.9589655709347,488.1672989042682,False
91,8,DREADD/CNO__r3__sNA | CONTROL/MEDIA__r2__sNA | CONTROL/MEDIA__r6__sNA | CONTROL/MEDIA__r10__sNA | LMO7/hCTZ__r2__sNA | LMO7/hCTZ__r3__sNA | LMO7/hCTZ__r8__sNA | PSAM/uPSEM__r9__sNA,DREADD_CNO | EYFP_Control_Media | EYFP_Control_Media | EYFP_Control_Media | LMO7_hCTZ | LMO7_hCTZ | LMO7_hCTZ | PSAM_uPSEM,EYFP_Control_Media,PSAM_uPSEM,8,11,1336.5625,1103.8636363636363,-232.69886363636374,-1.5824714715941521,0.27725267175060475,-594.5444367688171,129.1467094960896,False
92,8,DREADD/CNO__r8__sNA | CONTROL/MEDIA__r10__sNA | LMO7/hCTZ__r3__sNA | LMO7/hCTZ__r5__sNA | LMO7/hCTZ__r8__sNA | PSAM/uPSEM__r2__sNA | PSAM/uPSEM__r8__sNA | PSAM/uPSEM__r9__sNA,DREADD_CNO | EYFP_Control_Media | LMO7_hCTZ | LMO7_hCTZ | LMO7_hCTZ | PSAM_uPSEM | PSAM_uPSEM | PSAM_uPSEM,EYFP_Control_Media,DREADD_CNO,10,11,1224.0,1480.0,256.0,1.8240302690084194,0.18916516781295312,-91.38197821412007,603.3819782141201,False
92,8,DREADD/CNO__r8__sNA | CONTROL/MEDIA__r10__sNA | LMO7/hCTZ__r3__sNA | LMO7/hCTZ__r5__sNA | LMO7/hCTZ__r8__sNA | PSAM/uPSEM__r2__sNA | PSAM/uPSEM__r8__sNA | PSAM/uPSEM__r9__sNA,DREADD_CNO | EYFP_Control_Media | LMO7_hCTZ | LMO7_hCTZ | LMO7_hCTZ | PSAM_uPSEM | PSAM_uPSEM | PSAM_uPSEM,EYFP_Control_Media,LMO7_hCTZ,10,6,1224.0,1430.0,206.0,1.2419045971005416,0.4781939850923722,-204.56161715580333,616.5616171558033,False
92,8,DREADD/CNO__r8__sNA | CONTROL/MEDIA__r10__sNA | LMO7/hCTZ__r3__sNA | LMO7/hCTZ__r5__sNA | LMO7/hCTZ__r8__sNA | PSAM/uPSEM__r2__sNA | PSAM/uPSEM__r8__sNA | PSAM/uPSEM__r9__sNA,DREADD_CNO | EYFP_Control_Media | LMO7_hCTZ | LMO7_hCTZ | LMO7_hCTZ | PSAM_uPSEM | PSAM_uPSEM | PSAM_uPSEM,EYFP_Control_Media,PSAM_uPSEM,10,9,1224.0,1024.4444444444443,-199.55555555555566,-1.3521150835394669,0.4105149105187238,-564.8554316933084,165.74432058219713,False
93,8,DREADD/CNO__r2__sNA | DREADD/CNO__r3__sNA | DREADD/CNO__r5__sNA | DREADD/CNO__r10__sNA | CONTROL/MEDIA__r11__sNA | LMO7/hCTZ__r3__sNA | PSAM/uPSEM__r9__sNA | PSAM/uPSEM__r12__sNA,DREADD_CNO | DREADD_CNO | DREADD_CNO | DREADD_CNO | EYFP_Control_Media | LMO7_hCTZ | PSAM_uPSEM | PSAM_uPSEM,EYFP_Control_Media,DREADD_CNO,10,8,1298.5,1605.625,307.125,1.8352994817539252,0.1846897683193497,-107.0386700501412,721.2886700501413,False
93,8,DREADD/CNO__r2__sNA | DREADD/CNO__r3__sNA | DREADD/CNO__r5__sNA | DREADD/CNO__r10__sNA | CONTROL/MEDIA__r11__sNA | LMO7/hCTZ__r3__sNA | PSAM/uPSEM__r9__sNA | PSAM/uPSEM__r12__sNA,DREADD_CNO | DREADD_CNO | DREADD_CNO | DREADD_CNO | EYFP_Control_Media | LMO7_hCTZ | PSAM_uPSEM | PSAM_uPSEM,EYFP_Control_Media,LMO7_hCTZ,10,8,1298.5,1447.8125,149.3125,0.8922528412515522,0.7108518571945981,-264.8511700501412,563.4761700501413,False
93,8,DREADD/CNO__r2__sNA | DREADD/CNO__r3__sNA | DREADD/CNO__r5__sNA | DREADD/CNO__r10__sNA | CONTROL/MEDIA__r11__sNA | LMO7/hCTZ__r3__sNA | PSAM/uPSEM__r9__sNA | PSAM/uPSEM__r12__sNA,DREADD_CNO | DREADD_CNO | DREADD_CNO | DREADD_CNO | EYFP_Control_Media | LMO7_hCTZ | PSAM_uPSEM | PSAM_uPSEM,EYFP_Control_Media,PSAM_uPSEM,10,10,1298.5,1063.75,-234.75,-1.4878996261342115,0.333838052462452,-625.2272528180836,155.72725281808357,False
94,7,DREADD/CNO__r3__sNA | DREADD/CNO__r11__sNA | CONTROL/MEDIA__r3__sNA | LMO7/hCTZ__r2__sNA | PSAM/uPSEM__r2__sNA | PSAM/uPSEM__r4__sNA | PSAM/uPSEM__r9__sNA,DREADD_CNO | DREADD_CNO | EYFP_Control_Media | LMO7_hCTZ | PSAM_uPSEM | PSAM_uPSEM | PSAM_uPSEM,EYFP_Control_Media,DREADD_CNO,10,10,1338.0,1573.25,235.25,1.5012966129887957,0.32484189332284163,-151.59860807550604,622.098608075506,False
94,7,DREADD/CNO__r3__sNA | DREADD/CNO__r11__sNA | CONTROL/MEDIA__r3__sNA | LMO7/hCTZ__r2__sNA | PSAM/uPSEM__r2__sNA | PSAM/uPSEM__r4__sNA | PSAM/uPSEM__r9__sNA,DREADD_CNO | DREADD_CNO | EYFP_Control_Media | LMO7_hCTZ | PSAM_uPSEM | PSAM_uPSEM | PSAM_uPSEM,EYFP_Control_Media,LMO7_hCTZ,10,8,1338.0,1330.9375,-7.0625,-0.04249316428079893,0.9999458983719663,-417.377411094151,403.252411094151,False
94,7,DREADD/CNO__r3__sNA | DREADD/CNO__r11__sNA | CONTROL/MEDIA__r3__sNA | LMO7/hCTZ__r2__sNA | PSAM/uPSEM__r2__sNA | PSAM/uPSEM__r4__sNA | PSAM/uPSEM__r9__sNA,DREADD_CNO | DREADD_CNO | EYFP_Control_Media | LMO7_hCTZ | PSAM_uPSEM | PSAM_uPSEM | PSAM_uPSEM,EYFP_Control_Media,PSAM_uPSEM,10,9,1338.0,1028.3333333333333,-309.66666666666674,-1.9234937702095307,0.15535363889301412,-707.115829441618,87.78249610828442,False
95,7,DREADD/CNO__r3__sNA | DREADD/CNO__r4__sNA | DREADD/CNO__r5__sNA | DREADD/CNO__r10__sNA | DREADD/CNO__r11__sNA | CONTROL/MEDIA__r9__sNA | PSAM/uPSEM__r9__sNA,DREADD_CNO | DREADD_CNO | DREADD_CNO | DREADD_CNO | DREADD_CNO | EYFP_Control_Media | PSAM_uPSEM,EYFP_Control_Media,DREADD_CNO,10,7,1334.75,1703.2142857142858,368.4642857142858,2.0397888933541735,0.1240436633019949,-77.42313541516631,814.3517068437379,False
95,7,DREADD/CNO__r3__sNA | DREADD/CNO__r4__sNA | DREADD/CNO__r5__sNA | DREADD/CNO__r10__sNA | DREADD/CNO__r11__sNA | CONTROL/MEDIA__r9__sNA | PSAM/uPSEM__r9__sNA,DREADD_CNO | DREADD_CNO | DREADD_CNO | DREADD_CNO | DREADD_CNO | EYFP_Control_Media | PSAM_uPSEM,EYFP_Control_Media,LMO7_hCTZ,10,9,1334.75,1357.2222222222222,22.47222222222217,0.13343069228223745,0.998352581533245,-393.25199646721245,438.1964409116568,False
95,7,DREADD/CNO__r3__sNA | DREADD/CNO__r4__sNA | DREADD/CNO__r5__sNA | DREADD/CNO__r10__sNA | DREADD/CNO__r11__sNA | CONTROL/MEDIA__r9__sNA | PSAM/uPSEM__r9__sNA,DREADD_CNO | DREADD_CNO | DREADD_CNO | DREADD_CNO | DREADD_CNO | EYFP_Control_Media | PSAM_uPSEM,EYFP_Control_Media,PSAM_uPSEM,10,11,1334.75,1103.8636363636363,-230.88636363636374,-1.4416181560074879,0.3570153035074962,-626.2193788202973,164.4466515475698,False
96,6,DREADD/CNO__r4__sNA | DREADD/CNO__r5__sNA | LMO7/hCTZ__r2__sNA | LMO7/hCTZ__r5__sNA | PSAM/uPSEM__r2__sNA | PSAM/uPSEM__r9__sNA,DREADD_CNO | DREADD_CNO | LMO7_hCTZ | LMO7_hCTZ | PSAM_uPSEM | PSAM_uPSEM,EYFP_Control_Media,DREADD_CNO,11,10,1299.7727272727273,1563.75,263.97727272727275,1.68465068149463,0.24244183282413312,-122.78642567395474,650.7409711285002,False
96,6,DREADD/CNO__r4__sNA | DREADD/CNO__r5__sNA | LMO7/hCTZ__r2__sNA | LMO7/hCTZ__r5__sNA | PSAM/uPSEM__r2__sNA | PSAM/uPSEM__r9__sNA,DREADD_CNO | DREADD_CNO | LMO7_hCTZ | LMO7_hCTZ | PSAM_uPSEM | PSAM_uPSEM,EYFP_Control_Media,LMO7_hCTZ,11,7,1299.7727272727273,1319.2857142857142,19.51298701298697,0.11253548699087396,0.9990373405825302,-408.4668309371679,447.49280496314185,False
96,6,DREADD/CNO__r4__sNA | DREADD/CNO__r5__sNA | LMO7/hCTZ__r2__sNA | LMO7/hCTZ__r5__sNA | PSAM/uPSEM__r2__sNA | PSAM/uPSEM__r9__sNA,DREADD_CNO | DREADD_CNO | LMO7_hCTZ | LMO7_hCTZ | PSAM_uPSEM | PSAM_uPSEM,EYFP_Control_Media,PSAM_uPSEM,11,10,1299.7727272727273,1022.75,-277.02272727272725,-1.7679041891294052,0.20934649642907655,-663.7864256739547,109.74097112850023,False
97,8,DREADD/CNO__r4__sNA | CONTROL/MEDIA__r3__sNA | CONTROL/MEDIA__r10__sNA | LMO7/hCTZ__r1__sNA | LMO7/hCTZ__r5__sNA | LMO7/hCTZ__r7__sNA | PSAM/uPSEM__r2__sNA | PSAM/uPSEM__r9__sNA,DREADD_CNO | EYFP_Control_Media | EYFP_Control_Media | LMO7_hCTZ | LMO7_hCTZ | LMO7_hCTZ | PSAM_uPSEM | PSAM_uPSEM,EYFP_Control_Media,DREADD_CNO,9,11,1258.0555555555557,1525.909090909091,267.85353535353534,1.7216029108393953,0.22329459748353409,-116.23513453992842,651.942205246999,False
97,8,DREADD/CNO__r4__sNA | CONTROL/MEDIA__r3__sNA | CONTROL/MEDIA__r10__sNA | LMO7/hCTZ__r1__sNA | LMO7/hCTZ__r5__sNA | LMO7/hCTZ__r7__sNA | PSAM/uPSEM__r2__sNA | PSAM/uPSEM__r9__sNA,DREADD_CNO | EYFP_Control_Media | EYFP_Control_Media | LMO7_hCTZ | LMO7_hCTZ | LMO7_hCTZ | PSAM_uPSEM | PSAM_uPSEM,EYFP_Control_Media,LMO7_hCTZ,9,6,1258.0555555555557,1370.0,111.94444444444434,0.6136020496538267,0.8736977944982843,-338.43944316503604,562.3283320539247,False
97,8,DREADD/CNO__r4__sNA | CONTROL/MEDIA__r3__sNA | CONTROL/MEDIA__r10__sNA | LMO7/hCTZ__r1__sNA | LMO7/hCTZ__r5__sNA | LMO7/hCTZ__r7__sNA | PSAM/uPSEM__r2__sNA | PSAM/uPSEM__r9__sNA,DREADD_CNO | EYFP_Control_Media | EYFP_Control_Media | LMO7_hCTZ | LMO7_hCTZ | LMO7_hCTZ | PSAM_uPSEM | PSAM_uPSEM,EYFP_Control_Media,PSAM_uPSEM,9,10,1258.0555555555557,1022.75,-235.30555555555566,-1.4794818480126155,0.33359171052238945,-627.9411259332967,157.33001482218543,False
98,8,DREADD/CNO__r12__sNA | CONTROL/MEDIA__r5__sNA | CONTROL/MEDIA__r7__sNA | CONTROL/MEDIA__r8__sNA | CONTROL/MEDIA__r10__sNA | LMO7/hCTZ__r3__sNA | LMO7/hCTZ__r7__sNA | PSAM/uPSEM__r1__sNA,DREADD_CNO | EYFP_Control_Media | EYFP_Control_Media | EYFP_Control_Media | EYFP_Control_Media | LMO7_hCTZ | LMO7_hCTZ | PSAM_uPSEM,EYFP_Control_Media,DREADD_CNO,7,11,1012.8571428571429,1492.2727272727273,479.41558441558436,2.920845469635171,0.016533890987556088,77.43316473739122,881.3980040937774,True
98,8,DREADD/CNO__r12__sNA | CONTROL/MEDIA__r5__sNA | CONTROL/MEDIA__r7__sNA | CONTROL/MEDIA__r8__sNA | CONTROL/MEDIA__r10__sNA | LMO7/hCTZ__r3__sNA | LMO7/hCTZ__r7__sNA | PSAM/uPSEM__r1__sNA,DREADD_CNO | EYFP_Control_Media | EYFP_Control_Media | EYFP_Control_Media | EYFP_Control_Media | LMO7_hCTZ | LMO7_hCTZ | PSAM_uPSEM,EYFP_Control_Media,LMO7_hCTZ,7,7,1012.8571428571429,1463.2142857142858,450.3571428571429,2.481866405965841,0.046370887124610904,5.948856726561644,894.7654289877241,True
98,8,DREADD/CNO__r12__sNA | CONTROL/MEDIA__r5__sNA | CONTROL/MEDIA__r7__sNA | CONTROL/MEDIA__r8__sNA | CONTROL/MEDIA__r10__sNA | LMO7/hCTZ__r3__sNA | LMO7/hCTZ__r7__sNA | PSAM/uPSEM__r1__sNA,DREADD_CNO | EYFP_Control_Media | EYFP_Control_Media | EYFP_Control_Media | EYFP_Control_Media | LMO7_hCTZ | LMO7_hCTZ | PSAM_uPSEM,EYFP_Control_Media,PSAM_uPSEM,7,11,1012.8571428571429,1182.9545454545455,170.0974025974026,1.036320561791864,0.5856112867009098,-231.88501708079053,572.0798222755957,False
99,7,DREADD/CNO__r12__sNA | LMO7/hCTZ__r3__sNA | LMO7/hCTZ__r5__sNA | LMO7/hCTZ__r6__sNA | PSAM/uPSEM__r1__sNA | PSAM/uPSEM__r2__sNA | PSAM/uPSEM__r9__sNA,DREADD_CNO | LMO7_hCTZ | LMO7_hCTZ | LMO7_hCTZ | PSAM_uPSEM | PSAM_uPSEM | PSAM_uPSEM,EYFP_Control_Media,DREADD_CNO,11,11,1299.7727272727273,1492.2727272727273,192.5,1.3023612504511277,0.44438975907769107,-173.39902668080333,558.3990266808033,False
99,7,DREADD/CNO__r12__sNA | LMO7/hCTZ__r3__sNA | LMO7/hCTZ__r5__sNA | LMO7/hCTZ__r6__sNA | PSAM/uPSEM__r1__sNA | PSAM/uPSEM__r2__sNA | PSAM/uPSEM__r9__sNA,DREADD_CNO | LMO7_hCTZ | LMO7_hCTZ | LMO7_hCTZ | PSAM_uPSEM | PSAM_uPSEM | PSAM_uPSEM,EYFP_Control_Media,LMO7_hCTZ,11,6,1299.7727272727273,1480.8333333333333,181.060606060606,1.0291788773807564,0.6240556620475803,-254.4463457918019,616.5675579130138,False
99,7,DREADD/CNO__r12__sNA | LMO7/hCTZ__r3__sNA | LMO7/hCTZ__r5__sNA | LMO7/hCTZ__r6__sNA | PSAM/uPSEM__r1__sNA | PSAM/uPSEM__r2__sNA | PSAM/uPSEM__r9__sNA,DREADD_CNO | LMO7_hCTZ | LMO7_hCTZ | LMO7_hCTZ | PSAM_uPSEM | PSAM_uPSEM | PSAM_uPSEM,EYFP_Control_Media,PSAM_uPSEM,11,9,1299.7727272727273,1006.9444444444445,-292.8282828282828,-1.8794683111604633,0.17210202994882828,-678.5197221449689,92.86315648840326,False
100,7,DREADD/CNO__r4__sNA | DREADD/CNO__r8__sNA | DREADD/CNO__r11__sNA | CONTROL/MEDIA__r2__sNA | CONTROL/MEDIA__r6__sNA | PSAM/uPSEM__r2__sNA | PSAM/uPSEM__r9__sNA,DREADD_CNO | DREADD_CNO | DREADD_CNO | EYFP_Control_Media | EYFP_Control_Media | PSAM_uPSEM | PSAM_uPSEM,EYFP_Control_Media,DREADD_CNO,9,9,1416.6666666666667,1510.0,93.33333333333326,0.5846092772662027,0.8859188268273154,-299.58673001737776,486.2533966840443,False
100,7,DREADD/CNO__r4__sNA | DREADD/CNO__r8__sNA | DREADD/CNO__r11__sNA | CONTROL/MEDIA__r2__sNA | CONTROL/MEDIA__r6__sNA | PSAM/uPSEM__r2__sNA | PSAM/uPSEM__r9__sNA,DREADD_CNO | DREADD_CNO | DREADD_CNO | EYFP_Control_Media | EYFP_Control_Media | PSAM_uPSEM | PSAM_uPSEM,EYFP_Control_Media,LMO7_hCTZ,9,9,1416.6666666666667,1357.2222222222222,-59.44444444444457,-0.3723404325445469,0.9656479053210646,-452.3645077951556,333.47561890626645,False
100,7,DREADD/CNO__r4__sNA | DREADD/CNO__r8__sNA | DREADD/CNO__r11__sNA | CONTROL/MEDIA__r2__sNA | CONTROL/MEDIA__r6__sNA | PSAM/uPSEM__r2__sNA | PSAM/uPSEM__r9__sNA,DREADD_CNO | DREADD_CNO | DREADD_CNO | EYFP_Control_Media | EYFP_Control_Media | PSAM_uPSEM | PSAM_uPSEM,EYFP_Control_Media,PSAM_uPSEM,9,10,1416.6666666666667,1022.75,-393.91666666666674,-2.531462392985507,0.042527544804673356,-776.8877718095357,-10.945561523797721,True
101,4,DREADD/CNO__r7__sNA | PSAM/uPSEM__r1__sNA | PSAM/uPSEM__r2__sNA | PSAM/uPSEM__r9__sNA,DREADD_CNO | PSAM_uPSEM | PSAM_uPSEM | PSAM_uPSEM,EYFP_Control_Media,DREADD_CNO,11,11,1299.7727272727273,1535.0,235.22727272727275,1.5590837937128716,0.29570810947279125,-136.00439811075557,606.4589435653011,False
101,4,DREADD/CNO__r7__sNA | PSAM/uPSEM__r1__sNA | PSAM/uPSEM__r2__sNA | PSAM/uPSEM__r9__sNA,DREADD_CNO | PSAM_uPSEM | PSAM_uPSEM | PSAM_uPSEM,EYFP_Control_Media,LMO7_hCTZ,11,9,1299.7727272727273,1357.2222222222222,57.44949494949492,0.36123452693895225,0.9701337629292394,-333.86304486319773,448.76203476218757,False
101,4,DREADD/CNO__r7__sNA | PSAM/uPSEM__r1__sNA | PSAM/uPSEM__r2__sNA | PSAM/uPSEM__r9__sNA,DREADD_CNO | PSAM_uPSEM | PSAM_uPSEM | PSAM_uPSEM,EYFP_Control_Media,PSAM_uPSEM,11,9,1299.7727272727273,1006.9444444444445,-292.8282828282828,-1.8412639887402604,0.18037648692311448,-684.1408226409754,98.48425698440985,False
102,8,DREADD/CNO__r12__sNA | CONTROL/MEDIA__r2__sNA | CONTROL/MEDIA__r5__sNA | CONTROL/MEDIA__r10__sNA | LMO7/hCTZ__r1__sNA | LMO7/hCTZ__r9__sNA | PSAM/uPSEM__r2__sNA | PSAM/uPSEM__r9__sNA,DREADD_CNO | EYFP_Control_Media | EYFP_Control_Media | EYFP_Control_Media | LMO7_hCTZ | LMO7_hCTZ | PSAM_uPSEM | PSAM_uPSEM,EYFP_Control_Media,DREADD_CNO,8,11,1240.0,1492.2727272727273,252.27272727272725,1.6731469209272776,0.237200719163984,-118.23197356082846,622.777428106283,False
102,8,DREADD/CNO__r12__sNA | CONTROL/MEDIA__r2__sNA | CONTROL/MEDIA__r5__sNA | CONTROL/MEDIA__r10__sNA | LMO7/hCTZ__r1__sNA | LMO7/hCTZ__r9__sNA | PSAM/uPSEM__r2__sNA | PSAM/uPSEM__r9__sNA,DREADD_CNO | EYFP_Control_Media | EYFP_Control_Media | EYFP_Control_Media | LMO7_hCTZ | LMO7_hCTZ | PSAM_uPSEM | PSAM_uPSEM,EYFP_Control_Media,LMO7_hCTZ,8,7,1240.0,1342.857142857143,102.85714285714289,0.6124661359888358,0.8682927566077882,-309.81948600373187,515.5337717180176,False
102,8,DREADD/CNO__r12__sNA | CONTROL/MEDIA__r2__sNA | CONTROL/MEDIA__r5__sNA | CONTROL/MEDIA__r10__sNA | LMO7/hCTZ__r1__sNA | LMO7/hCTZ__r9__sNA | PSAM/uPSEM__r2__sNA | PSAM/uPSEM__r9__sNA,DREADD_CNO | EYFP_Control_Media | EYFP_Control_Media | EYFP_Control_Media | LMO7_hCTZ | LMO7_hCTZ | PSAM_uPSEM | PSAM_uPSEM,EYFP_Control_Media,PSAM_uPSEM,8,10,1240.0,1022.75,-217.25,-1.4114573730310278,0.36192648463825683,-595.4743778588313,160.97437785883125,False
103,7,DREADD/CNO__r3__sNA | DREADD/CNO__r9__sNA | CONTROL/MEDIA__r9__sNA | LMO7/hCTZ__r2__sNA | PSAM/uPSEM__r2__sNA | PSAM/uPSEM__r9__sNA | PSAM/uPSEM__r10__sNA,DREADD_CNO | DREADD_CNO | EYFP_Control_Media | LMO7_hCTZ | PSAM_uPSEM | PSAM_uPSEM | PSAM_uPSEM,EYFP_Control_Media,DREADD_CNO,10,10,1334.75,1566.5,231.75,1.4703941679224215,0.3409339107289451,-157.35237584041505,620.8523758404151,False
103,7,DREADD/CNO__r3__sNA | DREADD/CNO__r9__sNA | CONTROL/MEDIA__r9__sNA | LMO7/hCTZ__r2__sNA | PSAM/uPSEM__r2__sNA | PSAM/uPSEM__r9__sNA | PSAM/uPSEM__r10__sNA,DREADD_CNO | DREADD_CNO | EYFP_Control_Media | LMO7_hCTZ | PSAM_uPSEM | PSAM_uPSEM | PSAM_uPSEM,EYFP_Control_Media,LMO7_hCTZ,10,8,1334.75,1330.9375,-3.8125,-0.022805921221309176,0.9999916279255279,-416.5178927988312,408.8928927988312,False
103,7,DREADD/CNO__r3__sNA | DREADD/CNO__r9__sNA | CONTROL/MEDIA__r9__sNA | LMO7/hCTZ__r2__sNA | PSAM/uPSEM__r2__sNA | PSAM/uPSEM__r9__sNA | PSAM/uPSEM__r10__sNA,DREADD_CNO | DREADD_CNO | EYFP_Control_Media | LMO7_hCTZ | PSAM_uPSEM | PSAM_uPSEM | PSAM_uPSEM,EYFP_Control_Media,PSAM_uPSEM,10,9,1334.75,1023.0555555555555,-311.69444444444446,-1.924875045912487,0.15494497564319265,-711.4591334809699,88.07024459208094,False
104,7,DREADD/CNO__r7__sNA | CONTROL/MEDIA__r2__sNA | CONTROL/MEDIA__r8__sNA | PSAM/uPSEM__r2__sNA | PSAM/uPSEM__r8__sNA | PSAM/uPSEM__r9__sNA | PSAM/uPSEM__r10__sNA,DREADD_CNO | EYFP_Control_Media | EYFP_Control_Media | PSAM_uPSEM | PSAM_uPSEM | PSAM_uPSEM | PSAM_uPSEM,EYFP_Control_Media,DREADD_CNO,9,11,1292.7777777777778,1535.0,242.22222222222217,1.6381814022723413,0.255070031158378,-121.75157168489096,606.1960161293352,False
104,7,DREADD/CNO__r7__sNA | CONTROL/MEDIA__r2__sNA | CONTROL/MEDIA__r8__sNA | PSAM/uPSEM__r2__sNA | PSAM/uPSEM__r8__sNA | PSAM/uPSEM__r9__sNA | PSAM/uPSEM__r10__sNA,DREADD_CNO | EYFP_Control_Media | EYFP_Control_Media | PSAM_uPSEM | PSAM_uPSEM | PSAM_uPSEM | PSAM_uPSEM,EYFP_Control_Media,LMO7_hCTZ,9,9,1292.7777777777778,1357.2222222222222,64.44444444444434,0.415563263875892,0.9536134112538929,-317.2944911073952,446.18337999628386,False
104,7,DREADD/CNO__r7__sNA | CONTROL/MEDIA__r2__sNA | CONTROL/MEDIA__r8__sNA | PSAM/uPSEM__r2__sNA | PSAM/uPSEM__r8__sNA | PSAM/uPSEM__r9__sNA | PSAM/uPSEM__r10__sNA,DREADD_CNO | EYFP_Control_Media | EYFP_Control_Media | PSAM_uPSEM | PSAM_uPSEM | PSAM_uPSEM | PSAM_uPSEM,EYFP_Control_Media,PSAM_uPSEM,9,8,1292.7777777777778,1025.0,-267.7777777777778,-1.6751809602105554,0.23949742809025998,-661.2652659505495,125.70971039499392,False
105,6,DREADD/CNO__r6__sNA | CONTROL/MEDIA__r5__sNA | CONTROL/MEDIA__r8__sNA | CONTROL/MEDIA__r11__sNA | PSAM/uPSEM__r2__sNA | PSAM/uPSEM__r9__sNA,DREADD_CNO | EYFP_Control_Media | EYFP_Control_Media | EYFP_Control_Media | PSAM_uPSEM | PSAM_uPSEM,EYFP_Control_Media,DREADD_CNO,8,11,1160.3125,1449.090909090909,288.778409090909,1.9697074273975697,0.1352968681551956,-69.93051051173796,647.487328693556,False
105,6,DREADD/CNO__r6__sNA | CONTROL/MEDIA__r5__sNA | CONTROL/MEDIA__r8__sNA | CONTROL/MEDIA__r11__sNA | PSAM/uPSEM__r2__sNA | PSAM/uPSEM__r9__sNA,DREADD_CNO | EYFP_Control_Media | EYFP_Control_Media | EYFP_Control_Media | PSAM_uPSEM | PSAM_uPSEM,EYFP_Control_Media,LMO7_hCTZ,8,9,1160.3125,1357.2222222222222,196.90972222222217,1.2843441577031263,0.42952556075927284,-178.2057036273879,572.0251480718323,False
105,6,DREADD/CNO__r6__sNA | CONTROL/MEDIA__r5__sNA | CONTROL/MEDIA__r8__sNA | CONTROL/MEDIA__r11__sNA | PSAM/uPSEM__r2__sNA | PSAM/uPSEM__r9__sNA,DREADD_CNO | EYFP_Control_Media | EYFP_Control_Media | EYFP_Control_Media | PSAM_uPSEM | PSAM_uPSEM,EYFP_Control_Media,PSAM_uPSEM,8,10,1160.3125,1022.75,-137.5625,-0.9191391571489617,0.6711170788837707,-503.7453247897824,228.6203247897824,False
106,8,DREADD/CNO__r3__sNA | DREADD/CNO__r5__sNA | DREADD/CNO__r9__sNA | CONTROL/MEDIA__r1__sNA | CONTROL/MEDIA__r10__sNA | LMO7/hCTZ__r4__sNA | PSAM/uPSEM__r2__sNA | PSAM/uPSEM__r12__sNA,DREADD_CNO | DREADD_CNO | DREADD_CNO | EYFP_Control_Media | EYFP_Control_Media | LMO7_hCTZ | PSAM_uPSEM | PSAM_uPSEM,EYFP_Control_Media,DREADD_CNO,9,9,1208.0555555555557,1613.0555555555557,405.0,2.3869853065137954,0.05944706529745014,-13.568896331821634,823.5688963318216,False
106,8,DREADD/CNO__r3__sNA | DREADD/CNO__r5__sNA | DREADD/CNO__r9__sNA | CONTROL/MEDIA__r1__sNA | CONTROL/MEDIA__r10__sNA | LMO7/hCTZ__r4__sNA | PSAM/uPSEM__r2__sNA | PSAM/uPSEM__r12__sNA,DREADD_CNO | DREADD_CNO | DREADD_CNO | EYFP_Control_Media | EYFP_Control_Media | LMO7_hCTZ | PSAM_uPSEM | PSAM_uPSEM,EYFP_Control_Media,LMO7_hCTZ,9,8,1208.0555555555557,1330.3125,122.25694444444434,0.6990428377490244,0.8259252920998101,-309.193998349133,553.7078872380216,False
106,8,DREADD/CNO__r3__sNA | DREADD/CNO__r5__sNA | DREADD/CNO__r9__sNA | CONTROL/MEDIA__r1__sNA | CONTROL/MEDIA__r10__sNA | LMO7/hCTZ__r4__sNA | PSAM/uPSEM__r2__sNA | PSAM/uPSEM__r12__sNA,DREADD_CNO | DREADD_CNO | DREADD_CNO | EYFP_Control_Media | EYFP_Control_Media | LMO7_hCTZ | PSAM_uPSEM | PSAM_uPSEM,EYFP_Control_Media,PSAM_uPSEM,9,10,1208.0555555555557,1075.75,-132.30555555555566,-0.8000387093005044,0.7639323001878371,-540.2760507235486,275.66493961243725,False
107,4,CONTROL/MEDIA__r8__sNA | CONTROL/MEDIA__r10__sNA | CONTROL/MEDIA__r11__sNA | PSAM/uPSEM__r9__sNA,EYFP_Control_Media | EYFP_Control_Media | EYFP_Control_Media | PSAM_uPSEM,EYFP_Control_Media,DREADD_CNO,8,12,1113.125,1506.25,393.125,2.588049428875229,0.03520922038606589,23.22926856863279,763.0207314313673,True
107,4,CONTROL/MEDIA__r8__sNA | CONTROL/MEDIA__r10__sNA | CONTROL/MEDIA__r11__sNA | PSAM/uPSEM__r9__sNA,EYFP_Control_Media | EYFP_Control_Media | EYFP_Control_Media | PSAM_uPSEM,EYFP_Control_Media,LMO7_hCTZ,8,9,1113.125,1357.2222222222222,244.09722222222217,1.509474948966843,0.3026835139193502,-149.6868545025302,637.8812989469745,False
107,4,CONTROL/MEDIA__r8__sNA | CONTROL/MEDIA__r10__sNA | CONTROL/MEDIA__r11__sNA | PSAM/uPSEM__r9__sNA,EYFP_Control_Media | EYFP_Control_Media | EYFP_Control_Media | PSAM_uPSEM,EYFP_Control_Media,PSAM_uPSEM,8,11,1113.125,1103.8636363636363,-9.26136363636374,-0.05989088867988002,0.9998236284156902,-385.8224192067437,367.2996919340162,False
108,4,CONTROL/MEDIA__r3__sNA | CONTROL/MEDIA__r4__sNA | PSAM/uPSEM__r2__sNA | PSAM/uPSEM__r9__sNA,EYFP_Control_Media | EYFP_Control_Media | PSAM_uPSEM | PSAM_uPSEM,EYFP_Control_Media,DREADD_CNO,9,12,1376.111111111111,1506.25,130.1388888888889,0.8492827969238496,0.7240338499183193,-244.5865087032924,504.8642864810702,False
108,4,CONTROL/MEDIA__r3__sNA | CONTROL/MEDIA__r4__sNA | PSAM/uPSEM__r2__sNA | PSAM/uPSEM__r9__sNA,EYFP_Control_Media | EYFP_Control_Media | PSAM_uPSEM | PSAM_uPSEM,EYFP_Control_Media,LMO7_hCTZ,9,9,1376.111111111111,1357.2222222222222,-18.888888888888914,-0.11530699948707082,0.9988301963948003,-419.4871894353425,381.70941165756466,False
108,4,CONTROL/MEDIA__r3__sNA | CONTROL/MEDIA__r4__sNA | PSAM/uPSEM__r2__sNA | PSAM/uPSEM__r9__sNA,EYFP_Control_Media | EYFP_Control_Media | PSAM_uPSEM | PSAM_uPSEM,EYFP_Control_Media,PSAM_uPSEM,9,10,1376.111111111111,1022.75,-353.3611111111111,-2.213126346655223,0.08300294652439644,-743.8160361417366,37.093813919514446,False
109,7,DREADD/CNO__r3__sNA | CONTROL/MEDIA__r3__sNA | LMO7/hCTZ__r6__sNA | PSAM/uPSEM__r1__sNA | PSAM/uPSEM__r2__sNA | PSAM/uPSEM__r4__sNA | PSAM/uPSEM__r9__sNA,DREADD_CNO | EYFP_Control_Media | LMO7_hCTZ | PSAM_uPSEM | PSAM_uPSEM | PSAM_uPSEM | PSAM_uPSEM,EYFP_Control_Media,DREADD_CNO,10,11,1338.0,1557.5,219.5,1.4249567071565903,0.36587531065182377,-160.7001992633625,599.7001992633625,False
109,7,DREADD/CNO__r3__sNA | CONTROL/MEDIA__r3__sNA | LMO7/hCTZ__r6__sNA | PSAM/uPSEM__r1__sNA | PSAM/uPSEM__r2__sNA | PSAM/uPSEM__r4__sNA | PSAM/uPSEM__r9__sNA,DREADD_CNO | EYFP_Control_Media | LMO7_hCTZ | PSAM_uPSEM | PSAM_uPSEM | PSAM_uPSEM | PSAM_uPSEM,EYFP_Control_Media,LMO7_hCTZ,10,8,1338.0,1366.25,28.25,0.16893033495396678,0.9966794265768906,-384.50305312346256,441.00305312346256,False
109,7,DREADD/CNO__r3__sNA | CONTROL/MEDIA__r3__sNA | LMO7/hCTZ__r6__sNA | PSAM/uPSEM__r1__sNA | PSAM/uPSEM__r2__sNA | PSAM/uPSEM__r4__sNA | PSAM/uPSEM__r9__sNA,DREADD_CNO | EYFP_Control_Media | LMO7_hCTZ | PSAM_uPSEM | PSAM_uPSEM | PSAM_uPSEM | PSAM_uPSEM,EYFP_Control_Media,PSAM_uPSEM,10,8,1338.0,1011.25,-326.75,-1.9539110423436687,0.1467113094451894,-739.5030531234626,86.00305312346256,False
110,8,DREADD/CNO__r5__sNA | DREADD/CNO__r7__sNA | DREADD/CNO__r10__sNA | LMO7/hCTZ__r4__sNA | LMO7/hCTZ__r9__sNA | PSAM/uPSEM__r2__sNA | PSAM/uPSEM__r8__sNA | PSAM/uPSEM__r9__sNA,DREADD_CNO | DREADD_CNO | DREADD_CNO | LMO7_hCTZ | LMO7_hCTZ | PSAM_uPSEM | PSAM_uPSEM | PSAM_uPSEM,EYFP_Control_Media,DREADD_CNO,11,9,1299.7727272727273,1596.111111111111,296.33838383838383,1.8198664622632885,0.1930256621434716,-107.52932111786788,700.2060887946355,False
110,8,DREADD/CNO__r5__sNA | DREADD/CNO__r7__sNA | DREADD/CNO__r10__sNA | LMO7/hCTZ__r4__sNA | LMO7/hCTZ__r9__sNA | PSAM/uPSEM__r2__sNA | PSAM/uPSEM__r8__sNA | PSAM/uPSEM__r9__sNA,DREADD_CNO | DREADD_CNO | DREADD_CNO | LMO7_hCTZ | LMO7_hCTZ | PSAM_uPSEM | PSAM_uPSEM | PSAM_uPSEM,EYFP_Control_Media,LMO7_hCTZ,11,7,1299.7727272727273,1295.7142857142858,-4.058441558441473,-0.02316954048642104,0.9999916931229905,-438.50125337338204,430.3843702564991,False
110,8,DREADD/CNO__r5__sNA | DREADD/CNO__r7__sNA | DREADD/CNO__r10__sNA | LMO7/hCTZ__r4__sNA | LMO7/hCTZ__r9__sNA | PSAM/uPSEM__r2__sNA | PSAM/uPSEM__r8__sNA | PSAM/uPSEM__r9__sNA,DREADD_CNO | DREADD_CNO | DREADD_CNO | LMO7_hCTZ | LMO7_hCTZ | PSAM_uPSEM | PSAM_uPSEM | PSAM_uPSEM,EYFP_Control_Media,PSAM_uPSEM,11,9,1299.7727272727273,1024.4444444444443,-275.3282828282829,-1.6908397135114308,0.24285019500476113,-679.1959877845346,128.5394221279688,False
111,5,DREADD/CNO__r5__sNA | CONTROL/MEDIA__r11__sNA | LMO7/hCTZ__r7__sNA | PSAM/uPSEM__r2__sNA | PSAM/uPSEM__r9__sNA,DREADD_CNO | EYFP_Control_Media | LMO7_hCTZ | PSAM_uPSEM | PSAM_uPSEM,EYFP_Control_Media,DREADD_CNO,10,11,1298.5,1538.8636363636363,240.36363636363626,1.5345758123635422,0.3046365206127921,-144.69975692126206,625.4270296485346,False
111,5,DREADD/CNO__r5__sNA | CONTROL/MEDIA__r11__sNA | LMO7/hCTZ__r7__sNA | PSAM/uPSEM__r2__sNA | PSAM/uPSEM__r9__sNA,DREADD_CNO | EYFP_Control_Media | LMO7_hCTZ | PSAM_uPSEM | PSAM_uPSEM,EYFP_Control_Media,LMO7_hCTZ,10,8,1298.5,1359.375,60.875,0.35799800210689653,0.9700236145640344,-357.1576352599523,478.9076352599523,False
111,5,DREADD/CNO__r5__sNA | CONTROL/MEDIA__r11__sNA | LMO7/hCTZ__r7__sNA | PSAM/uPSEM__r2__sNA | PSAM/uPSEM__r9__sNA,DREADD_CNO | EYFP_Control_Media | LMO7_hCTZ | PSAM_uPSEM | PSAM_uPSEM,EYFP_Control_Media,PSAM_uPSEM,10,10,1298.5,1022.75,-275.75,-1.7200196604514235,0.22266349362788496,-669.8749481994599,118.37494819945994,False
112,6,DREADD/CNO__r10__sNA | CONTROL/MEDIA__r2__sNA | LMO7/hCTZ__r5__sNA | PSAM/uPSEM__r1__sNA | PSAM/uPSEM__r2__sNA | PSAM/uPSEM__r9__sNA,DREADD_CNO | EYFP_Control_Media | LMO7_hCTZ | PSAM_uPSEM | PSAM_uPSEM | PSAM_uPSEM,EYFP_Control_Media,DREADD_CNO,10,11,1365.75,1518.409090909091,152.659090909091,1.0043658009679686,0.6308383148150929,-221.94106056147217,527.2592423796541,False
112,6,DREADD/CNO__r10__sNA | CONTROL/MEDIA__r2__sNA | LMO7/hCTZ__r5__sNA | PSAM/uPSEM__r1__sNA | PSAM/uPSEM__r2__sNA | PSAM/uPSEM__r9__sNA,DREADD_CNO | EYFP_Control_Media | LMO7_hCTZ | PSAM_uPSEM | PSAM_uPSEM | PSAM_uPSEM,EYFP_Control_Media,LMO7_hCTZ,10,8,1365.75,1350.3125,-15.4375,-0.09355527095775298,0.9994197775166872,-422.1110275772013,391.2360275772013,False
112,6,DREADD/CNO__r10__sNA | CONTROL/MEDIA__r2__sNA | LMO7/hCTZ__r5__sNA | PSAM/uPSEM__r1__sNA | PSAM/uPSEM__r2__sNA | PSAM/uPSEM__r9__sNA,DREADD_CNO | EYFP_Control_Media | LMO7_hCTZ | PSAM_uPSEM | PSAM_uPSEM | PSAM_uPSEM,EYFP_Control_Media,PSAM_uPSEM,10,9,1365.75,1006.9444444444445,-358.80555555555554,-2.244843980810095,0.08054372718402147,-752.7275132716048,35.11640216049375,False
113,6,CONTROL/MEDIA__r6__sNA | LMO7/hCTZ__r7__sNA | PSAM/uPSEM__r2__sNA | PSAM/uPSEM__r6__sNA | PSAM/uPSEM__r9__sNA | PSAM/uPSEM__r12__sNA,EYFP_Control_Media | LMO7_hCTZ | PSAM_uPSEM | PSAM_uPSEM | PSAM_uPSEM | PSAM_uPSEM,EYFP_Control_Media,DREADD_CNO,10,12,1339.0,1506.25,167.25,1.1105679686593655,0.5592687318802236,-203.96564265657412,538.4656426565741,False
113,6,CONTROL/MEDIA__r6__sNA | LMO7/hCTZ__r7__sNA | PSAM/uPSEM__r2__sNA | PSAM/uPSEM__r6__sNA | PSAM/uPSEM__r9__sNA | PSAM/uPSEM__r12__sNA,EYFP_Control_Media | LMO7_hCTZ | PSAM_uPSEM | PSAM_uPSEM | PSAM_uPSEM | PSAM_uPSEM,EYFP_Control_Media,LMO7_hCTZ,10,8,1339.0,1359.375,20.375,0.12212542625980723,0.9987203842179494,-390.86638236504,431.61638236504,False
113,6,CONTROL/MEDIA__r6__sNA | LMO7/hCTZ__r7__sNA | PSAM/uPSEM__r2__sNA | PSAM/uPSEM__r6__sNA | PSAM/uPSEM__r9__sNA | PSAM/uPSEM__r12__sNA,EYFP_Control_Media | LMO7_hCTZ | PSAM_uPSEM | PSAM_uPSEM | PSAM_uPSEM | PSAM_uPSEM,EYFP_Control_Media,PSAM_uPSEM,10,8,1339.0,977.1875,-361.8125,-2.1686628607914846,0.09467252828717465,-773.05388236504,49.42888236504001,False
114,8,DREADD/CNO__r3__sNA | CONTROL/MEDIA__r4__sNA | CONTROL/MEDIA__r6__sNA | LMO7/hCTZ__r6__sNA | LMO7/hCTZ__r8__sNA | PSAM/uPSEM__r2__sNA | PSAM/uPSEM__r9__sNA | PSAM/uPSEM__r11__sNA,DREADD_CNO | EYFP_Control_Media | EYFP_Control_Media | LMO7_hCTZ | LMO7_hCTZ | PSAM_uPSEM | PSAM_uPSEM | PSAM_uPSEM,EYFP_Control_Media,DREADD_CNO,9,11,1377.2222222222222,1557.5,180.27777777777783,1.1474346990372224,0.531075056754587,-207.41767309320835,567.973228648764,False
114,8,DREADD/CNO__r3__sNA | CONTROL/MEDIA__r4__sNA | CONTROL/MEDIA__r6__sNA | LMO7/hCTZ__r6__sNA | LMO7/hCTZ__r8__sNA | PSAM/uPSEM__r2__sNA | PSAM/uPSEM__r9__sNA | PSAM/uPSEM__r11__sNA,DREADD_CNO | EYFP_Control_Media | EYFP_Control_Media | LMO7_hCTZ | LMO7_hCTZ | PSAM_uPSEM | PSAM_uPSEM | PSAM_uPSEM,EYFP_Control_Media,LMO7_hCTZ,9,7,1377.2222222222222,1334.2857142857142,-42.93650793650795,-0.2437362847471626,0.9899187142336484,-477.62988280950054,391.75686693648464,False
114,8,DREADD/CNO__r3__sNA | CONTROL/MEDIA__r4__sNA | CONTROL/MEDIA__r6__sNA | LMO7/hCTZ__r6__sNA | LMO7/hCTZ__r8__sNA | PSAM/uPSEM__r2__sNA | PSAM/uPSEM__r9__sNA | PSAM/uPSEM__r11__sNA,DREADD_CNO | EYFP_Control_Media | EYFP_Control_Media | LMO7_hCTZ | LMO7_hCTZ | PSAM_uPSEM | PSAM_uPSEM | PSAM_uPSEM,EYFP_Control_Media,PSAM_uPSEM,9,9,1377.2222222222222,1036.9444444444443,-340.2777777777778,-2.065014133188716,0.11698026117435367,-746.8961970465845,66.3406414910288,False
115,6,DREADD/CNO__r9__sNA | LMO7/hCTZ__r1__sNA | LMO7/hCTZ__r3__sNA | PSAM/uPSEM__r2__sNA | PSAM/uPSEM__r9__sNA | PSAM/uPSEM__r11__sNA,DREADD_CNO | LMO7_hCTZ | LMO7_hCTZ | PSAM_uPSEM | PSAM_uPSEM | PSAM_uPSEM,EYFP_Control_Media,DREADD_CNO,11,11,1299.7727272727273,1509.7727272727273,210.0,1.4394721182230839,0.3616892167733975,-150.10944610346098,570.109446103461,False
115,6,DREADD/CNO__r9__sNA | LMO7/hCTZ__r1__sNA | LMO7/hCTZ__r3__sNA | PSAM/uPSEM__r2__sNA | PSAM/uPSEM__r9__sNA | PSAM/uPSEM__r11__sNA,DREADD_CNO | LMO7_hCTZ | LMO7_hCTZ | PSAM_uPSEM | PSAM_uPSEM | PSAM_uPSEM,EYFP_Control_Media,LMO7_hCTZ,11,7,1299.7727272727273,1477.142857142857,177.37012987012986,1.0722405116539868,0.5920695735820541,-230.95560119628811,585.6958609365479,False
115,6,DREADD/CNO__r9__sNA | LMO7/hCTZ__r1__sNA | LMO7/hCTZ__r3__sNA | PSAM/uPSEM__r2__sNA | PSAM/uPSEM__r9__sNA | PSAM/uPSEM__r11__sNA,DREADD_CNO | LMO7_hCTZ | LMO7_hCTZ | PSAM_uPSEM | PSAM_uPSEM | PSAM_uPSEM,EYFP_Control_Media,PSAM_uPSEM,11,9,1299.7727272727273,1036.9444444444443,-262.8282828282829,-1.7091387269788292,0.2324686842817706,-642.4169683711441,116.76040271457828,False
116,7,DREADD/CNO__r10__sNA | CONTROL/MEDIA__r5__sNA | CONTROL/MEDIA__r7__sNA | CONTROL/MEDIA__r8__sNA | CONTROL/MEDIA__r10__sNA | CONTROL/MEDIA__r11__sNA | LMO7/hCTZ__r6__sNA,DREADD_CNO | EYFP_Control_Media | EYFP_Control_Media | EYFP_Control_Media | EYFP_Control_Media | EYFP_Control_Media | LMO7_hCTZ,EYFP_Control_Media,DREADD_CNO,6,11,962.9166666666666,1518.409090909091,555.4924242424244,3.0724192781805253,0.010822926521826925,116.38168460794134,994.6031638769074,True
116,7,DREADD/CNO__r10__sNA | CONTROL/MEDIA__r5__sNA | CONTROL/MEDIA__r7__sNA | CONTROL/MEDIA__r8__sNA | CONTROL/MEDIA__r10__sNA | CONTROL/MEDIA__r11__sNA | LMO7/hCTZ__r6__sNA,DREADD_CNO | EYFP_Control_Media | EYFP_Control_Media | EYFP_Control_Media | EYFP_Control_Media | EYFP_Control_Media | LMO7_hCTZ,EYFP_Control_Media,LMO7_hCTZ,6,8,962.9166666666666,1366.25,403.33333333333337,2.096406754892219,0.10076324007327342,-63.933510192749964,870.6001768594167,False
116,7,DREADD/CNO__r10__sNA | CONTROL/MEDIA__r5__sNA | CONTROL/MEDIA__r7__sNA | CONTROL/MEDIA__r8__sNA | CONTROL/MEDIA__r10__sNA | CONTROL/MEDIA__r11__sNA | LMO7/hCTZ__r6__sNA,DREADD_CNO | EYFP_Control_Media | EYFP_Control_Media | EYFP_Control_Media | EYFP_Control_Media | EYFP_Control_Media | LMO7_hCTZ,EYFP_Control_Media,PSAM_uPSEM,6,12,962.9166666666666,1181.4583333333333,218.54166666666663,1.2269280076715443,0.44511372653465575,-214.0633690270571,651.1467023603903,False
117,6,DREADD/CNO__r2__sNA | DREADD/CNO__r3__sNA | CONTROL/MEDIA__r11__sNA | LMO7/hCTZ__r1__sNA | PSAM/uPSEM__r2__sNA | PSAM/uPSEM__r9__sNA,DREADD_CNO | DREADD_CNO | EYFP_Control_Media | LMO7_hCTZ | PSAM_uPSEM | PSAM_uPSEM,EYFP_Control_Media,DREADD_CNO,10,10,1298.5,1536.5,238.0,1.5090598378924254,0.3190460029945891,-150.6719404667138,626.6719404667137,False
117,6,DREADD/CNO__r2__sNA | DREADD/CNO__r3__sNA | CONTROL/MEDIA__r11__sNA | LMO7/hCTZ__r1__sNA | PSAM/uPSEM__r2__sNA | PSAM/uPSEM__r9__sNA,DREADD_CNO | DREADD_CNO | EYFP_Control_Media | LMO7_hCTZ | PSAM_uPSEM | PSAM_uPSEM,EYFP_Control_Media,LMO7_hCTZ,10,8,1298.5,1371.5625,73.0625,0.4367649417807133,0.9485542884957732,-339.18634714142115,485.31134714142115,False
117,6,DREADD/CNO__r2__sNA | DREADD/CNO__r3__sNA | CONTROL/MEDIA__r11__sNA | LMO7/hCTZ__r1__sNA | PSAM/uPSEM__r2__sNA | PSAM/uPSEM__r9__sNA,DREADD_CNO | DREADD_CNO | EYFP_Control_Media | LMO7_hCTZ | PSAM_uPSEM | PSAM_uPSEM,EYFP_Control_Media,PSAM_uPSEM,10,10,1298.5,1022.75,-275.75,-1.7484170180623375,0.21305171873816342,-664.4219404667137,112.9219404667138,False
118,5,CONTROL/MEDIA__r8__sNA | LMO7/hCTZ__r1__sNA | PSAM/uPSEM__r2__sNA | PSAM/uPSEM__r5__sNA | PSAM/uPSEM__r9__sNA,EYFP_Control_Media | LMO7_hCTZ | PSAM_uPSEM | PSAM_uPSEM | PSAM_uPSEM,EYFP_Control_Media,DREADD_CNO,10,12,1227.5,1506.25,278.75,1.9147711979896611,0.1557301582663314,-79.19632370031741,636.6963237003174,False
118,5,CONTROL/MEDIA__r8__sNA | LMO7/hCTZ__r1__sNA | PSAM/uPSEM__r2__sNA | PSAM/uPSEM__r5__sNA | PSAM/uPSEM__r9__sNA,EYFP_Control_Media | LMO7_hCTZ | PSAM_uPSEM | PSAM_uPSEM | PSAM_uPSEM,EYFP_Control_Media,LMO7_hCTZ,10,8,1227.5,1371.5625,144.0625,0.8932693147839578,0.704813426028161,-252.4788200735864,540.6038200735863,False
118,5,CONTROL/MEDIA__r8__sNA | LMO7/hCTZ__r1__sNA | PSAM/uPSEM__r2__sNA | PSAM/uPSEM__r5__sNA | PSAM/uPSEM__r9__sNA,EYFP_Control_Media | LMO7_hCTZ | PSAM_uPSEM | PSAM_uPSEM | PSAM_uPSEM,EYFP_Control_Media,PSAM_uPSEM,10,9,1227.5,1028.888888888889,-198.6111111111111,-1.271366380109146,0.4523114410418112,-582.7185646975511,185.4963424753289,False
119,6,DREADD/CNO__r7__sNA | CONTROL/MEDIA__r3__sNA | LMO7/hCTZ__r5__sNA | LMO7/hCTZ__r9__sNA | PSAM/uPSEM__r2__sNA | PSAM/uPSEM__r9__sNA,DREADD_CNO | EYFP_Control_Media | LMO7_hCTZ | LMO7_hCTZ | PSAM_uPSEM | PSAM_uPSEM,EYFP_Control_Media,DREADD_CNO,10,11,1338.0,1535.0,197.0,1.266493034295264,0.45760041868117796,-186.40297338387052,580.4029733838705,False
119,6,DREADD/CNO__r7__sNA | CONTROL/MEDIA__r3__sNA | LMO7/hCTZ__r5__sNA | LMO7/hCTZ__r9__sNA | PSAM/uPSEM__r2__sNA | PSAM/uPSEM__r9__sNA,DREADD_CNO | EYFP_Control_Media | LMO7_hCTZ | LMO7_hCTZ | PSAM_uPSEM | PSAM_uPSEM,EYFP_Control_Media,LMO7_hCTZ,10,7,1338.0,1318.5714285714287,-19.42857142857133,-0.11074275203087248,0.9990430917289741,-451.86036055187355,413.0032176947309,False
119,6,DREADD/CNO__r7__sNA | CONTROL/MEDIA__r3__sNA | LMO7/hCTZ__r5__sNA | LMO7/hCTZ__r9__sNA | PSAM/uPSEM__r2__sNA | PSAM/uPSEM__r9__sNA,DREADD_CNO | EYFP_Control_Media | LMO7_hCTZ | LMO7_hCTZ | PSAM_uPSEM | PSAM_uPSEM,EYFP_Control_Media,PSAM_uPSEM,10,10,1338.0,1022.75,-315.25,-1.980113029671514,0.13843057619502197,-707.6754542488684,77.17545424886833,False
120,7,DREADD/CNO__r3__sNA | DREADD/CNO__r11__sNA | CONTROL/MEDIA__r1__sNA | CONTROL/MEDIA__r3__sNA | CONTROL/MEDIA__r10__sNA | PSAM/uPSEM__r9__sNA | PSAM/uPSEM__r12__sNA,DREADD_CNO | DREADD_CNO | EYFP_Control_Media | EYFP_Control_Media | EYFP_Control_Media | PSAM_uPSEM | PSAM_uPSEM,EYFP_Control_Media,DREADD_CNO,8,10,1244.375,1573.25,328.875,1.9761668471701872,0.1347257488982767,-79.20360466989018,736.9536046698902,False
120,7,DREADD/CNO__r3__sNA | DREADD/CNO__r11__sNA | CONTROL/MEDIA__r1__sNA | CONTROL/MEDIA__r3__sNA | CONTROL/MEDIA__r10__sNA | PSAM/uPSEM__r9__sNA | PSAM/uPSEM__r12__sNA,DREADD_CNO | DREADD_CNO | EYFP_Control_Media | EYFP_Control_Media | EYFP_Control_Media | PSAM_uPSEM | PSAM_uPSEM,EYFP_Control_Media,LMO7_hCTZ,8,9,1244.375,1357.2222222222222,112.84722222222217,0.6619370160436651,0.8388767139002198,-305.1859819804557,530.8804264249001,False
120,7,DREADD/CNO__r3__sNA | DREADD/CNO__r11__sNA | CONTROL/MEDIA__r1__sNA | CONTROL/MEDIA__r3__sNA | CONTROL/MEDIA__r10__sNA | PSAM/uPSEM__r9__sNA | PSAM/uPSEM__r12__sNA,DREADD_CNO | DREADD_CNO | EYFP_Control_Media | EYFP_Control_Media | EYFP_Control_Media | PSAM_uPSEM | PSAM_uPSEM,EYFP_Control_Media,PSAM_uPSEM,8,10,1244.375,1063.75,-180.625,-1.085351993219658,0.5595583128631345,-588.7036046698902,227.45360466989018,False
121,7,DREADD/CNO__r1__sNA | DREADD/CNO__r4__sNA | DREADD/CNO__r5__sNA | DREADD/CNO__r7__sNA | CONTROL/MEDIA__r10__sNA | LMO7/hCTZ__r3__sNA | PSAM/uPSEM__r9__sNA,DREADD_CNO | DREADD_CNO | DREADD_CNO | DREADD_CNO | EYFP_Control_Media | LMO7_hCTZ | PSAM_uPSEM,EYFP_Control_Media,DREADD_CNO,10,8,1224.0,1567.5,343.5,2.1704521344355445,0.09506825336327873,-47.11593236701947,734.1159323670195,False
121,7,DREADD/CNO__r1__sNA | DREADD/CNO__r4__sNA | DREADD/CNO__r5__sNA | DREADD/CNO__r7__sNA | CONTROL/MEDIA__r10__sNA | LMO7/hCTZ__r3__sNA | PSAM/uPSEM__r9__sNA,DREADD_CNO | DREADD_CNO | DREADD_CNO | DREADD_CNO | EYFP_Control_Media | LMO7_hCTZ | PSAM_uPSEM,EYFP_Control_Media,LMO7_hCTZ,10,8,1224.0,1447.8125,223.8125,1.4141901552790548,0.3719350071226125,-166.80343236701947,614.4284323670195,False
121,7,DREADD/CNO__r1__sNA | DREADD/CNO__r4__sNA | DREADD/CNO__r5__sNA | DREADD/CNO__r7__sNA | CONTROL/MEDIA__r10__sNA | LMO7/hCTZ__r3__sNA | PSAM/uPSEM__r9__sNA,DREADD_CNO | DREADD_CNO | DREADD_CNO | DREADD_CNO | EYFP_Control_Media | LMO7_hCTZ | PSAM_uPSEM,EYFP_Control_Media,PSAM_uPSEM,10,11,1224.0,1103.8636363636363,-120.13636363636374,-0.8240923978558212,0.7539636620562272,-479.9453443272031,239.6726170544756,False
122,6,CONTROL/MEDIA__r11__sNA | LMO7/hCTZ__r3__sNA | LMO7/hCTZ__r8__sNA | PSAM/uPSEM__r2__sNA | PSAM/uPSEM__r9__sNA | PSAM/uPSEM__r10__sNA,EYFP_Control_Media | LMO7_hCTZ | LMO7_hCTZ | PSAM_uPSEM | PSAM_uPSEM | PSAM_uPSEM,EYFP_Control_Media,DREADD_CNO,10,12,1298.5,1506.25,207.75,1.4102630046931468,0.3726685034003474,-155.38959685017255,570.8895968501726,False
122,6,CONTROL/MEDIA__r11__sNA | LMO7/hCTZ__r3__sNA | LMO7/hCTZ__r8__sNA | PSAM/uPSEM__r2__sNA | PSAM/uPSEM__r9__sNA | PSAM/uPSEM__r10__sNA,EYFP_Control_Media | LMO7_hCTZ | LMO7_hCTZ | PSAM_uPSEM | PSAM_uPSEM | PSAM_uPSEM,EYFP_Control_Media,LMO7_hCTZ,10,7,1298.5,1427.5,129.0,0.7608412804608261,0.7927949264342653,-288.9538502711923,546.9538502711923,False
122,6,CONTROL/MEDIA__r11__sNA | LMO7/hCTZ__r3__sNA | LMO7/hCTZ__r8__sNA | PSAM/uPSEM__r2__sNA | PSAM/uPSEM__r9__sNA | PSAM/uPSEM__r10__sNA,EYFP_Control_Media | LMO7_hCTZ | LMO7_hCTZ | PSAM_uPSEM | PSAM_uPSEM | PSAM_uPSEM,EYFP_Control_Media,PSAM_uPSEM,10,9,1298.5,1023.0555555555555,-275.44444444444446,-1.7424417549974287,0.2159319229139688,-665.1247305850743,114.23584169618533,False
123,6,DREADD/CNO__r1__sNA | LMO7/hCTZ__r4__sNA | PSAM/uPSEM__r1__sNA | PSAM/uPSEM__r2__sNA | PSAM/uPSEM__r9__sNA | PSAM/uPSEM__r12__sNA,DREADD_CNO | LMO7_hCTZ | PSAM_uPSEM | PSAM_uPSEM | PSAM_uPSEM | PSAM_uPSEM,EYFP_Control_Media,DREADD_CNO,11,11,1299.7727272727273,1469.7727272727273,170.0,1.1467797049370756,0.5415353002154293,-195.86569630367472,535.8656963036747,False
123,6,DREADD/CNO__r1__sNA | LMO7/hCTZ__r4__sNA | PSAM/uPSEM__r1__sNA | PSAM/uPSEM__r2__sNA | PSAM/uPSEM__r9__sNA | PSAM/uPSEM__r12__sNA,DREADD_CNO | LMO7_hCTZ | PSAM_uPSEM | PSAM_uPSEM | PSAM_uPSEM | PSAM_uPSEM,EYFP_Control_Media,LMO7_hCTZ,11,8,1299.7727272727273,1330.3125,30.539772727272748,0.189051474375472,0.9955127719680381,-368.1531265466924,429.2326720012379,False
123,6,DREADD/CNO__r1__sNA | LMO7/hCTZ__r4__sNA | PSAM/uPSEM__r1__sNA | PSAM/uPSEM__r2__sNA | PSAM/uPSEM__r9__sNA | PSAM/uPSEM__r12__sNA,DREADD_CNO | LMO7_hCTZ | PSAM_uPSEM | PSAM_uPSEM | PSAM_uPSEM | PSAM_uPSEM,EYFP_Control_Media,PSAM_uPSEM,11,8,1299.7727272727273,944.6875,-355.08522727272725,-2.1980970960176958,0.09029967981856124,-753.7781265466924,43.607672001237916,False
124,7,DREADD/CNO__r6__sNA | CONTROL/MEDIA__r7__sNA | CONTROL/MEDIA__r9__sNA | LMO7/hCTZ__r6__sNA | PSAM/uPSEM__r2__sNA | PSAM/uPSEM__r9__sNA | PSAM/uPSEM__r12__sNA,DREADD_CNO | EYFP_Control_Media | EYFP_Control_Media | LMO7_hCTZ | PSAM_uPSEM | PSAM_uPSEM | PSAM_uPSEM,EYFP_Control_Media,DREADD_CNO,9,11,1322.2222222222222,1449.090909090909,126.86868686868684,0.8324093273550641,0.7412485509752479,-248.30449329490568,502.04186703227936,False
124,7,DREADD/CNO__r6__sNA | CONTROL/MEDIA__r7__sNA | CONTROL/MEDIA__r9__sNA | LMO7/hCTZ__r6__sNA | PSAM/uPSEM__r2__sNA | PSAM/uPSEM__r9__sNA | PSAM/uPSEM__r12__sNA,DREADD_CNO | EYFP_Control_Media | EYFP_Control_Media | LMO7_hCTZ | PSAM_uPSEM | PSAM_uPSEM | PSAM_uPSEM,EYFP_Control_Media,LMO7_hCTZ,9,8,1322.2222222222222,1366.25,44.02777777777783,0.2672073789174198,0.9866430671634869,-361.5672259384436,449.62278149399924,False
124,7,DREADD/CNO__r6__sNA | CONTROL/MEDIA__r7__sNA | CONTROL/MEDIA__r9__sNA | LMO7/hCTZ__r6__sNA | PSAM/uPSEM__r2__sNA | PSAM/uPSEM__r9__sNA | PSAM/uPSEM__r12__sNA,DREADD_CNO | EYFP_Control_Media | EYFP_Control_Media | LMO7_hCTZ | PSAM_uPSEM | PSAM_uPSEM | PSAM_uPSEM,EYFP_Control_Media,PSAM_uPSEM,9,9,1322.2222222222222,969.1666666666666,-353.05555555555554,-2.208661700659058,0.08626886291475877,-746.5405065072657,40.42939539615469,False
125,6,DREADD/CNO__r3__sNA | DREADD/CNO__r5__sNA | DREADD/CNO__r7__sNA | CONTROL/MEDIA__r9__sNA | CONTROL/MEDIA__r11__sNA | PSAM/uPSEM__r9__sNA,DREADD_CNO | DREADD_CNO | DREADD_CNO | EYFP_Control_Media | EYFP_Control_Media | PSAM_uPSEM,EYFP_Control_Media,DREADD_CNO,9,9,1337.2222222222222,1643.888888888889,306.66666666666674,1.7861122642538065,0.19528291660289776,-114.94432826117497,728.2776615945085,False
125,6,DREADD/CNO__r3__sNA | DREADD/CNO__r5__sNA | DREADD/CNO__r7__sNA | CONTROL/MEDIA__r9__sNA | CONTROL/MEDIA__r11__sNA | PSAM/uPSEM__r9__sNA,DREADD_CNO | DREADD_CNO | DREADD_CNO | EYFP_Control_Media | EYFP_Control_Media | PSAM_uPSEM,EYFP_Control_Media,LMO7_hCTZ,9,9,1337.2222222222222,1357.2222222222222,20.0,0.11648558245133518,0.998823219789392,-401.6109949278417,441.6109949278417,False
125,6,DREADD/CNO__r3__sNA | DREADD/CNO__r5__sNA | DREADD/CNO__r7__sNA | CONTROL/MEDIA__r9__sNA | CONTROL/MEDIA__r11__sNA | PSAM/uPSEM__r9__sNA,DREADD_CNO | DREADD_CNO | DREADD_CNO | EYFP_Control_Media | EYFP_Control_Media | PSAM_uPSEM,EYFP_Control_Media,PSAM_uPSEM,9,11,1337.2222222222222,1103.8636363636363,-233.3585858585859,-1.4254838679756283,0.356742317472603,-635.3488967368961,168.63172501972429,False
126,8,DREADD/CNO__r11__sNA | CONTROL/MEDIA__r1__sNA | CONTROL/MEDIA__r4__sNA | LMO7/hCTZ__r3__sNA | LMO7/hCTZ__r6__sNA | PSAM/uPSEM__r2__sNA | PSAM/uPSEM__r4__sNA | PSAM/uPSEM__r9__sNA,DREADD_CNO | EYFP_Control_Media | EYFP_Control_Media | LMO7_hCTZ | LMO7_hCTZ | PSAM_uPSEM | PSAM_uPSEM | PSAM_uPSEM,EYFP_Control_Media,DREADD_CNO,9,11,1326.111111111111,1515.909090909091,189.7979797979799,1.2097836335399743,0.49039740728709935,-197.3351768285769,576.9311364245367,False
126,8,DREADD/CNO__r11__sNA | CONTROL/MEDIA__r1__sNA | CONTROL/MEDIA__r4__sNA | LMO7/hCTZ__r3__sNA | LMO7/hCTZ__r6__sNA | PSAM/uPSEM__r2__sNA | PSAM/uPSEM__r4__sNA | PSAM/uPSEM__r9__sNA,DREADD_CNO | EYFP_Control_Media | EYFP_Control_Media | LMO7_hCTZ | LMO7_hCTZ | PSAM_uPSEM | PSAM_uPSEM | PSAM_uPSEM,EYFP_Control_Media,LMO7_hCTZ,9,7,1326.111111111111,1471.0714285714287,144.96031746031758,0.8240867562972971,0.7491491478219164,-289.102599711318,579.0232346319532,False
126,8,DREADD/CNO__r11__sNA | CONTROL/MEDIA__r1__sNA | CONTROL/MEDIA__r4__sNA | LMO7/hCTZ__r3__sNA | LMO7/hCTZ__r6__sNA | PSAM/uPSEM__r2__sNA | PSAM/uPSEM__r4__sNA | PSAM/uPSEM__r9__sNA,DREADD_CNO | EYFP_Control_Media | EYFP_Control_Media | LMO7_hCTZ | LMO7_hCTZ | PSAM_uPSEM | PSAM_uPSEM | PSAM_uPSEM,EYFP_Control_Media,PSAM_uPSEM,9,9,1326.111111111111,1028.3333333333333,-297.7777777777778,-1.8097228144393138,0.19037605092166698,-703.8064578677518,108.2509023121961,False
127,2,PSAM/uPSEM__r2__sNA | PSAM/uPSEM__r9__sNA,PSAM_uPSEM | PSAM_uPSEM,EYFP_Control_Media,DREADD_CNO,11,12,1299.7727272727273,1506.25,206.47727272727275,1.4157523490490531,0.3670676648599537,-151.02982410092397,563.9843695554695,False
127,2,PSAM/uPSEM__r2__sNA | PSAM/uPSEM__r9__sNA,PSAM_uPSEM | PSAM_uPSEM,EYFP_Control_Media,LMO7_hCTZ,11,9,1299.7727272727273,1357.2222222222222,57.44949494949492,0.3658312514225493,0.9684583712839527,-327.50120662981965,442.4001965288095,False
127,2,PSAM/uPSEM__r2__sNA | PSAM/uPSEM__r9__sNA,PSAM_uPSEM | PSAM_uPSEM,EYFP_Control_Media,PSAM_uPSEM,11,10,1299.7727272727273,1022.75,-277.02272727272725,-1.8146550594545416,0.18712685340565127,-651.2375790635857,97.19212451813121,False
128,7,DREADD/CNO__r3__sNA | DREADD/CNO__r9__sNA | CONTROL/MEDIA__r6__sNA | CONTROL/MEDIA__r8__sNA | CONTROL/MEDIA__r10__sNA | LMO7/hCTZ__r2__sNA | PSAM/uPSEM__r2__sNA,DREADD_CNO | DREADD_CNO | EYFP_Control_Media | EYFP_Control_Media | EYFP_Control_Media | LMO7_hCTZ | PSAM_uPSEM,EYFP_Control_Media,DREADD_CNO,8,10,1163.75,1566.5,402.75,2.5132319265252003,0.04346746476443453,9.721775518254674,795.7782244817454,True
128,7,DREADD/CNO__r3__sNA | DREADD/CNO__r9__sNA | CONTROL/MEDIA__r6__sNA | CONTROL/MEDIA__r8__sNA | CONTROL/MEDIA__r10__sNA | LMO7/hCTZ__r2__sNA | PSAM/uPSEM__r2__sNA,DREADD_CNO | DREADD_CNO | EYFP_Control_Media | EYFP_Control_Media | EYFP_Control_Media | LMO7_hCTZ | PSAM_uPSEM,EYFP_Control_Media,LMO7_hCTZ,8,8,1163.75,1330.9375,167.1875,0.9897421762567107,0.6253887953316255,-247.10062469808872,581.4756246980887,False
128,7,DREADD/CNO__r3__sNA | DREADD/CNO__r9__sNA | CONTROL/MEDIA__r6__sNA | CONTROL/MEDIA__r8__sNA | CONTROL/MEDIA__r10__sNA | LMO7/hCTZ__r2__sNA | PSAM/uPSEM__r2__sNA,DREADD_CNO | DREADD_CNO | EYFP_Control_Media | EYFP_Control_Media | EYFP_Control_Media | LMO7_hCTZ | PSAM_uPSEM,EYFP_Control_Media,PSAM_uPSEM,8,11,1163.75,1114.7727272727273,-48.97727272727275,-0.31199484018777784,0.9779595068426765,-433.9836690762238,336.0291236216783,False
129,7,DREADD/CNO__r7__sNA | CONTROL/MEDIA__r5__sNA | LMO7/hCTZ__r6__sNA | LMO7/hCTZ__r7__sNA | PSAM/uPSEM__r1__sNA | PSAM/uPSEM__r2__sNA | PSAM/uPSEM__r9__sNA,DREADD_CNO | EYFP_Control_Media | LMO7_hCTZ | LMO7_hCTZ | PSAM_uPSEM | PSAM_uPSEM | PSAM_uPSEM,EYFP_Control_Media,DREADD_CNO,10,11,1261.75,1535.0,273.25,1.724193154119125,0.22425783888417017,-117.94401351920635,664.4440135192064,False
129,7,DREADD/CNO__r7__sNA | CONTROL/MEDIA__r5__sNA | LMO7/hCTZ__r6__sNA | LMO7/hCTZ__r7__sNA | PSAM/uPSEM__r1__sNA | PSAM/uPSEM__r2__sNA | PSAM/uPSEM__r9__sNA,DREADD_CNO | EYFP_Control_Media | LMO7_hCTZ | LMO7_hCTZ | PSAM_uPSEM | PSAM_uPSEM | PSAM_uPSEM,EYFP_Control_Media,LMO7_hCTZ,10,7,1261.75,1370.0,108.25,0.6056078764634782,0.8805191497410135,-332.9691320985523,549.4691320985523,False
129,7,DREADD/CNO__r7__sNA | CONTROL/MEDIA__r5__sNA | LMO7/hCTZ__r6__sNA | LMO7/hCTZ__r7__sNA | PSAM/uPSEM__r1__sNA | PSAM/uPSEM__r2__sNA | PSAM/uPSEM__r9__sNA,DREADD_CNO | EYFP_Control_Media | LMO7_hCTZ | LMO7_hCTZ | PSAM_uPSEM | PSAM_uPSEM | PSAM_uPSEM,EYFP_Control_Media,PSAM_uPSEM,10,9,1261.75,1006.9444444444445,-254.80555555555554,-1.5289468818040723,0.31146288478711004,-666.1772836430546,156.56617253194344,False
130,3,CONTROL/MEDIA__r4__sNA | PSAM/uPSEM__r2__sNA | PSAM/uPSEM__r9__sNA,EYFP_Control_Media | PSAM_uPSEM | PSAM_uPSEM,EYFP_Control_Media,DREADD_CNO,10,12,1330.25,1506.25,176.0,1.1738955499402113,0.5099271665894447,-191.11933015994407,543.1193301599441,False
130,3,CONTROL/MEDIA__r4__sNA | PSAM/uPSEM__r2__sNA | PSAM/uPSEM__r9__sNA,EYFP_Control_Media | PSAM_uPSEM | PSAM_uPSEM,EYFP_Control_Media,LMO7_hCTZ,10,9,1330.25,1357.2222222222222,26.97222222222217,0.16764812062023082,0.9965930163282628,-366.9786629617695,420.92310740621383,False
130,3,CONTROL/MEDIA__r4__sNA | PSAM/uPSEM__r2__sNA | PSAM/uPSEM__r9__sNA,EYFP_Control_Media | PSAM_uPSEM | PSAM_uPSEM,EYFP_Control_Media,PSAM_uPSEM,10,10,1330.25,1022.75,-307.5,-1.9636660341766616,0.13947374882752261,-690.943634701614,75.94363470161392,False
131,4,CONTROL/MEDIA__r1__sNA | CONTROL/MEDIA__r5__sNA | PSAM/uPSEM__r2__sNA | PSAM/uPSEM__r9__sNA,EYFP_Control_Media | EYFP_Control_Media | PSAM_uPSEM | PSAM_uPSEM,EYFP_Control_Media,DREADD_CNO,9,12,1250.0,1506.25,256.25,1.6496650412878153,0.2451628584922778,-123.61253712098289,636.1125371209829,False
131,4,CONTROL/MEDIA__r1__sNA | CONTROL/MEDIA__r5__sNA | PSAM/uPSEM__r2__sNA | PSAM/uPSEM__r9__sNA,EYFP_Control_Media | EYFP_Control_Media | PSAM_uPSEM | PSAM_uPSEM,EYFP_Control_Media,LMO7_hCTZ,9,9,1250.0,1357.2222222222222,107.22222222222217,0.6456850448647138,0.8505514093525648,-298.86791148561105,513.3123559300554,False
131,4,CONTROL/MEDIA__r1__sNA | CONTROL/MEDIA__r5__sNA | PSAM/uPSEM__r2__sNA | PSAM/uPSEM__r9__sNA,EYFP_Control_Media | EYFP_Control_Media | PSAM_uPSEM | PSAM_uPSEM,EYFP_Control_Media,PSAM_uPSEM,9,10,1250.0,1022.75,-227.25,-1.4040352547518808,0.3646141400564258,-623.0577018706225,168.5577018706225,False
132,4,CONTROL/MEDIA__r6__sNA | LMO7/hCTZ__r1__sNA | PSAM/uPSEM__r2__sNA | PSAM/uPSEM__r9__sNA,EYFP_Control_Media | LMO7_hCTZ | PSAM_uPSEM | PSAM_uPSEM,EYFP_Control_Media,DREADD_CNO,10,12,1339.0,1506.25,167.25,1.1104249289735468,0.5546849941618008,-202.35720226562393,536.857202265624,False
132,4,CONTROL/MEDIA__r6__sNA | LMO7/hCTZ__r1__sNA | PSAM/uPSEM__r2__sNA | PSAM/uPSEM__r9__sNA,EYFP_Control_Media | LMO7_hCTZ | PSAM_uPSEM | PSAM_uPSEM,EYFP_Control_Media,LMO7_hCTZ,10,8,1339.0,1371.5625,32.5625,0.19515077289322777,0.9947420561475319,-376.8970144321791,442.0220144321791,False
132,4,CONTROL/MEDIA__r6__sNA | LMO7/hCTZ__r1__sNA | PSAM/uPSEM__r2__sNA | PSAM/uPSEM__r9__sNA,EYFP_Control_Media | LMO7_hCTZ | PSAM_uPSEM | PSAM_uPSEM,EYFP_Control_Media,PSAM_uPSEM,10,10,1339.0,1022.75,-316.25,-2.0102928611083932,0.12832307646057273,-702.2921323684598,69.79213236845982,False
133,7,DREADD/CNO__r7__sNA | DREADD/CNO__r8__sNA | CONTROL/MEDIA__r10__sNA | LMO7/hCTZ__r4__sNA | LMO7/hCTZ__r7__sNA | PSAM/uPSEM__r2__sNA | PSAM/uPSEM__r9__sNA,DREADD_CNO | DREADD_CNO | EYFP_Control_Media | LMO7_hCTZ | LMO7_hCTZ | PSAM_uPSEM | PSAM_uPSEM,EYFP_Control_Media,DREADD_CNO,10,10,1224.0,1509.0,285.0,1.8850902446885542,0.1672328668371298,-88.16503656112008,658.1650365611201,False
133,7,DREADD/CNO__r7__sNA | DREADD/CNO__r8__sNA | CONTROL/MEDIA__r10__sNA | LMO7/hCTZ__r4__sNA | LMO7/hCTZ__r7__sNA | PSAM/uPSEM__r2__sNA | PSAM/uPSEM__r9__sNA,DREADD_CNO | DREADD_CNO | EYFP_Control_Media | LMO7_hCTZ | LMO7_hCTZ | PSAM_uPSEM | PSAM_uPSEM,EYFP_Control_Media,LMO7_hCTZ,10,7,1224.0,1328.9285714285713,104.92857142857133,0.6298260265850745,0.8681926151751065,-306.2792711087046,516.1364139658473,False
133,7,DREADD/CNO__r7__sNA | DREADD/CNO__r8__sNA | CONTROL/MEDIA__r10__sNA | LMO7/hCTZ__r4__sNA | LMO7/hCTZ__r7__sNA | PSAM/uPSEM__r2__sNA | PSAM/uPSEM__r9__sNA,DREADD_CNO | DREADD_CNO | EYFP_Control_Media | LMO7_hCTZ | LMO7_hCTZ | PSAM_uPSEM | PSAM_uPSEM,EYFP_Control_Media,PSAM_uPSEM,10,10,1224.0,1022.75,-201.25,-1.3311382868195492,0.419982130193542,-574.4150365611201,171.91503656112008,False
134,8,DREADD/CNO__r1__sNA | CONTROL/MEDIA__r4__sNA | CONTROL/MEDIA__r5__sNA | CONTROL/MEDIA__r10__sNA | CONTROL/MEDIA__r11__sNA | LMO7/hCTZ__r1__sNA | PSAM/uPSEM__r2__sNA | PSAM/uPSEM__r9__sNA,DREADD_CNO | EYFP_Control_Media | EYFP_Control_Media | EYFP_Control_Media | EYFP_Control_Media | LMO7_hCTZ | PSAM_uPSEM | PSAM_uPSEM,EYFP_Control_Media,DREADD_CNO,7,11,1178.9285714285713,1469.7727272727273,290.8441558441559,1.810059980571707,0.18117260399278445,-102.48548537258563,684.1737970608974,False
134,8,DREADD/CNO__r1__sNA | CONTROL/MEDIA__r4__sNA | CONTROL/MEDIA__r5__sNA | CONTROL/MEDIA__r10__sNA | CONTROL/MEDIA__r11__sNA | LMO7/hCTZ__r1__sNA | PSAM/uPSEM__r2__sNA | PSAM/uPSEM__r9__sNA,DREADD_CNO | EYFP_Control_Media | EYFP_Control_Media | EYFP_Control_Media | EYFP_Control_Media | LMO7_hCTZ | PSAM_uPSEM | PSAM_uPSEM,EYFP_Control_Media,LMO7_hCTZ,7,8,1178.9285714285713,1371.5625,192.63392857142867,1.1199655925219987,0.5283689458944439,-228.40029822123427,613.6681553640916,False
134,8,DREADD/CNO__r1__sNA | CONTROL/MEDIA__r4__sNA | CONTROL/MEDIA__r5__sNA | CONTROL/MEDIA__r10__sNA | CONTROL/MEDIA__r11__sNA | LMO7/hCTZ__r1__sNA | PSAM/uPSEM__r2__sNA | PSAM/uPSEM__r9__sNA,DREADD_CNO | EYFP_Control_Media | EYFP_Control_Media | EYFP_Control_Media | EYFP_Control_Media | LMO7_hCTZ | PSAM_uPSEM | PSAM_uPSEM,EYFP_Control_Media,PSAM_uPSEM,7,10,1178.9285714285713,1022.75,-156.17857142857133,-0.9536071971371488,0.6413233556018398,-557.0833443094621,244.72620145231946,False
135,4,DREADD/CNO__r2__sNA | CONTROL/MEDIA__r2__sNA | PSAM/uPSEM__r2__sNA | PSAM/uPSEM__r9__sNA,DREADD_CNO | EYFP_Control_Media | PSAM_uPSEM | PSAM_uPSEM,EYFP_Control_Media,DREADD_CNO,10,11,1365.75,1482.5,116.75,0.7931857839798266,0.7681254179558529,-244.37139831109334,477.87139831109334,False
135,4,DREADD/CNO__r2__sNA | CONTROL/MEDIA__r2__sNA | PSAM/uPSEM__r2__sNA | PSAM/uPSEM__r9__sNA,DREADD_CNO | EYFP_Control_Media | PSAM_uPSEM | PSAM_uPSEM,EYFP_Control_Media,LMO7_hCTZ,10,9,1365.75,1357.2222222222222,-8.527777777777828,-0.055094933903090074,0.999877851464325,-388.2757507495445,371.22019519398884,False
135,4,DREADD/CNO__r2__sNA | CONTROL/MEDIA__r2__sNA | PSAM/uPSEM__r2__sNA | PSAM/uPSEM__r9__sNA,DREADD_CNO | EYFP_Control_Media | PSAM_uPSEM | PSAM_uPSEM,EYFP_Control_Media,PSAM_uPSEM,10,10,1365.75,1022.75,-343.0,-2.276724387779528,0.07373696316127043,-712.6195350820383,26.619535082038283,False
136,8,DREADD/CNO__r9__sNA | CONTROL/MEDIA__r5__sNA | CONTROL/MEDIA__r10__sNA | LMO7/hCTZ__r4__sNA | PSAM/uPSEM__r1__sNA | PSAM/uPSEM__r2__sNA | PSAM/uPSEM__r9__sNA | PSAM/uPSEM__r11__sNA,DREADD_CNO | EYFP_Control_Media | EYFP_Control_Media | LMO7_hCTZ | PSAM_uPSEM | PSAM_uPSEM | PSAM_uPSEM | PSAM_uPSEM,EYFP_Control_Media,DREADD_CNO,9,11,1173.3333333333333,1509.7727272727273,336.439393939394,2.2055664462843456,0.08771685811637897,-39.937520734847,712.816308613635,False
136,8,DREADD/CNO__r9__sNA | CONTROL/MEDIA__r5__sNA | CONTROL/MEDIA__r10__sNA | LMO7/hCTZ__r4__sNA | PSAM/uPSEM__r1__sNA | PSAM/uPSEM__r2__sNA | PSAM/uPSEM__r9__sNA | PSAM/uPSEM__r11__sNA,DREADD_CNO | EYFP_Control_Media | EYFP_Control_Media | LMO7_hCTZ | PSAM_uPSEM | PSAM_uPSEM | PSAM_uPSEM | PSAM_uPSEM,EYFP_Control_Media,LMO7_hCTZ,9,8,1173.3333333333333,1330.3125,156.97916666666674,0.9519069803217478,0.6632945861748801,-249.91717928064628,563.8755126139797,False
136,8,DREADD/CNO__r9__sNA | CONTROL/MEDIA__r5__sNA | CONTROL/MEDIA__r10__sNA | LMO7/hCTZ__r4__sNA | PSAM/uPSEM__r1__sNA | PSAM/uPSEM__r2__sNA | PSAM/uPSEM__r9__sNA | PSAM/uPSEM__r11__sNA,DREADD_CNO | EYFP_Control_Media | EYFP_Control_Media | LMO7_hCTZ | PSAM_uPSEM | PSAM_uPSEM | PSAM_uPSEM | PSAM_uPSEM,EYFP_Control_Media,PSAM_uPSEM,9,8,1173.3333333333333,1020.9375,-152.39583333333326,-0.9241140757868055,0.6821488093841318,-559.2921792806462,254.50051261397977,False
137,5,DREADD/CNO__r3__sNA | CONTROL/MEDIA__r10__sNA | LMO7/hCTZ__r3__sNA | PSAM/uPSEM__r2__sNA | PSAM/uPSEM__r10__sNA,DREADD_CNO | EYFP_Control_Media | LMO7_hCTZ | PSAM_uPSEM | PSAM_uPSEM,EYFP_Control_Media,DREADD_CNO,10,11,1224.0,1557.5,333.5,2.2602909315745943,0.07712833224284876,-29.229863349476375,696.2298633494763,False
137,5,DREADD/CNO__r3__sNA | CONTROL/MEDIA__r10__sNA | LMO7/hCTZ__r3__sNA | PSAM/uPSEM__r2__sNA | PSAM/uPSEM__r10__sNA,DREADD_CNO | EYFP_Control_Media | LMO7_hCTZ | PSAM_uPSEM | PSAM_uPSEM,EYFP_Control_Media,LMO7_hCTZ,10,8,1224.0,1447.8125,223.8125,1.397252477848992,0.37726293474489014,-169.97440186546703,617.599401865467,False
137,5,DREADD/CNO__r3__sNA | CONTROL/MEDIA__r10__sNA | LMO7/hCTZ__r3__sNA | PSAM/uPSEM__r2__sNA | PSAM/uPSEM__r10__sNA,DREADD_CNO | EYFP_Control_Media | LMO7_hCTZ | PSAM_uPSEM | PSAM_uPSEM,EYFP_Control_Media,PSAM_uPSEM,10,10,1224.0,1124.25,-99.75,-0.6605104844645207,0.8492018534805481,-471.01585153535103,271.51585153535103,False
138,8,DREADD/CNO__r4__sNA | DREADD/CNO__r6__sNA | CONTROL/MEDIA__r8__sNA | LMO7/hCTZ__r2__sNA | PSAM/uPSEM__r2__sNA | PSAM/uPSEM__r9__sNA | PSAM/uPSEM__r11__sNA | PSAM/uPSEM__r12__sNA,DREADD_CNO | DREADD_CNO | EYFP_Control_Media | LMO7_hCTZ | PSAM_uPSEM | PSAM_uPSEM | PSAM_uPSEM | PSAM_uPSEM,EYFP_Control_Media,DREADD_CNO,10,10,1227.5,1465.0,237.5,1.6560670377853275,0.25366495438920333,-117.4413967669094,592.4413967669094,False
138,8,DREADD/CNO__r4__sNA | DREADD/CNO__r6__sNA | CONTROL/MEDIA__r8__sNA | LMO7/hCTZ__r2__sNA | PSAM/uPSEM__r2__sNA | PSAM/uPSEM__r9__sNA | PSAM/uPSEM__r11__sNA | PSAM/uPSEM__r12__sNA,DREADD_CNO | DREADD_CNO | EYFP_Control_Media | LMO7_hCTZ | PSAM_uPSEM | PSAM_uPSEM | PSAM_uPSEM | PSAM_uPSEM,EYFP_Control_Media,LMO7_hCTZ,10,8,1227.5,1330.9375,103.4375,0.6800111806373689,0.8423468657499122,-273.0347028665598,479.9097028665598,False
138,8,DREADD/CNO__r4__sNA | DREADD/CNO__r6__sNA | CONTROL/MEDIA__r8__sNA | LMO7/hCTZ__r2__sNA | PSAM/uPSEM__r2__sNA | PSAM/uPSEM__r9__sNA | PSAM/uPSEM__r11__sNA | PSAM/uPSEM__r12__sNA,DREADD_CNO | DREADD_CNO | EYFP_Control_Media | LMO7_hCTZ | PSAM_uPSEM | PSAM_uPSEM | PSAM_uPSEM | PSAM_uPSEM,EYFP_Control_Media,PSAM_uPSEM,10,8,1227.5,978.4375,-249.0625,-1.6373683110815198,0.2618741894772393,-625.5347028665599,127.40970286655983,False
139,8,DREADD/CNO__r4__sNA | DREADD/CNO__r5__sNA | DREADD/CNO__r10__sNA | CONTROL/MEDIA__r6__sNA | LMO7/hCTZ__r2__sNA | PSAM/uPSEM__r2__sNA | PSAM/uPSEM__r5__sNA | PSAM/uPSEM__r9__sNA,DREADD_CNO | DREADD_CNO | DREADD_CNO | EYFP_Control_Media | LMO7_hCTZ | PSAM_uPSEM | PSAM_uPSEM | PSAM_uPSEM,EYFP_Control_Media,DREADD_CNO,10,9,1339.0,1585.0,246.0,1.4836592563846094,0.33582415117381736,-163.93392099964979,655.9339209996498,False
139,8,DREADD/CNO__r4__sNA | DREADD/CNO__r5__sNA | DREADD/CNO__r10__sNA | CONTROL/MEDIA__r6__sNA | LMO7/hCTZ__r2__sNA | PSAM/uPSEM__r2__sNA | PSAM/uPSEM__r5__sNA | PSAM/uPSEM__r9__sNA,DREADD_CNO | DREADD_CNO | DREADD_CNO | EYFP_Control_Media | LMO7_hCTZ | PSAM_uPSEM | PSAM_uPSEM | PSAM_uPSEM,EYFP_Control_Media,LMO7_hCTZ,10,8,1339.0,1330.9375,-8.0625,-0.0471013199364594,0.9999271672283244,-431.2663109605719,415.1413109605719,False
139,8,DREADD/CNO__r4__sNA | DREADD/CNO__r5__sNA | DREADD/CNO__r10__sNA | CONTROL/MEDIA__r6__sNA | LMO7/hCTZ__r2__sNA | PSAM/uPSEM__r2__sNA | PSAM/uPSEM__r5__sNA | PSAM/uPSEM__r9__sNA,DREADD_CNO | DREADD_CNO | DREADD_CNO | EYFP_Control_Media | LMO7_hCTZ | PSAM_uPSEM | PSAM_uPSEM | PSAM_uPSEM,EYFP_Control_Media,PSAM_uPSEM,10,9,1339.0,1028.888888888889,-310.1111111111111,-1.8703220345842115,0.17304674740498727,-720.0450321107609,99.8228098885387,False
140,8,DREADD/CNO__r3__sNA | DREADD/CNO__r5__sNA | DREADD/CNO__r11__sNA | CONTROL/MEDIA__r3__sNA | CONTROL/MEDIA__r4__sNA | CONTROL/MEDIA__r8__sNA | LMO7/hCTZ__r8__sNA | PSAM/uPSEM__r9__sNA,DREADD_CNO | DREADD_CNO | DREADD_CNO | EYFP_Control_Media | EYFP_Control_Media | EYFP_Control_Media | LMO7_hCTZ | PSAM_uPSEM,EYFP_Control_Media,DREADD_CNO,8,9,1295.3125,1620.5555555555557,325.24305555555566,1.9016250760835984,0.15692815208803146,-94.95051185248468,745.4366229635959,False
140,8,DREADD/CNO__r3__sNA | DREADD/CNO__r5__sNA | DREADD/CNO__r11__sNA | CONTROL/MEDIA__r3__sNA | CONTROL/MEDIA__r4__sNA | CONTROL/MEDIA__r8__sNA | LMO7/hCTZ__r8__sNA | PSAM/uPSEM__r9__sNA,DREADD_CNO | DREADD_CNO | DREADD_CNO | EYFP_Control_Media | EYFP_Control_Media | EYFP_Control_Media | LMO7_hCTZ | PSAM_uPSEM,EYFP_Control_Media,LMO7_hCTZ,8,8,1295.3125,1328.125,32.8125,0.18644227433076882,0.9951057641528309,-399.563113778774,465.188113778774,False
140,8,DREADD/CNO__r3__sNA | DREADD/CNO__r5__sNA | DREADD/CNO__r11__sNA | CONTROL/MEDIA__r3__sNA | CONTROL/MEDIA__r4__sNA | CONTROL/MEDIA__r8__sNA | LMO7/hCTZ__r8__sNA | PSAM/uPSEM__r9__sNA,DREADD_CNO | DREADD_CNO | DREADD_CNO | EYFP_Control_Media | EYFP_Control_Media | EYFP_Control_Media | LMO7_hCTZ | PSAM_uPSEM,EYFP_Control_Media,PSAM_uPSEM,8,11,1295.3125,1103.8636363636363,-191.44886363636374,-1.170556562633981,0.5061587743596776,-593.264332161908,210.36660488918056,False
141,8,DREADD/CNO__r3__sNA | DREADD/CNO__r12__sNA | CONTROL/MEDIA__r1__sNA | LMO7/hCTZ__r4__sNA | LMO7/hCTZ__r8__sNA | PSAM/uPSEM__r1__sNA | PSAM/uPSEM__r2__sNA | PSAM/uPSEM__r9__sNA,DREADD_CNO | DREADD_CNO | EYFP_Control_Media | LMO7_hCTZ | LMO7_hCTZ | PSAM_uPSEM | PSAM_uPSEM | PSAM_uPSEM,EYFP_Control_Media,DREADD_CNO,10,10,1293.0,1547.25,254.25,1.5837098455979166,0.2864860347249728,-143.15208272763954,651.6520827276395,False
141,8,DREADD/CNO__r3__sNA | DREADD/CNO__r12__sNA | CONTROL/MEDIA__r1__sNA | LMO7/hCTZ__r4__sNA | LMO7/hCTZ__r8__sNA | PSAM/uPSEM__r1__sNA | PSAM/uPSEM__r2__sNA | PSAM/uPSEM__r9__sNA,DREADD_CNO | DREADD_CNO | EYFP_Control_Media | LMO7_hCTZ | LMO7_hCTZ | PSAM_uPSEM | PSAM_uPSEM | PSAM_uPSEM,EYFP_Control_Media,LMO7_hCTZ,10,7,1293.0,1293.2142857142858,0.21428571428577925,0.0012112880459505652,0.9999999987627943,-437.70148089716434,438.1300523257359,False
141,8,DREADD/CNO__r3__sNA | DREADD/CNO__r12__sNA | CONTROL/MEDIA__r1__sNA | LMO7/hCTZ__r4__sNA | LMO7/hCTZ__r8__sNA | PSAM/uPSEM__r1__sNA | PSAM/uPSEM__r2__sNA | PSAM/uPSEM__r9__sNA,DREADD_CNO | DREADD_CNO | EYFP_Control_Media | LMO7_hCTZ | LMO7_hCTZ | PSAM_uPSEM | PSAM_uPSEM | PSAM_uPSEM,EYFP_Control_Media,PSAM_uPSEM,10,9,1293.0,1006.9444444444445,-286.05555555555554,-1.7343010772445915,0.22172315027490463,-694.3473828181051,122.23627170699399,False
142,4,CONTROL/MEDIA__r3__sNA | LMO7/hCTZ__r2__sNA | PSAM/uPSEM__r2__sNA | PSAM/uPSEM__r9__sNA,EYFP_Control_Media | LMO7_hCTZ | PSAM_uPSEM | PSAM_uPSEM,EYFP_Control_Media,DREADD_CNO,10,12,1338.0,1506.25,168.25,1.1203913102829501,0.5479874420756556,-200.25963146639117,536.7596314663912,False
142,4,CONTROL/MEDIA__r3__sNA | LMO7/hCTZ__r2__sNA | PSAM/uPSEM__r2__sNA | PSAM/uPSEM__r9__sNA,EYFP_Control_Media | LMO7_hCTZ | PSAM_uPSEM | PSAM_uPSEM,EYFP_Control_Media,LMO7_hCTZ,10,8,1338.0,1330.9375,-7.0625,-0.04245243229834809,0.9999442739169192,-415.30609979698266,401.18109979698266,False
142,4,CONTROL/MEDIA__r3__sNA | LMO7/hCTZ__r2__sNA | PSAM/uPSEM__r2__sNA | PSAM/uPSEM__r9__sNA,EYFP_Control_Media | LMO7_hCTZ | PSAM_uPSEM | PSAM_uPSEM,EYFP_Control_Media,PSAM_uPSEM,10,10,1338.0,1022.75,-315.25,-2.009904736744099,0.1284219245014525,-700.1457570566047,69.64575705660462,False
143,3,PSAM/uPSEM__r1__sNA | PSAM/uPSEM__r2__sNA | PSAM/uPSEM__r9__sNA,PSAM_uPSEM | PSAM_uPSEM | PSAM_uPSEM,EYFP_Control_Media,DREADD_CNO,11,12,1299.7727272727273,1506.25,206.47727272727275,1.4003977377423686,0.37761399217493774,-155.3507698178559,568.3053152724015,False
143,3,PSAM/uPSEM__r1__sNA | PSAM/uPSEM__r2__sNA | PSAM/uPSEM__r9__sNA,PSAM_uPSEM | PSAM_uPSEM | PSAM_uPSEM,EYFP_Control_Media,LMO7_hCTZ,11,9,1299.7727272727273,1357.2222222222222,57.44949494949492,0.36186361070261397,0.9697328957915446,-332.1538445773635,447.0528344763533,False
143,3,PSAM/uPSEM__r1__sNA | PSAM/uPSEM__r2__sNA | PSAM/uPSEM__r9__sNA,PSAM_uPSEM | PSAM_uPSEM | PSAM_uPSEM,EYFP_Control_Media,PSAM_uPSEM,11,9,1299.7727272727273,1006.9444444444445,-292.8282828282828,-1.8444705185527532,0.17823487338227895,-682.4316223551411,96.77505669857561,False
144,6,DREADD/CNO__r12__sNA | LMO7/hCTZ__r2__sNA | LMO7/hCTZ__r3__sNA | LMO7/hCTZ__r8__sNA | PSAM/uPSEM__r2__sNA | PSAM/uPSEM__r9__sNA,DREADD_CNO | LMO7_hCTZ | LMO7_hCTZ | LMO7_hCTZ | PSAM_uPSEM | PSAM_uPSEM,EYFP_Control_Media,DREADD_CNO,11,11,1299.7727272727273,1492.2727272727273,192.5,1.3201487544223414,0.43159502341545475,-167.5234902096388,552.5234902096388,False
144,6,DREADD/CNO__r12__sNA | LMO7/hCTZ__r2__sNA | LMO7/hCTZ__r3__sNA | LMO7/hCTZ__r8__sNA | PSAM/uPSEM__r2__sNA | PSAM/uPSEM__r9__sNA,DREADD_CNO | LMO7_hCTZ | LMO7_hCTZ | LMO7_hCTZ | PSAM_uPSEM | PSAM_uPSEM,EYFP_Control_Media,LMO7_hCTZ,11,6,1299.7727272727273,1404.1666666666667,104.39393939393949,0.6014971655461164,0.8855894493810523,-324.11972526044923,532.9076040483283,False
144,6,DREADD/CNO__r12__sNA | LMO7/hCTZ__r2__sNA | LMO7/hCTZ__r3__sNA | LMO7/hCTZ__r8__sNA | PSAM/uPSEM__r2__sNA | PSAM/uPSEM__r9__sNA,DREADD_CNO | LMO7_hCTZ | LMO7_hCTZ | LMO7_hCTZ | PSAM_uPSEM | PSAM_uPSEM,EYFP_Control_Media,PSAM_uPSEM,11,10,1299.7727272727273,1022.75,-277.02272727272725,-1.8540134800648986,0.17924082437318511,-645.9370251494379,91.89157060398338,False
145,7,DREADD/CNO__r3__sNA | DREADD/CNO__r10__sNA | CONTROL/MEDIA__r2__sNA | CONTROL/MEDIA__r8__sNA | PSAM/uPSEM__r9__sNA | PSAM/uPSEM__r10__sNA | PSAM/uPSEM__r12__sNA,DREADD_CNO | DREADD_CNO | EYFP_Control_Media | EYFP_Control_Media | PSAM_uPSEM | PSAM_uPSEM | PSAM_uPSEM,EYFP_Control_Media,DREADD_CNO,9,10,1292.7777777777778,1576.0,283.2222222222222,1.806805492394902,0.18938926353275953,-102.57012893430544,669.0145733787498,False
145,7,DREADD/CNO__r3__sNA | DREADD/CNO__r10__sNA | CONTROL/MEDIA__r2__sNA | CONTROL/MEDIA__r8__sNA | PSAM/uPSEM__r9__sNA | PSAM/uPSEM__r10__sNA | PSAM/uPSEM__r12__sNA,DREADD_CNO | DREADD_CNO | EYFP_Control_Media | EYFP_Control_Media | PSAM_uPSEM | PSAM_uPSEM | PSAM_uPSEM,EYFP_Control_Media,LMO7_hCTZ,9,9,1292.7777777777778,1357.2222222222222,64.44444444444434,0.4007110907084245,0.9579097452505265,-331.3701562421869,460.2590451310756,False
145,7,DREADD/CNO__r3__sNA | DREADD/CNO__r10__sNA | CONTROL/MEDIA__r2__sNA | CONTROL/MEDIA__r8__sNA | PSAM/uPSEM__r9__sNA | PSAM/uPSEM__r10__sNA | PSAM/uPSEM__r12__sNA,DREADD_CNO | DREADD_CNO | EYFP_Control_Media | EYFP_Control_Media | PSAM_uPSEM | PSAM_uPSEM | PSAM_uPSEM,EYFP_Control_Media,PSAM_uPSEM,9,9,1292.7777777777778,1068.611111111111,-224.16666666666674,-1.3938528025935308,0.3760918491473486,-619.981267353298,171.6479340199645,False
146,4,CONTROL/MEDIA__r3__sNA | LMO7/hCTZ__r5__sNA | PSAM/uPSEM__r2__sNA | PSAM/uPSEM__r9__sNA,EYFP_Control_Media | LMO7_hCTZ | PSAM_uPSEM | PSAM_uPSEM,EYFP_Control_Media,DREADD_CNO,10,12,1338.0,1506.25,168.25,1.114578880119433,0.551890804823033,-202.18137656284625,538.6813765628463,False
146,4,CONTROL/MEDIA__r3__sNA | LMO7/hCTZ__r5__sNA | PSAM/uPSEM__r2__sNA | PSAM/uPSEM__r9__sNA,EYFP_Control_Media | LMO7_hCTZ | PSAM_uPSEM | PSAM_uPSEM,EYFP_Control_Media,LMO7_hCTZ,10,8,1338.0,1350.3125,12.3125,0.0736260393155037,0.9997101483719463,-398.0600540198265,422.6850540198265,False
146,4,CONTROL/MEDIA__r3__sNA | LMO7/hCTZ__r5__sNA | PSAM/uPSEM__r2__sNA | PSAM/uPSEM__r9__sNA,EYFP_Control_Media | LMO7_hCTZ | PSAM_uPSEM | PSAM_uPSEM,EYFP_Control_Media,PSAM_uPSEM,10,10,1338.0,1022.75,-315.25,-1.9994776379167287,0.1311010311655595,-702.1529543470162,71.65295434701619,False
147,3,DREADD/CNO__r11__sNA | PSAM/uPSEM__r2__sNA | PSAM/uPSEM__r9__sNA,DREADD_CNO | PSAM_uPSEM | PSAM_uPSEM,EYFP_Control_Media,DREADD_CNO,11,11,1299.7727272727273,1515.909090909091,216.13636363636374,1.4334663618355465,0.3588566964495278,-153.85196051944735,586.1246877921749,False
147,3,DREADD/CNO__r11__sNA | PSAM/uPSEM__r2__sNA | PSAM/uPSEM__r9__sNA,DREADD_CNO | PSAM_uPSEM | PSAM_uPSEM,EYFP_Control_Media,LMO7_hCTZ,11,9,1299.7727272727273,1357.2222222222222,57.44949494949492,0.361465735532615,0.9697667213213641,-332.5524423841911,447.45143228318096,False
147,3,DREADD/CNO__r11__sNA | PSAM/uPSEM__r2__sNA | PSAM/uPSEM__r9__sNA,DREADD_CNO | PSAM_uPSEM | PSAM_uPSEM,EYFP_Control_Media,PSAM_uPSEM,11,10,1299.7727272727273,1022.75,-277.02272727272725,-1.79300052484058,0.19586762337462504,-656.1479414331769,102.10248688772242,False
148,5,DREADD/CNO__r10__sNA | DREADD/CNO__r11__sNA | CONTROL/MEDIA__r3__sNA | PSAM/uPSEM__r2__sNA | PSAM/uPSEM__r9__sNA,DREADD_CNO | DREADD_CNO | EYFP_Control_Media | PSAM_uPSEM | PSAM_uPSEM,EYFP_Control_Media,DREADD_CNO,10,10,1338.0,1530.25,192.25,1.2065482227414879,0.4925462619194465,-199.39757611988915,583.8975761198892,False
148,5,DREADD/CNO__r10__sNA | DREADD/CNO__r11__sNA | CONTROL/MEDIA__r3__sNA | PSAM/uPSEM__r2__sNA | PSAM/uPSEM__r9__sNA,DREADD_CNO | DREADD_CNO | EYFP_Control_Media | PSAM_uPSEM | PSAM_uPSEM,EYFP_Control_Media,LMO7_hCTZ,10,9,1338.0,1357.2222222222222,19.22222222222217,0.11741981223259322,0.9988406765357434,-383.15741152149496,421.6018559659393,False
148,5,DREADD/CNO__r10__sNA | DREADD/CNO__r11__sNA | CONTROL/MEDIA__r3__sNA | PSAM/uPSEM__r2__sNA | PSAM/uPSEM__r9__sNA,DREADD_CNO | DREADD_CNO | EYFP_Control_Media | PSAM_uPSEM | PSAM_uPSEM,EYFP_Control_Media,PSAM_uPSEM,10,10,1338.0,1022.75,-315.25,-1.9784880479545077,0.13743546052605216,-706.8975761198892,76.39757611988915,False
149,4,CONTROL/MEDIA__r2__sNA | PSAM/uPSEM__r2__sNA | PSAM/uPSEM__r4__sNA | PSAM/uPSEM__r9__sNA,EYFP_Control_Media | PSAM_uPSEM | PSAM_uPSEM | PSAM_uPSEM,EYFP_Control_Media,DREADD_CNO,10,12,1365.75,1506.25,140.5,0.965631945847491,0.6532457901934936,-216.51812029179757,497.5181202917976,False
149,4,CONTROL/MEDIA__r2__sNA | PSAM/uPSEM__r2__sNA | PSAM/uPSEM__r4__sNA | PSAM/uPSEM__r9__sNA,EYFP_Control_Media | PSAM_uPSEM | PSAM_uPSEM | PSAM_uPSEM,EYFP_Control_Media,LMO7_hCTZ,10,9,1365.75,1357.2222222222222,-8.527777777777828,-0.05461806967333465,0.9998812737999819,-391.6391885945334,374.5836330389777,False
149,4,CONTROL/MEDIA__r2__sNA | PSAM/uPSEM__r2__sNA | PSAM/uPSEM__r4__sNA | PSAM/uPSEM__r9__sNA,EYFP_Control_Media | PSAM_uPSEM | PSAM_uPSEM | PSAM_uPSEM,EYFP_Control_Media,PSAM_uPSEM,10,9,1365.75,1028.3333333333333,-337.41666666666674,-2.16106088704232,0.09435286035507184,-720.5280774834223,45.69474415008881,False
150,7,DREADD/CNO__r1__sNA | DREADD/CNO__r6__sNA | CONTROL/MEDIA__r8__sNA | LMO7/hCTZ__r2__sNA | PSAM/uPSEM__r2__sNA | PSAM/uPSEM__r9__sNA | PSAM/uPSEM__r12__sNA,DREADD_CNO | DREADD_CNO | EYFP_Control_Media | LMO7_hCTZ | PSAM_uPSEM | PSAM_uPSEM | PSAM_uPSEM,EYFP_Control_Media,DREADD_CNO,10,10,1227.5,1403.25,175.75,1.2835276750331364,0.4484030361466316,-162.2899335965829,513.7899335965828,False
150,7,DREADD/CNO__r1__sNA | DREADD/CNO__r6__sNA | CONTROL/MEDIA__r8__sNA | LMO7/hCTZ__r2__sNA | PSAM/uPSEM__r2__sNA | PSAM/uPSEM__r9__sNA | PSAM/uPSEM__r12__sNA,DREADD_CNO | DREADD_CNO | EYFP_Control_Media | LMO7_hCTZ | PSAM_uPSEM | PSAM_uPSEM | PSAM_uPSEM,EYFP_Control_Media,LMO7_hCTZ,10,8,1227.5,1330.9375,103.4375,0.712215888253942,0.8225590645703573,-255.107994036991,461.982994036991,False
150,7,DREADD/CNO__r1__sNA | DREADD/CNO__r6__sNA | CONTROL/MEDIA__r8__sNA | LMO7/hCTZ__r2__sNA | PSAM/uPSEM__r2__sNA | PSAM/uPSEM__r9__sNA | PSAM/uPSEM__r12__sNA,DREADD_CNO | DREADD_CNO | EYFP_Control_Media | LMO7_hCTZ | PSAM_uPSEM | PSAM_uPSEM | PSAM_uPSEM,EYFP_Control_Media,PSAM_uPSEM,10,9,1227.5,969.1666666666666,-258.33333333333337,-1.8363260849617944,0.18294127685270967,-605.6363500375799,88.96968337091306,False
151,5,PSAM/uPSEM__r2__sNA | PSAM/uPSEM__r3__sNA | PSAM/uPSEM__r9__sNA | PSAM/uPSEM__r10__sNA | PSAM/uPSEM__r12__sNA,PSAM_uPSEM | PSAM_uPSEM | PSAM_uPSEM | PSAM_uPSEM | PSAM_uPSEM,EYFP_Control_Media,DREADD_CNO,11,12,1299.7727272727273,1506.25,206.47727272727275,1.398728302505326,0.3829858658972879,-157.57870024164112,570.5332456961867,False
151,5,PSAM/uPSEM__r2__sNA | PSAM/uPSEM__r3__sNA | PSAM/uPSEM__r9__sNA | PSAM/uPSEM__r10__sNA | PSAM/uPSEM__r12__sNA,PSAM_uPSEM | PSAM_uPSEM | PSAM_uPSEM | PSAM_uPSEM | PSAM_uPSEM,EYFP_Control_Media,LMO7_hCTZ,11,9,1299.7727272727273,1357.2222222222222,57.44949494949492,0.36143222764162425,0.9705522447389466,-334.55279941578493,449.45178931477477,False
151,5,PSAM/uPSEM__r2__sNA | PSAM/uPSEM__r3__sNA | PSAM/uPSEM__r9__sNA | PSAM/uPSEM__r10__sNA | PSAM/uPSEM__r12__sNA,PSAM_uPSEM | PSAM_uPSEM | PSAM_uPSEM | PSAM_uPSEM | PSAM_uPSEM,EYFP_Control_Media,PSAM_uPSEM,11,7,1299.7727272727273,965.0,-334.77272727272725,-1.9579303583727763,0.1458552381144832,-756.4518487078219,86.90639416236735,False
152,8,DREADD/CNO__r11__sNA | CONTROL/MEDIA__r4__sNA | CONTROL/MEDIA__r8__sNA | CONTROL/MEDIA__r10__sNA | CONTROL/MEDIA__r11__sNA | LMO7/hCTZ__r3__sNA | PSAM/uPSEM__r2__sNA | PSAM/uPSEM__r8__sNA,DREADD_CNO | EYFP_Control_Media | EYFP_Control_Media | EYFP_Control_Media | EYFP_Control_Media | LMO7_hCTZ | PSAM_uPSEM | PSAM_uPSEM,EYFP_Control_Media,DREADD_CNO,7,11,1130.0,1515.909090909091,385.909090909091,2.3919686102974285,0.05631776437492464,-9.019735010066427,780.8379168282484,False
152,8,DREADD/CNO__r11__sNA | CONTROL/MEDIA__r4__sNA | CONTROL/MEDIA__r8__sNA | CONTROL/MEDIA__r10__sNA | CONTROL/MEDIA__r11__sNA | LMO7/hCTZ__r3__sNA | PSAM/uPSEM__r2__sNA | PSAM/uPSEM__r8__sNA,DREADD_CNO | EYFP_Control_Media | EYFP_Control_Media | EYFP_Control_Media | EYFP_Control_Media | LMO7_hCTZ | PSAM_uPSEM | PSAM_uPSEM,EYFP_Control_Media,LMO7_hCTZ,7,8,1130.0,1447.8125,317.8125,1.8402664783968905,0.17153742340525313,-104.93355174589419,740.5585517458942,False
152,8,DREADD/CNO__r11__sNA | CONTROL/MEDIA__r4__sNA | CONTROL/MEDIA__r8__sNA | CONTROL/MEDIA__r10__sNA | CONTROL/MEDIA__r11__sNA | LMO7/hCTZ__r3__sNA | PSAM/uPSEM__r2__sNA | PSAM/uPSEM__r8__sNA,DREADD_CNO | EYFP_Control_Media | EYFP_Control_Media | EYFP_Control_Media | EYFP_Control_Media | LMO7_hCTZ | PSAM_uPSEM | PSAM_uPSEM,EYFP_Control_Media,PSAM_uPSEM,7,10,1130.0,1125.5,-4.5,-0.02736518760003746,0.9999828276850781,-407.03475626565006,398.03475626565006,False
153,6,DREADD/CNO__r9__sNA | CONTROL/MEDIA__r10__sNA | LMO7/hCTZ__r2__sNA | PSAM/uPSEM__r2__sNA | PSAM/uPSEM__r9__sNA | PSAM/uPSEM__r10__sNA,DREADD_CNO | EYFP_Control_Media | LMO7_hCTZ | PSAM_uPSEM | PSAM_uPSEM | PSAM_uPSEM,EYFP_Control_Media,DREADD_CNO,10,11,1224.0,1509.7727272727273,285.77272727272725,1.917480202991695,0.1559662193197976,-81.53247883705677,653.0779333825112,False
153,6,DREADD/CNO__r9__sNA | CONTROL/MEDIA__r10__sNA | LMO7/hCTZ__r2__sNA | PSAM/uPSEM__r2__sNA | PSAM/uPSEM__r9__sNA | PSAM/uPSEM__r10__sNA,DREADD_CNO | EYFP_Control_Media | LMO7_hCTZ | PSAM_uPSEM | PSAM_uPSEM | PSAM_uPSEM,EYFP_Control_Media,LMO7_hCTZ,10,8,1224.0,1330.9375,106.9375,0.660940221819204,0.8502987797577517,-291.81648683034143,505.69148683034143,False
153,6,DREADD/CNO__r9__sNA | CONTROL/MEDIA__r10__sNA | LMO7/hCTZ__r2__sNA | PSAM/uPSEM__r2__sNA | PSAM/uPSEM__r9__sNA | PSAM/uPSEM__r10__sNA,DREADD_CNO | EYFP_Control_Media | LMO7_hCTZ | PSAM_uPSEM | PSAM_uPSEM | PSAM_uPSEM,EYFP_Control_Media,PSAM_uPSEM,10,9,1224.0,1023.0555555555555,-200.94444444444446,-1.2821648654171205,0.4473715649754999,-587.1951848727572,185.3062959838682,False
154,3,CONTROL/MEDIA__r11__sNA | PSAM/uPSEM__r2__sNA | PSAM/uPSEM__r9__sNA,EYFP_Control_Media | PSAM_uPSEM | PSAM_uPSEM,EYFP_Control_Media,DREADD_CNO,10,12,1298.5,1506.25,207.75,1.370344332883857,0.38851848234382935,-163.4734179721621,578.9734179721621,False
154,3,CONTROL/MEDIA__r11__sNA | PSAM/uPSEM__r2__sNA | PSAM/uPSEM__r9__sNA,EYFP_Control_Media | PSAM_uPSEM | PSAM_uPSEM,EYFP_Control_Media,LMO7_hCTZ,10,9,1298.5,1357.2222222222222,58.72222222222217,0.3609577156186089,0.9686472768430162,-339.63270517276317,457.0771496172075,False
154,3,CONTROL/MEDIA__r11__sNA | PSAM/uPSEM__r2__sNA | PSAM/uPSEM__r9__sNA,EYFP_Control_Media | PSAM_uPSEM | PSAM_uPSEM,EYFP_Control_Media,PSAM_uPSEM,10,10,1298.5,1022.75,-275.75,-1.7414456159126328,0.21153044536090904,-663.4802146187375,111.98021461873748,False
155,3,DREADD/CNO__r3__sNA | CONTROL/MEDIA__r10__sNA | PSAM/uPSEM__r9__sNA,DREADD_CNO | EYFP_Control_Media | PSAM_uPSEM,EYFP_Control_Media,DREADD_CNO,10,11,1224.0,1557.5,333.5,2.217370225690438,0.08295951453217387,-34.74828904776916,701.7482890477692,False
155,3,DREADD/CNO__r3__sNA | CONTROL/MEDIA__r10__sNA | PSAM/uPSEM__r9__sNA,DREADD_CNO | EYFP_Control_Media | PSAM_uPSEM,EYFP_Control_Media,LMO7_hCTZ,10,9,1224.0,1357.2222222222222,133.22222222222217,0.8423194053269084,0.7344549026065665,-254.02024518687608,520.4646896313204,False
155,3,DREADD/CNO__r3__sNA | CONTROL/MEDIA__r10__sNA | PSAM/uPSEM__r9__sNA,DREADD_CNO | EYFP_Control_Media | PSAM_uPSEM,EYFP_Control_Media,PSAM_uPSEM,10,11,1224.0,1103.8636363636363,-120.13636363636374,-0.7987610067466039,0.7628884792243478,-488.3846526841329,248.11192541140542,False
156,5,CONTROL/MEDIA__r2__sNA | LMO7/hCTZ__r4__sNA | PSAM/uPSEM__r2__sNA | PSAM/uPSEM__r9__sNA | PSAM/uPSEM__r10__sNA,EYFP_Control_Media | LMO7_hCTZ | PSAM_uPSEM | PSAM_uPSEM | PSAM_uPSEM,EYFP_Control_Media,DREADD_CNO,10,12,1365.75,1506.25,140.5,0.9578271015904447,0.6609624514334607,-220.16925231938126,501.16925231938126,False
156,5,CONTROL/MEDIA__r2__sNA | LMO7/hCTZ__r4__sNA | PSAM/uPSEM__r2__sNA | PSAM/uPSEM__r9__sNA | PSAM/uPSEM__r10__sNA,EYFP_Control_Media | LMO7_hCTZ | PSAM_uPSEM | PSAM_uPSEM | PSAM_uPSEM,EYFP_Control_Media,LMO7_hCTZ,10,8,1365.75,1330.3125,-35.4375,-0.2180737197394489,0.9928046574617535,-434.99534416554417,364.12034416554417,False
156,5,CONTROL/MEDIA__r2__sNA | LMO7/hCTZ__r4__sNA | PSAM/uPSEM__r2__sNA | PSAM/uPSEM__r9__sNA | PSAM/uPSEM__r10__sNA,EYFP_Control_Media | LMO7_hCTZ | PSAM_uPSEM | PSAM_uPSEM | PSAM_uPSEM,EYFP_Control_Media,PSAM_uPSEM,10,9,1365.75,1023.0555555555555,-342.69444444444446,-2.1771233341417986,0.09211840128669224,-729.7238366259066,44.33494773701767,False
157,5,DREADD/CNO__r6__sNA | CONTROL/MEDIA__r10__sNA | PSAM/uPSEM__r1__sNA | PSAM/uPSEM__r2__sNA | PSAM/uPSEM__r9__sNA,DREADD_CNO | EYFP_Control_Media | PSAM_uPSEM | PSAM_uPSEM | PSAM_uPSEM,EYFP_Control_Media,DREADD_CNO,10,11,1224.0,1449.090909090909,225.090909090909,1.6167963827118499,0.26583706576544053,-117.13697682762063,567.3187950094386,False
157,5,DREADD/CNO__r6__sNA | CONTROL/MEDIA__r10__sNA | PSAM/uPSEM__r1__sNA | PSAM/uPSEM__r2__sNA | PSAM/uPSEM__r9__sNA,DREADD_CNO | EYFP_Control_Media | PSAM_uPSEM | PSAM_uPSEM | PSAM_uPSEM,EYFP_Control_Media,LMO7_hCTZ,10,9,1224.0,1357.2222222222222,133.22222222222217,0.9099799142423981,0.692922973343175,-226.65771449650526,493.1021589409496,False
157,5,DREADD/CNO__r6__sNA | CONTROL/MEDIA__r10__sNA | PSAM/uPSEM__r1__sNA | PSAM/uPSEM__r2__sNA | PSAM/uPSEM__r9__sNA,DREADD_CNO | EYFP_Control_Media | PSAM_uPSEM | PSAM_uPSEM | PSAM_uPSEM,EYFP_Control_Media,PSAM_uPSEM,10,9,1224.0,1006.9444444444445,-217.05555555555554,-1.4826069745392205,0.33077194380098207,-576.935492274283,142.8243811631719,False
158,5,CONTROL/MEDIA__r5__sNA | CONTROL/MEDIA__r6__sNA | LMO7/hCTZ__r5__sNA | PSAM/uPSEM__r2__sNA | PSAM/uPSEM__r9__sNA,EYFP_Control_Media | EYFP_Control_Media | LMO7_hCTZ | PSAM_uPSEM | PSAM_uPSEM,EYFP_Control_Media,DREADD_CNO,9,12,1301.111111111111,1506.25,205.1388888888889,1.3215937935608149,0.4142250836843512,-175.17527832435462,585.4530561021325,False
158,5,CONTROL/MEDIA__r5__sNA | CONTROL/MEDIA__r6__sNA | LMO7/hCTZ__r5__sNA | PSAM/uPSEM__r2__sNA | PSAM/uPSEM__r9__sNA,EYFP_Control_Media | EYFP_Control_Media | LMO7_hCTZ | PSAM_uPSEM | PSAM_uPSEM,EYFP_Control_Media,LMO7_hCTZ,9,8,1301.111111111111,1350.3125,49.201388888888914,0.28765167761126387,0.983115512846592,-369.8844119334615,468.2871897112393,False
158,5,CONTROL/MEDIA__r5__sNA | CONTROL/MEDIA__r6__sNA | LMO7/hCTZ__r5__sNA | PSAM/uPSEM__r2__sNA | PSAM/uPSEM__r9__sNA,EYFP_Control_Media | EYFP_Control_Media | LMO7_hCTZ | PSAM_uPSEM | PSAM_uPSEM,EYFP_Control_Media,PSAM_uPSEM,9,10,1301.111111111111,1022.75,-278.3611111111111,-1.7210788861885542,0.21821814835071007,-674.639400764009,117.91717854178688,False
159,6,CONTROL/MEDIA__r7__sNA | CONTROL/MEDIA__r8__sNA | LMO7/hCTZ__r8__sNA | PSAM/uPSEM__r2__sNA | PSAM/uPSEM__r9__sNA | PSAM/uPSEM__r11__sNA,EYFP_Control_Media | EYFP_Control_Media | LMO7_hCTZ | PSAM_uPSEM | PSAM_uPSEM | PSAM_uPSEM,EYFP_Control_Media,DREADD_CNO,9,12,1203.0555555555557,1506.25,303.19444444444434,2.0220643351824443,0.12504861354403318,-65.11473537689761,671.5036242657864,False
159,6,CONTROL/MEDIA__r7__sNA | CONTROL/MEDIA__r8__sNA | LMO7/hCTZ__r8__sNA | PSAM/uPSEM__r2__sNA | PSAM/uPSEM__r9__sNA | PSAM/uPSEM__r11__sNA,EYFP_Control_Media | EYFP_Control_Media | LMO7_hCTZ | PSAM_uPSEM | PSAM_uPSEM | PSAM_uPSEM,EYFP_Control_Media,LMO7_hCTZ,9,8,1203.0555555555557,1328.125,125.06944444444434,0.7569453193835624,0.7882149572976208,-280.7875045792395,530.9263934681283,False
159,6,CONTROL/MEDIA__r7__sNA | CONTROL/MEDIA__r8__sNA | LMO7/hCTZ__r8__sNA | PSAM/uPSEM__r2__sNA | PSAM/uPSEM__r9__sNA | PSAM/uPSEM__r11__sNA,EYFP_Control_Media | EYFP_Control_Media | LMO7_hCTZ | PSAM_uPSEM | PSAM_uPSEM | PSAM_uPSEM,EYFP_Control_Media,PSAM_uPSEM,9,9,1203.0555555555557,1036.9444444444443,-166.1111111111113,-1.0362783852148398,0.6012127269746528,-559.8501863383044,227.62796411608184,False
160,4,CONTROL/MEDIA__r1__sNA | CONTROL/MEDIA__r8__sNA | CONTROL/MEDIA__r10__sNA | PSAM/uPSEM__r2__sNA,EYFP_Control_Media | EYFP_Control_Media | EYFP_Control_Media | PSAM_uPSEM,EYFP_Control_Media,DREADD_CNO,8,12,1106.25,1506.25,400.0,2.5750579535126,0.03629291506713417,21.736699891956107,778.263300108044,True
160,4,CONTROL/MEDIA__r1__sNA | CONTROL/MEDIA__r8__sNA | CONTROL/MEDIA__r10__sNA | PSAM/uPSEM__r2__sNA,EYFP_Control_Media | EYFP_Control_Media | EYFP_Control_Media | PSAM_uPSEM,EYFP_Control_Media,LMO7_hCTZ,8,9,1106.25,1357.2222222222222,250.97222222222217,1.517657740356759,0.29872431845680025,-151.71981159904908,653.6642560434934,False
160,4,CONTROL/MEDIA__r1__sNA | CONTROL/MEDIA__r8__sNA | CONTROL/MEDIA__r10__sNA | PSAM/uPSEM__r2__sNA,EYFP_Control_Media | EYFP_Control_Media | EYFP_Control_Media | PSAM_uPSEM,EYFP_Control_Media,PSAM_uPSEM,8,11,1106.25,1114.7727272727273,8.522727272727252,0.05389513007426245,0.9998713918890643,-376.55667610678836,393.60213065224286,False
161,5,CONTROL/MEDIA__r8__sNA | LMO7/hCTZ__r3__sNA | LMO7/hCTZ__r6__sNA | PSAM/uPSEM__r2__sNA | PSAM/uPSEM__r12__sNA,EYFP_Control_Media | LMO7_hCTZ | LMO7_hCTZ | PSAM_uPSEM | PSAM_uPSEM,EYFP_Control_Media,DREADD_CNO,10,12,1227.5,1506.25,278.75,1.8777696153067622,0.16728418207013362,-86.32775996621626,643.8277599662163,False
161,5,CONTROL/MEDIA__r8__sNA | LMO7/hCTZ__r3__sNA | LMO7/hCTZ__r6__sNA | PSAM/uPSEM__r2__sNA | PSAM/uPSEM__r12__sNA,EYFP_Control_Media | LMO7_hCTZ | LMO7_hCTZ | PSAM_uPSEM | PSAM_uPSEM,EYFP_Control_Media,LMO7_hCTZ,10,7,1227.5,1471.0714285714287,243.57142857142867,1.4256044794469243,0.3622769465053767,-176.61314163179657,663.7559987746539,False
161,5,CONTROL/MEDIA__r8__sNA | LMO7/hCTZ__r3__sNA | LMO7/hCTZ__r6__sNA | PSAM/uPSEM__r2__sNA | PSAM/uPSEM__r12__sNA,EYFP_Control_Media | LMO7_hCTZ | LMO7_hCTZ | PSAM_uPSEM | PSAM_uPSEM,EYFP_Control_Media,PSAM_uPSEM,10,10,1227.5,1075.75,-151.75,-0.9787276339123249,0.6472098575128508,-533.061284178855,229.56128417885498,False
162,5,DREADD/CNO__r3__sNA | DREADD/CNO__r5__sNA | CONTROL/MEDIA__r11__sNA | LMO7/hCTZ__r3__sNA | PSAM/uPSEM__r2__sNA,DREADD_CNO | DREADD_CNO | EYFP_Control_Media | LMO7_hCTZ | PSAM_uPSEM,EYFP_Control_Media,DREADD_CNO,10,10,1298.5,1598.5,300.0,1.8818242941864816,0.16563025204173043,-91.91406501514933,691.9140650151494,False
162,5,DREADD/CNO__r3__sNA | DREADD/CNO__r5__sNA | CONTROL/MEDIA__r11__sNA | LMO7/hCTZ__r3__sNA | PSAM/uPSEM__r2__sNA,DREADD_CNO | DREADD_CNO | EYFP_Control_Media | LMO7_hCTZ | PSAM_uPSEM,EYFP_Control_Media,LMO7_hCTZ,10,8,1298.5,1447.8125,149.3125,0.8830346024156693,0.7113056312581902,-266.37513952189636,565.0001395218964,False
162,5,DREADD/CNO__r3__sNA | DREADD/CNO__r5__sNA | CONTROL/MEDIA__r11__sNA | LMO7/hCTZ__r3__sNA | PSAM/uPSEM__r2__sNA,DREADD_CNO | DREADD_CNO | EYFP_Control_Media | LMO7_hCTZ | PSAM_uPSEM,EYFP_Control_Media,PSAM_uPSEM,10,11,1298.5,1114.7727272727273,-183.72727272727275,-1.1795955828705722,0.5105634745647822,-566.6306145234328,199.17606906888727,False
163,8,DREADD/CNO__r3__sNA | DREADD/CNO__r10__sNA | CONTROL/MEDIA__r1__sNA | LMO7/hCTZ__r2__sNA | LMO7/hCTZ__r3__sNA | PSAM/uPSEM__r1__sNA | PSAM/uPSEM__r9__sNA | PSAM/uPSEM__r12__sNA,DREADD_CNO | DREADD_CNO | EYFP_Control_Media | LMO7_hCTZ | LMO7_hCTZ | PSAM_uPSEM | PSAM_uPSEM | PSAM_uPSEM,EYFP_Control_Media,DREADD_CNO,10,10,1293.0,1576.0,283.0,1.7514253525767514,0.21505976398458804,-116.98121696776582,682.9812169677658,False
163,8,DREADD/CNO__r3__sNA | DREADD/CNO__r10__sNA | CONTROL/MEDIA__r1__sNA | LMO7/hCTZ__r2__sNA | LMO7/hCTZ__r3__sNA | PSAM/uPSEM__r1__sNA | PSAM/uPSEM__r9__sNA | PSAM/uPSEM__r12__sNA,DREADD_CNO | DREADD_CNO | EYFP_Control_Media | LMO7_hCTZ | LMO7_hCTZ | PSAM_uPSEM | PSAM_uPSEM | PSAM_uPSEM,EYFP_Control_Media,LMO7_hCTZ,10,7,1293.0,1430.7142857142858,137.71428571428578,0.7734348688350615,0.7876727973709327,-303.0435484077486,578.4721198363202,False
163,8,DREADD/CNO__r3__sNA | DREADD/CNO__r10__sNA | CONTROL/MEDIA__r1__sNA | LMO7/hCTZ__r2__sNA | LMO7/hCTZ__r3__sNA | PSAM/uPSEM__r1__sNA | PSAM/uPSEM__r9__sNA | PSAM/uPSEM__r12__sNA,DREADD_CNO | DREADD_CNO | EYFP_Control_Media | LMO7_hCTZ | LMO7_hCTZ | PSAM_uPSEM | PSAM_uPSEM | PSAM_uPSEM,EYFP_Control_Media,PSAM_uPSEM,10,9,1293.0,1052.5,-240.5,-1.4487042335558395,0.35490017506408444,-651.4416358001114,170.44163580011138,False
164,4,DREADD/CNO__r3__sNA | DREADD/CNO__r4__sNA | DREADD/CNO__r7__sNA | PSAM/uPSEM__r9__sNA,DREADD_CNO | DREADD_CNO | DREADD_CNO | PSAM_uPSEM,EYFP_Control_Media,DREADD_CNO,11,9,1299.7727272727273,1628.0555555555557,328.2828282828284,2.007706218267402,0.1308909523743954,-74.03956311219264,730.6052196778494,False
164,4,DREADD/CNO__r3__sNA | DREADD/CNO__r4__sNA | DREADD/CNO__r7__sNA | PSAM/uPSEM__r9__sNA,DREADD_CNO | DREADD_CNO | DREADD_CNO | PSAM_uPSEM,EYFP_Control_Media,LMO7_hCTZ,11,9,1299.7727272727273,1357.2222222222222,57.44949494949492,0.351348588196795,0.9723764635812474,-344.8728964455261,459.77188634451596,False
164,4,DREADD/CNO__r3__sNA | DREADD/CNO__r4__sNA | DREADD/CNO__r7__sNA | PSAM/uPSEM__r9__sNA,DREADD_CNO | DREADD_CNO | DREADD_CNO | PSAM_uPSEM,EYFP_Control_Media,PSAM_uPSEM,11,11,1299.7727272727273,1103.8636363636363,-195.909090909091,-1.2629476011100202,0.46159894874655394,-577.5856240572892,185.76744223910725,False
165,6,DREADD/CNO__r5__sNA | CONTROL/MEDIA__r1__sNA | CONTROL/MEDIA__r3__sNA | CONTROL/MEDIA__r8__sNA | CONTROL/MEDIA__r10__sNA | PSAM/uPSEM__r2__sNA,DREADD_CNO | EYFP_Control_Media | EYFP_Control_Media | EYFP_Control_Media | EYFP_Control_Media | PSAM_uPSEM,EYFP_Control_Media,DREADD_CNO,7,11,1133.2142857142858,1538.8636363636363,405.6493506493505,2.449615796393511,0.04831863354369936,2.525164183354093,808.7735371153469,True
165,6,DREADD/CNO__r5__sNA | CONTROL/MEDIA__r1__sNA | CONTROL/MEDIA__r3__sNA | CONTROL/MEDIA__r8__sNA | CONTROL/MEDIA__r10__sNA | PSAM/uPSEM__r2__sNA,DREADD_CNO | EYFP_Control_Media | EYFP_Control_Media | EYFP_Control_Media | EYFP_Control_Media | PSAM_uPSEM,EYFP_Control_Media,LMO7_hCTZ,7,9,1133.2142857142858,1357.2222222222222,224.0079365079364,1.2978119467523186,0.41149321356857405,-196.17429401786546,644.1901670337382,False
165,6,DREADD/CNO__r5__sNA | CONTROL/MEDIA__r1__sNA | CONTROL/MEDIA__r3__sNA | CONTROL/MEDIA__r8__sNA | CONTROL/MEDIA__r10__sNA | PSAM/uPSEM__r2__sNA,DREADD_CNO | EYFP_Control_Media | EYFP_Control_Media | EYFP_Control_Media | EYFP_Control_Media | PSAM_uPSEM,EYFP_Control_Media,PSAM_uPSEM,7,11,1133.2142857142858,1114.7727272727273,-18.441558441558527,-0.11136399650644478,0.998817979067341,-421.5657449075549,384.68262802443786,False
166,4,CONTROL/MEDIA__r4__sNA | LMO7/hCTZ__r7__sNA | PSAM/uPSEM__r2__sNA | PSAM/uPSEM__r9__sNA,EYFP_Control_Media | LMO7_hCTZ | PSAM_uPSEM | PSAM_uPSEM,EYFP_Control_Media,DREADD_CNO,10,12,1330.25,1506.25,176.0,1.1579660247675372,0.5229543909973885,-196.97554111604717,548.9755411160472,False
166,4,CONTROL/MEDIA__r4__sNA | LMO7/hCTZ__r7__sNA | PSAM/uPSEM__r2__sNA | PSAM/uPSEM__r9__sNA,EYFP_Control_Media | LMO7_hCTZ | PSAM_uPSEM | PSAM_uPSEM,EYFP_Control_Media,LMO7_hCTZ,10,8,1330.25,1359.375,29.125,0.17297308920128632,0.9963147191597739,-384.0660390931789,442.3160390931789,False
166,4,CONTROL/MEDIA__r4__sNA | LMO7/hCTZ__r7__sNA | PSAM/uPSEM__r2__sNA | PSAM/uPSEM__r9__sNA,EYFP_Control_Media | LMO7_hCTZ | PSAM_uPSEM | PSAM_uPSEM,EYFP_Control_Media,PSAM_uPSEM,10,10,1330.25,1022.75,-307.5,-1.9370194832771925,0.14812210639519574,-697.0602475577368,82.06024755773689,False
167,8,DREADD/CNO__r5__sNA | DREADD/CNO__r7__sNA | CONTROL/MEDIA__r4__sNA | CONTROL/MEDIA__r5__sNA | CONTROL/MEDIA__r10__sNA | PSAM/uPSEM__r5__sNA | PSAM/uPSEM__r9__sNA | PSAM/uPSEM__r12__sNA,DREADD_CNO | DREADD_CNO | EYFP_Control_Media | EYFP_Control_Media | EYFP_Control_Media | PSAM_uPSEM | PSAM_uPSEM | PSAM_uPSEM,EYFP_Control_Media,DREADD_CNO,8,10,1195.625,1573.75,378.125,2.2539933112739194,0.07750723126062953,-33.94070449537293,790.190704495373,False
167,8,DREADD/CNO__r5__sNA | DREADD/CNO__r7__sNA | CONTROL/MEDIA__r4__sNA | CONTROL/MEDIA__r5__sNA | CONTROL/MEDIA__r10__sNA | PSAM/uPSEM__r5__sNA | PSAM/uPSEM__r9__sNA | PSAM/uPSEM__r12__sNA,DREADD_CNO | DREADD_CNO | EYFP_Control_Media | EYFP_Control_Media | EYFP_Control_Media | PSAM_uPSEM | PSAM_uPSEM | PSAM_uPSEM,EYFP_Control_Media,LMO7_hCTZ,8,9,1195.625,1357.2222222222222,161.59722222222217,0.9403383940292337,0.6611689636172668,-260.5203424356449,583.7147868800893,False
167,8,DREADD/CNO__r5__sNA | DREADD/CNO__r7__sNA | CONTROL/MEDIA__r4__sNA | CONTROL/MEDIA__r5__sNA | CONTROL/MEDIA__r10__sNA | PSAM/uPSEM__r5__sNA | PSAM/uPSEM__r9__sNA | PSAM/uPSEM__r12__sNA,DREADD_CNO | DREADD_CNO | EYFP_Control_Media | EYFP_Control_Media | EYFP_Control_Media | PSAM_uPSEM | PSAM_uPSEM | PSAM_uPSEM,EYFP_Control_Media,PSAM_uPSEM,8,9,1195.625,1074.4444444444443,-121.18055555555566,-0.7051527707696669,0.8151363028746862,-543.2981202134227,300.93700910231144,False
168,4,DREADD/CNO__r9__sNA | CONTROL/MEDIA__r3__sNA | PSAM/uPSEM__r2__sNA | PSAM/uPSEM__r9__sNA,DREADD_CNO | EYFP_Control_Media | PSAM_uPSEM | PSAM_uPSEM,EYFP_Control_Media,DREADD_CNO,10,11,1338.0,1509.7727272727273,171.77272727272725,1.1148849381950003,0.55100775087003,-206.23042262552843,549.775877170983,False
168,4,DREADD/CNO__r9__sNA | CONTROL/MEDIA__r3__sNA | PSAM/uPSEM__r2__sNA | PSAM/uPSEM__r9__sNA,DREADD_CNO | EYFP_Control_Media | PSAM_uPSEM | PSAM_uPSEM,EYFP_Control_Media,LMO7_hCTZ,10,9,1338.0,1357.2222222222222,19.22222222222217,0.11864165326151875,0.9987911103926076,-378.27825994844585,416.7227043928902,False
168,4,DREADD/CNO__r9__sNA | CONTROL/MEDIA__r3__sNA | PSAM/uPSEM__r2__sNA | PSAM/uPSEM__r9__sNA,DREADD_CNO | EYFP_Control_Media | PSAM_uPSEM | PSAM_uPSEM,EYFP_Control_Media,PSAM_uPSEM,10,10,1338.0,1022.75,-315.25,-1.9990756968892636,0.1309998208944062,-702.1485587073346,71.64855870733459,False
169,4,DREADD/CNO__r10__sNA | PSAM/uPSEM__r1__sNA | PSAM/uPSEM__r2__sNA | PSAM/uPSEM__r9__sNA,DREADD_CNO | PSAM_uPSEM | PSAM_uPSEM | PSAM_uPSEM,EYFP_Control_Media,DREADD_CNO,11,11,1299.7727272727273,1518.409090909091,218.63636363636374,1.4349281932442846,0.35992345823752503,-156.26673576386435,593.5394630365918,False
169,4,DREADD/CNO__r10__sNA | PSAM/uPSEM__r1__sNA | PSAM/uPSEM__r2__sNA | PSAM/uPSEM__r9__sNA,DREADD_CNO | PSAM_uPSEM | PSAM_uPSEM | PSAM_uPSEM,EYFP_Control_Media,LMO7_hCTZ,11,9,1299.7727272727273,1357.2222222222222,57.44949494949492,0.35769695479836944,0.9709483378587407,-337.7330703709139,452.6320602699037,False
169,4,DREADD/CNO__r10__sNA | PSAM/uPSEM__r1__sNA | PSAM/uPSEM__r2__sNA | PSAM/uPSEM__r9__sNA,DREADD_CNO | PSAM_uPSEM | PSAM_uPSEM | PSAM_uPSEM,EYFP_Control_Media,PSAM_uPSEM,11,9,1299.7727272727273,1006.9444444444445,-292.8282828282828,-1.823232478172261,0.1865164504573339,-688.0108481486916,102.354282492126,False
170,7,CONTROL/MEDIA__r2__sNA | CONTROL/MEDIA__r4__sNA | CONTROL/MEDIA__r8__sNA | LMO7/hCTZ__r9__sNA | PSAM/uPSEM__r2__sNA | PSAM/uPSEM__r7__sNA | PSAM/uPSEM__r9__sNA,EYFP_Control_Media | EYFP_Control_Media | EYFP_Control_Media | LMO7_hCTZ | PSAM_uPSEM | PSAM_uPSEM | PSAM_uPSEM,EYFP_Control_Media,DREADD_CNO,8,12,1330.0,1506.25,176.25,1.1869381988230827,0.49352909243756715,-187.99262462922007,540.49262462922,False
170,7,CONTROL/MEDIA__r2__sNA | CONTROL/MEDIA__r4__sNA | CONTROL/MEDIA__r8__sNA | LMO7/hCTZ__r9__sNA | PSAM/uPSEM__r2__sNA | PSAM/uPSEM__r7__sNA | PSAM/uPSEM__r9__sNA,EYFP_Control_Media | EYFP_Control_Media | EYFP_Control_Media | LMO7_hCTZ | PSAM_uPSEM | PSAM_uPSEM | PSAM_uPSEM,EYFP_Control_Media,LMO7_hCTZ,8,8,1330.0,1330.3125,0.3125,0.0019211371922575478,0.9999999944188684,-398.69530382862126,399.32030382862126,False
170,7,CONTROL/MEDIA__r2__sNA | CONTROL/MEDIA__r4__sNA | CONTROL/MEDIA__r8__sNA | LMO7/hCTZ__r9__sNA | PSAM/uPSEM__r2__sNA | PSAM/uPSEM__r7__sNA | PSAM/uPSEM__r9__sNA,EYFP_Control_Media | EYFP_Control_Media | EYFP_Control_Media | LMO7_hCTZ | PSAM_uPSEM | PSAM_uPSEM | PSAM_uPSEM,EYFP_Control_Media,PSAM_uPSEM,8,9,1330.0,1042.7777777777778,-287.2222222222222,-1.8169299674041246,0.18237396531803562,-674.988107187649,100.54366274320466,False
171,8,CONTROL/MEDIA__r6__sNA | CONTROL/MEDIA__r7__sNA | CONTROL/MEDIA__r10__sNA | CONTROL/MEDIA__r11__sNA | LMO7/hCTZ__r8__sNA | PSAM/uPSEM__r2__sNA | PSAM/uPSEM__r9__sNA | PSAM/uPSEM__r10__sNA,EYFP_Control_Media | EYFP_Control_Media | EYFP_Control_Media | EYFP_Control_Media | LMO7_hCTZ | PSAM_uPSEM | PSAM_uPSEM | PSAM_uPSEM,EYFP_Control_Media,DREADD_CNO,7,12,1224.642857142857,1506.25,281.6071428571429,1.7209274883428434,0.21270092023306586,-119.05689396761767,682.2711796819035,False
171,8,CONTROL/MEDIA__r6__sNA | CONTROL/MEDIA__r7__sNA | CONTROL/MEDIA__r10__sNA | CONTROL/MEDIA__r11__sNA | LMO7/hCTZ__r8__sNA | PSAM/uPSEM__r2__sNA | PSAM/uPSEM__r9__sNA | PSAM/uPSEM__r10__sNA,EYFP_Control_Media | EYFP_Control_Media | EYFP_Control_Media | EYFP_Control_Media | LMO7_hCTZ | PSAM_uPSEM | PSAM_uPSEM | PSAM_uPSEM,EYFP_Control_Media,LMO7_hCTZ,7,8,1224.642857142857,1328.125,103.48214285714289,0.5811254025244682,0.8778899904608042,-332.5262216272075,539.4905073414933,False
171,8,CONTROL/MEDIA__r6__sNA | CONTROL/MEDIA__r7__sNA | CONTROL/MEDIA__r10__sNA | CONTROL/MEDIA__r11__sNA | LMO7/hCTZ__r8__sNA | PSAM/uPSEM__r2__sNA | PSAM/uPSEM__r9__sNA | PSAM/uPSEM__r10__sNA,EYFP_Control_Media | EYFP_Control_Media | EYFP_Control_Media | EYFP_Control_Media | LMO7_hCTZ | PSAM_uPSEM | PSAM_uPSEM | PSAM_uPSEM,EYFP_Control_Media,PSAM_uPSEM,7,9,1224.642857142857,1023.0555555555555,-201.58730158730157,-1.1625978557993653,0.5009471805760655,-626.1412864566581,222.966683282055,False
172,7,CONTROL/MEDIA__r4__sNA | CONTROL/MEDIA__r8__sNA | LMO7/hCTZ__r1__sNA | PSAM/uPSEM__r1__sNA | PSAM/uPSEM__r2__sNA | PSAM/uPSEM__r8__sNA | PSAM/uPSEM__r9__sNA,EYFP_Control_Media | EYFP_Control_Media | LMO7_hCTZ | PSAM_uPSEM | PSAM_uPSEM | PSAM_uPSEM | PSAM_uPSEM,EYFP_Control_Media,DREADD_CNO,9,12,1253.3333333333333,1506.25,252.91666666666674,1.6543053903250078,0.24859479932972361,-123.51178292314529,629.3451162564788,False
172,7,CONTROL/MEDIA__r4__sNA | CONTROL/MEDIA__r8__sNA | LMO7/hCTZ__r1__sNA | PSAM/uPSEM__r1__sNA | PSAM/uPSEM__r2__sNA | PSAM/uPSEM__r8__sNA | PSAM/uPSEM__r9__sNA,EYFP_Control_Media | EYFP_Control_Media | LMO7_hCTZ | PSAM_uPSEM | PSAM_uPSEM | PSAM_uPSEM | PSAM_uPSEM,EYFP_Control_Media,LMO7_hCTZ,9,8,1253.3333333333333,1371.5625,118.22916666666674,0.7017823172112139,0.823475743873013,-296.57478188097673,533.0331152143102,False
172,7,CONTROL/MEDIA__r4__sNA | CONTROL/MEDIA__r8__sNA | LMO7/hCTZ__r1__sNA | PSAM/uPSEM__r1__sNA | PSAM/uPSEM__r2__sNA | PSAM/uPSEM__r8__sNA | PSAM/uPSEM__r9__sNA,EYFP_Control_Media | EYFP_Control_Media | LMO7_hCTZ | PSAM_uPSEM | PSAM_uPSEM | PSAM_uPSEM | PSAM_uPSEM,EYFP_Control_Media,PSAM_uPSEM,9,8,1253.3333333333333,1006.875,-246.45833333333326,-1.4629224339398506,0.3395719966890782,-661.2622818809767,168.34561521431021,False
173,8,DREADD/CNO__r3__sNA | DREADD/CNO__r8__sNA | DREADD/CNO__r10__sNA | DREADD/CNO__r11__sNA | CONTROL/MEDIA__r3__sNA | PSAM/uPSEM__r2__sNA | PSAM/uPSEM__r9__sNA | PSAM/uPSEM__r10__sNA,DREADD_CNO | DREADD_CNO | DREADD_CNO | DREADD_CNO | EYFP_Control_Media | PSAM_uPSEM | PSAM_uPSEM | PSAM_uPSEM,EYFP_Control_Media,DREADD_CNO,10,8,1338.0,1570.625,232.625,1.3846071423357942,0.39016453446260746,-182.75228036990745,648.0022803699075,False
173,8,DREADD/CNO__r3__sNA | DREADD/CNO__r8__sNA | DREADD/CNO__r10__sNA | DREADD/CNO__r11__sNA | CONTROL/MEDIA__r3__sNA | PSAM/uPSEM__r2__sNA | PSAM/uPSEM__r9__sNA | PSAM/uPSEM__r10__sNA,DREADD_CNO | DREADD_CNO | DREADD_CNO | DREADD_CNO | EYFP_Control_Media | PSAM_uPSEM | PSAM_uPSEM | PSAM_uPSEM,EYFP_Control_Media,LMO7_hCTZ,10,9,1338.0,1357.2222222222222,19.22222222222217,0.11811620594708201,0.998861795099945,-383.13057523893065,421.575019683375,False
173,8,DREADD/CNO__r3__sNA | DREADD/CNO__r8__sNA | DREADD/CNO__r10__sNA | DREADD/CNO__r11__sNA | CONTROL/MEDIA__r3__sNA | PSAM/uPSEM__r2__sNA | PSAM/uPSEM__r9__sNA | PSAM/uPSEM__r10__sNA,DREADD_CNO | DREADD_CNO | DREADD_CNO | DREADD_CNO | EYFP_Control_Media | PSAM_uPSEM | PSAM_uPSEM | PSAM_uPSEM,EYFP_Control_Media,PSAM_uPSEM,10,9,1338.0,1023.0555555555555,-314.94444444444446,-1.935262345416213,0.15310060308873852,-717.2972419055973,87.40835301670836,False
174,4,DREADD/CNO__r11__sNA | PSAM/uPSEM__r1__sNA | PSAM/uPSEM__r2__sNA | PSAM/uPSEM__r9__sNA,DREADD_CNO | PSAM_uPSEM | PSAM_uPSEM | PSAM_uPSEM,EYFP_Control_Media,DREADD_CNO,11,11,1299.7727272727273,1515.909090909091,216.13636363636374,1.417410859234653,0.3696318832459832,-159.06023158722923,591.3329588599568,False
174,4,DREADD/CNO__r11__sNA | PSAM/uPSEM__r1__sNA | PSAM/uPSEM__r2__sNA | PSAM/uPSEM__r9__sNA,DREADD_CNO | PSAM_uPSEM | PSAM_uPSEM | PSAM_uPSEM,EYFP_Control_Media,LMO7_hCTZ,11,9,1299.7727272727273,1357.2222222222222,57.44949494949492,0.35741714798881913,0.9710121925968034,-338.0424421327737,452.94143203176355,False
174,4,DREADD/CNO__r11__sNA | PSAM/uPSEM__r1__sNA | PSAM/uPSEM__r2__sNA | PSAM/uPSEM__r9__sNA,DREADD_CNO | PSAM_uPSEM | PSAM_uPSEM | PSAM_uPSEM,EYFP_Control_Media,PSAM_uPSEM,11,9,1299.7727272727273,1006.9444444444445,-292.8282828282828,-1.8218062628915819,0.1870089545485969,-688.3202199105515,102.66365425398584,False
175,7,DREADD/CNO__r6__sNA | CONTROL/MEDIA__r5__sNA | CONTROL/MEDIA__r8__sNA | LMO7/hCTZ__r4__sNA | LMO7/hCTZ__r6__sNA | PSAM/uPSEM__r2__sNA | PSAM/uPSEM__r9__sNA,DREADD_CNO | EYFP_Control_Media | EYFP_Control_Media | LMO7_hCTZ | LMO7_hCTZ | PSAM_uPSEM | PSAM_uPSEM,EYFP_Control_Media,DREADD_CNO,9,11,1177.2222222222222,1449.090909090909,271.86868686868684,1.898179641697883,0.1602921977791525,-80.76165092321071,624.4990246605844,False
175,7,DREADD/CNO__r6__sNA | CONTROL/MEDIA__r5__sNA | CONTROL/MEDIA__r8__sNA | LMO7/hCTZ__r4__sNA | LMO7/hCTZ__r6__sNA | PSAM/uPSEM__r2__sNA | PSAM/uPSEM__r9__sNA,DREADD_CNO | EYFP_Control_Media | EYFP_Control_Media | LMO7_hCTZ | LMO7_hCTZ | PSAM_uPSEM | PSAM_uPSEM,EYFP_Control_Media,LMO7_hCTZ,9,7,1177.2222222222222,1336.7857142857142,159.56349206349205,0.9936177425837165,0.6329125477640263,-235.81404273345993,554.941026860444,False
175,7,DREADD/CNO__r6__sNA | CONTROL/MEDIA__r5__sNA | CONTROL/MEDIA__r8__sNA | LMO7/hCTZ__r4__sNA | LMO7/hCTZ__r6__sNA | PSAM/uPSEM__r2__sNA | PSAM/uPSEM__r9__sNA,DREADD_CNO | EYFP_Control_Media | EYFP_Control_Media | LMO7_hCTZ | LMO7_hCTZ | PSAM_uPSEM | PSAM_uPSEM,EYFP_Control_Media,PSAM_uPSEM,9,10,1177.2222222222222,1022.75,-154.47222222222217,-1.0550435110330285,0.5908967812967267,-514.9494366368549,206.0049921924105,False
176,7,DREADD/CNO__r5__sNA | DREADD/CNO__r10__sNA | CONTROL/MEDIA__r9__sNA | LMO7/hCTZ__r6__sNA | PSAM/uPSEM__r2__sNA | PSAM/uPSEM__r8__sNA | PSAM/uPSEM__r9__sNA,DREADD_CNO | DREADD_CNO | EYFP_Control_Media | LMO7_hCTZ | PSAM_uPSEM | PSAM_uPSEM | PSAM_uPSEM,EYFP_Control_Media,DREADD_CNO,10,10,1334.75,1555.5,220.75,1.3631379537348471,0.40058101942581525,-179.0463395783404,620.5463395783404,False
176,7,DREADD/CNO__r5__sNA | DREADD/CNO__r10__sNA | CONTROL/MEDIA__r9__sNA | LMO7/hCTZ__r6__sNA | PSAM/uPSEM__r2__sNA | PSAM/uPSEM__r8__sNA | PSAM/uPSEM__r9__sNA,DREADD_CNO | DREADD_CNO | EYFP_Control_Media | LMO7_hCTZ | PSAM_uPSEM | PSAM_uPSEM | PSAM_uPSEM,EYFP_Control_Media,LMO7_hCTZ,10,8,1334.75,1366.25,31.5,0.18338904558416266,0.9957575242476,-392.5480542141063,455.5480542141063,False
176,7,DREADD/CNO__r5__sNA | DREADD/CNO__r10__sNA | CONTROL/MEDIA__r9__sNA | LMO7/hCTZ__r6__sNA | PSAM/uPSEM__r2__sNA | PSAM/uPSEM__r8__sNA | PSAM/uPSEM__r9__sNA,DREADD_CNO | DREADD_CNO | EYFP_Control_Media | LMO7_hCTZ | PSAM_uPSEM | PSAM_uPSEM | PSAM_uPSEM,EYFP_Control_Media,PSAM_uPSEM,10,9,1334.75,1024.4444444444443,-310.30555555555566,-1.8650397860917547,0.17345629103562743,-721.0572478942993,100.44613678318797,False
177,7,DREADD/CNO__r7__sNA | CONTROL/MEDIA__r2__sNA | CONTROL/MEDIA__r10__sNA | PSAM/uPSEM__r2__sNA | PSAM/uPSEM__r3__sNA | PSAM/uPSEM__r7__sNA | PSAM/uPSEM__r9__sNA,DREADD_CNO | EYFP_Control_Media | EYFP_Control_Media | PSAM_uPSEM | PSAM_uPSEM | PSAM_uPSEM | PSAM_uPSEM,EYFP_Control_Media,DREADD_CNO,9,11,1288.888888888889,1535.0,246.1111111111111,1.6879163093584828,0.23423883004296853,-112.80952951386126,605.0317517360834,False
177,7,DREADD/CNO__r7__sNA | CONTROL/MEDIA__r2__sNA | CONTROL/MEDIA__r10__sNA | PSAM/uPSEM__r2__sNA | PSAM/uPSEM__r3__sNA | PSAM/uPSEM__r7__sNA | PSAM/uPSEM__r9__sNA,DREADD_CNO | EYFP_Control_Media | EYFP_Control_Media | PSAM_uPSEM | PSAM_uPSEM | PSAM_uPSEM | PSAM_uPSEM,EYFP_Control_Media,LMO7_hCTZ,9,9,1288.888888888889,1357.2222222222222,68.33333333333326,0.4468440219736988,0.9435135644164414,-308.10581034503696,444.7724770117035,False
177,7,DREADD/CNO__r7__sNA | CONTROL/MEDIA__r2__sNA | CONTROL/MEDIA__r10__sNA | PSAM/uPSEM__r2__sNA | PSAM/uPSEM__r3__sNA | PSAM/uPSEM__r7__sNA | PSAM/uPSEM__r9__sNA,DREADD_CNO | EYFP_Control_Media | EYFP_Control_Media | PSAM_uPSEM | PSAM_uPSEM | PSAM_uPSEM | PSAM_uPSEM,EYFP_Control_Media,PSAM_uPSEM,9,8,1288.888888888889,1054.6875,-234.2013888888889,-1.4857589077853248,0.3271583826035379,-622.2259766396346,153.82319886185678,False
178,4,DREADD/CNO__r2__sNA | DREADD/CNO__r5__sNA | PSAM/uPSEM__r2__sNA | PSAM/uPSEM__r9__sNA,DREADD_CNO | DREADD_CNO | PSAM_uPSEM | PSAM_uPSEM,EYFP_Control_Media,DREADD_CNO,11,10,1299.7727272727273,1516.0,216.22727272727275,1.4090170585774706,0.37417061559807085,-161.35053972078333,593.8050851753288,False
178,4,DREADD/CNO__r2__sNA | DREADD/CNO__r5__sNA | PSAM/uPSEM__r2__sNA | PSAM/uPSEM__r9__sNA,DREADD_CNO | DREADD_CNO | PSAM_uPSEM | PSAM_uPSEM,EYFP_Control_Media,LMO7_hCTZ,11,9,1299.7727272727273,1357.2222222222222,57.44949494949492,0.3639216557445732,0.9694745633699889,-330.9606472644617,445.85963716345157,False
178,4,DREADD/CNO__r2__sNA | DREADD/CNO__r5__sNA | PSAM/uPSEM__r2__sNA | PSAM/uPSEM__r9__sNA,DREADD_CNO | DREADD_CNO | PSAM_uPSEM | PSAM_uPSEM,EYFP_Control_Media,PSAM_uPSEM,11,10,1299.7727272727273,1022.75,-277.02272727272725,-1.8051827755939442,0.19273222130764944,-654.6005397207833,100.55508517532883,False
179,6,CONTROL/MEDIA__r4__sNA | CONTROL/MEDIA__r8__sNA | LMO7/hCTZ__r9__sNA | PSAM/uPSEM__r2__sNA | PSAM/uPSEM__r5__sNA | PSAM/uPSEM__r9__sNA,EYFP_Control_Media | EYFP_Control_Media | LMO7_hCTZ | PSAM_uPSEM | PSAM_uPSEM | PSAM_uPSEM,EYFP_Control_Media,DREADD_CNO,9,12,1253.3333333333333,1506.25,252.91666666666674,1.6830573280194672,0.23482681038942665,-116.20098455901609,622.0343178923496,False
179,6,CONTROL/MEDIA__r4__sNA | CONTROL/MEDIA__r8__sNA | LMO7/hCTZ__r9__sNA | PSAM/uPSEM__r2__sNA | PSAM/uPSEM__r5__sNA | PSAM/uPSEM__r9__sNA,EYFP_Control_Media | EYFP_Control_Media | LMO7_hCTZ | PSAM_uPSEM | PSAM_uPSEM | PSAM_uPSEM,EYFP_Control_Media,LMO7_hCTZ,9,8,1253.3333333333333,1330.3125,76.97916666666674,0.4648728922188119,0.9366366819195205,-329.7686744539718,483.7270077873053,False
179,6,CONTROL/MEDIA__r4__sNA | CONTROL/MEDIA__r8__sNA | LMO7/hCTZ__r9__sNA | PSAM/uPSEM__r2__sNA | PSAM/uPSEM__r5__sNA | PSAM/uPSEM__r9__sNA,EYFP_Control_Media | EYFP_Control_Media | LMO7_hCTZ | PSAM_uPSEM | PSAM_uPSEM | PSAM_uPSEM,EYFP_Control_Media,PSAM_uPSEM,9,9,1253.3333333333333,1028.888888888889,-224.44444444444434,-1.397122047794734,0.3729529884396152,-619.0478119579368,170.15892306904817,False
180,8,DREADD/CNO__r3__sNA | CONTROL/MEDIA__r2__sNA | CONTROL/MEDIA__r3__sNA | CONTROL/MEDIA__r6__sNA | CONTROL/MEDIA__r10__sNA | LMO7/hCTZ__r5__sNA | LMO7/hCTZ__r8__sNA | PSAM/uPSEM__r9__sNA,DREADD_CNO | EYFP_Control_Media | EYFP_Control_Media | EYFP_Control_Media | EYFP_Control_Media | LMO7_hCTZ | LMO7_hCTZ | PSAM_uPSEM,EYFP_Control_Media,DREADD_CNO,7,11,1396.4285714285713,1557.5,161.07142857142867,0.9971447892411264,0.6124111291880108,-234.5354002820073,556.6782574248646,False
180,8,DREADD/CNO__r3__sNA | CONTROL/MEDIA__r2__sNA | CONTROL/MEDIA__r3__sNA | CONTROL/MEDIA__r6__sNA | CONTROL/MEDIA__r10__sNA | LMO7/hCTZ__r5__sNA | LMO7/hCTZ__r8__sNA | PSAM/uPSEM__r9__sNA,DREADD_CNO | EYFP_Control_Media | EYFP_Control_Media | EYFP_Control_Media | EYFP_Control_Media | LMO7_hCTZ | LMO7_hCTZ | PSAM_uPSEM,EYFP_Control_Media,LMO7_hCTZ,7,7,1396.4285714285713,1316.0714285714287,-80.35714285714266,-0.4499757530962112,0.9367122284976325,-517.7169481268731,357.0026624125879,False
180,8,DREADD/CNO__r3__sNA | CONTROL/MEDIA__r2__sNA | CONTROL/MEDIA__r3__sNA | CONTROL/MEDIA__r6__sNA | CONTROL/MEDIA__r10__sNA | LMO7/hCTZ__r5__sNA | LMO7/hCTZ__r8__sNA | PSAM/uPSEM__r9__sNA,DREADD_CNO | EYFP_Control_Media | EYFP_Control_Media | EYFP_Control_Media | EYFP_Control_Media | LMO7_hCTZ | LMO7_hCTZ | PSAM_uPSEM,EYFP_Control_Media,PSAM_uPSEM,7,11,1396.4285714285713,1103.8636363636363,-292.56493506493507,-1.8111815553017103,0.18131428233077151,-688.171763918371,103.04189378850089,False
181,5,DREADD/CNO__r3__sNA | CONTROL/MEDIA__r7__sNA | CONTROL/MEDIA__r10__sNA | LMO7/hCTZ__r8__sNA | PSAM/uPSEM__r9__sNA,DREADD_CNO | EYFP_Control_Media | EYFP_Control_Media | LMO7_hCTZ | PSAM_uPSEM,EYFP_Control_Media,DREADD_CNO,9,11,1199.1666666666667,1557.5,358.33333333333326,2.2830998704574186,0.0721617957265055,-26.117384847387996,742.7840515140545,False
181,5,DREADD/CNO__r3__sNA | CONTROL/MEDIA__r7__sNA | CONTROL/MEDIA__r10__sNA | LMO7/hCTZ__r8__sNA | PSAM/uPSEM__r9__sNA,DREADD_CNO | EYFP_Control_Media | EYFP_Control_Media | LMO7_hCTZ | PSAM_uPSEM,EYFP_Control_Media,LMO7_hCTZ,9,8,1199.1666666666667,1328.125,128.95833333333326,0.7600222376456292,0.7843058546989934,-286.66649998023286,544.5831666468994,False
181,5,DREADD/CNO__r3__sNA | CONTROL/MEDIA__r7__sNA | CONTROL/MEDIA__r10__sNA | LMO7/hCTZ__r8__sNA | PSAM/uPSEM__r9__sNA,DREADD_CNO | EYFP_Control_Media | EYFP_Control_Media | LMO7_hCTZ | PSAM_uPSEM,EYFP_Control_Media,PSAM_uPSEM,9,11,1199.1666666666667,1103.8636363636363,-95.30303030303048,-0.6072176822485071,0.8725420592639584,-479.75374848375174,289.14768787769077,False
182,4,DREADD/CNO__r5__sNA | CONTROL/MEDIA__r8__sNA | PSAM/uPSEM__r9__sNA | PSAM/uPSEM__r12__sNA,DREADD_CNO | EYFP_Control_Media | PSAM_uPSEM | PSAM_uPSEM,EYFP_Control_Media,DREADD_CNO,10,11,1227.5,1538.8636363636363,311.36363636363626,2.022216973824512,0.12507362556464607,-66.39238470375221,689.1196574310247,False
182,4,DREADD/CNO__r5__sNA | CONTROL/MEDIA__r8__sNA | PSAM/uPSEM__r9__sNA | PSAM/uPSEM__r12__sNA,DREADD_CNO | EYFP_Control_Media | PSAM_uPSEM | PSAM_uPSEM,EYFP_Control_Media,LMO7_hCTZ,10,9,1227.5,1357.2222222222222,129.72222222222217,0.8011835054074463,0.7630340060274516,-267.518384258377,526.9628287028213,False
182,4,DREADD/CNO__r5__sNA | CONTROL/MEDIA__r8__sNA | PSAM/uPSEM__r9__sNA | PSAM/uPSEM__r12__sNA,DREADD_CNO | EYFP_Control_Media | PSAM_uPSEM | PSAM_uPSEM,EYFP_Control_Media,PSAM_uPSEM,10,10,1227.5,1063.75,-163.75,-1.039057248466169,0.6024959850781941,-550.3956142847728,222.89561428477276,False
183,7,DREADD/CNO__r11__sNA | CONTROL/MEDIA__r6__sNA | CONTROL/MEDIA__r10__sNA | LMO7/hCTZ__r9__sNA | PSAM/uPSEM__r2__sNA | PSAM/uPSEM__r5__sNA | PSAM/uPSEM__r9__sNA,DREADD_CNO | EYFP_Control_Media | EYFP_Control_Media | LMO7_hCTZ | PSAM_uPSEM | PSAM_uPSEM | PSAM_uPSEM,EYFP_Control_Media,DREADD_CNO,9,11,1259.1666666666667,1515.909090909091,256.74242424242425,1.6771424482792805,0.23863999867316754,-120.08453369230403,633.5693821771525,False
183,7,DREADD/CNO__r11__sNA | CONTROL/MEDIA__r6__sNA | CONTROL/MEDIA__r10__sNA | LMO7/hCTZ__r9__sNA | PSAM/uPSEM__r2__sNA | PSAM/uPSEM__r5__sNA | PSAM/uPSEM__r9__sNA,DREADD_CNO | EYFP_Control_Media | EYFP_Control_Media | LMO7_hCTZ | PSAM_uPSEM | PSAM_uPSEM | PSAM_uPSEM,EYFP_Control_Media,LMO7_hCTZ,9,8,1259.1666666666667,1330.3125,71.14583333333326,0.42989359252178755,0.9491246617980471,-336.237048719333,478.52871538599953,False
183,7,DREADD/CNO__r11__sNA | CONTROL/MEDIA__r6__sNA | CONTROL/MEDIA__r10__sNA | LMO7/hCTZ__r9__sNA | PSAM/uPSEM__r2__sNA | PSAM/uPSEM__r5__sNA | PSAM/uPSEM__r9__sNA,DREADD_CNO | EYFP_Control_Media | EYFP_Control_Media | LMO7_hCTZ | PSAM_uPSEM | PSAM_uPSEM | PSAM_uPSEM,EYFP_Control_Media,PSAM_uPSEM,9,9,1259.1666666666667,1028.888888888889,-230.27777777777783,-1.4342603765714204,0.35428471910369885,-625.4972254887623,164.9416699332067,False
184,4,DREADD/CNO__r11__sNA | CONTROL/MEDIA__r11__sNA | PSAM/uPSEM__r2__sNA | PSAM/uPSEM__r9__sNA,DREADD_CNO | EYFP_Control_Media | PSAM_uPSEM | PSAM_uPSEM,EYFP_Control_Media,DREADD_CNO,10,11,1298.5,1515.909090909091,217.409090909091,1.3880383580511568,0.3801388766652922,-166.87064908531522,601.6888309034972,False
184,4,DREADD/CNO__r11__sNA | CONTROL/MEDIA__r11__sNA | PSAM/uPSEM__r2__sNA | PSAM/uPSEM__r9__sNA,DREADD_CNO | EYFP_Control_Media | PSAM_uPSEM | PSAM_uPSEM,EYFP_Control_Media,LMO7_hCTZ,10,9,1298.5,1357.2222222222222,58.72222222222217,0.3565200913067193,0.9699965866399347,-345.37859539612407,462.8230398405684,False
184,4,DREADD/CNO__r11__sNA | CONTROL/MEDIA__r11__sNA | PSAM/uPSEM__r2__sNA | PSAM/uPSEM__r9__sNA,DREADD_CNO | EYFP_Control_Media | PSAM_uPSEM | PSAM_uPSEM,EYFP_Control_Media,PSAM_uPSEM,10,10,1298.5,1022.75,-275.75,-1.7200362345124778,0.22102564388765644,-669.0728534849072,117.57285348490723,False
185,7,DREADD/CNO__r7__sNA | DREADD/CNO__r8__sNA | CONTROL/MEDIA__r3__sNA | CONTROL/MEDIA__r9__sNA | LMO7/hCTZ__r4__sNA | PSAM/uPSEM__r2__sNA | PSAM/uPSEM__r9__sNA,DREADD_CNO | DREADD_CNO | EYFP_Control_Media | EYFP_Control_Media | LMO7_hCTZ | PSAM_uPSEM | PSAM_uPSEM,EYFP_Control_Media,DREADD_CNO,9,10,1381.111111111111,1509.0,127.88888888888891,0.7920713500900137,0.767222156508897,-269.5258291129097,525.3036068906875,False
185,7,DREADD/CNO__r7__sNA | DREADD/CNO__r8__sNA | CONTROL/MEDIA__r3__sNA | CONTROL/MEDIA__r9__sNA | LMO7/hCTZ__r4__sNA | PSAM/uPSEM__r2__sNA | PSAM/uPSEM__r9__sNA,DREADD_CNO | DREADD_CNO | EYFP_Control_Media | EYFP_Control_Media | LMO7_hCTZ | PSAM_uPSEM | PSAM_uPSEM,EYFP_Control_Media,LMO7_hCTZ,9,8,1381.111111111111,1330.3125,-50.798611111111086,-0.2974956790399547,0.9817941947837857,-471.08624659640356,369.4890243741814,False
185,7,DREADD/CNO__r7__sNA | DREADD/CNO__r8__sNA | CONTROL/MEDIA__r3__sNA | CONTROL/MEDIA__r9__sNA | LMO7/hCTZ__r4__sNA | PSAM/uPSEM__r2__sNA | PSAM/uPSEM__r9__sNA,DREADD_CNO | DREADD_CNO | EYFP_Control_Media | EYFP_Control_Media | LMO7_hCTZ | PSAM_uPSEM | PSAM_uPSEM,EYFP_Control_Media,PSAM_uPSEM,9,10,1381.111111111111,1022.75,-358.3611111111111,-2.2194857705280766,0.08429111927707988,-755.7758291129097,39.05360689068755,False
186,5,DREADD/CNO__r3__sNA | DREADD/CNO__r5__sNA | DREADD/CNO__r7__sNA | LMO7/hCTZ__r6__sNA | PSAM/uPSEM__r2__sNA,DREADD_CNO | DREADD_CNO | DREADD_CNO | LMO7_hCTZ | PSAM_uPSEM,EYFP_Control_Media,DREADD_CNO,11,9,1299.7727272727273,1643.888888888889,344.11616161616166,2.0572641157077505,0.11953294613230914,-67.81221805959677,756.04454129192,False
186,5,DREADD/CNO__r3__sNA | DREADD/CNO__r5__sNA | DREADD/CNO__r7__sNA | LMO7/hCTZ__r6__sNA | PSAM/uPSEM__r2__sNA,DREADD_CNO | DREADD_CNO | DREADD_CNO | LMO7_hCTZ | PSAM_uPSEM,EYFP_Control_Media,LMO7_hCTZ,11,8,1299.7727272727273,1366.25,66.47727272727275,0.3844325133253771,0.9648492124508001,-359.3757923592412,492.3303378137867,False
186,5,DREADD/CNO__r3__sNA | DREADD/CNO__r5__sNA | DREADD/CNO__r7__sNA | LMO7/hCTZ__r6__sNA | PSAM/uPSEM__r2__sNA,DREADD_CNO | DREADD_CNO | DREADD_CNO | LMO7_hCTZ | PSAM_uPSEM,EYFP_Control_Media,PSAM_uPSEM,11,11,1299.7727272727273,1114.7727272727273,-185.0,-1.165830611644522,0.5266485524657325,-575.7895737914027,205.7895737914028,False
187,7,DREADD/CNO__r3__sNA | DREADD/CNO__r7__sNA | DREADD/CNO__r11__sNA | CONTROL/MEDIA__r8__sNA | CONTROL/MEDIA__r10__sNA | LMO7/hCTZ__r5__sNA | LMO7/hCTZ__r9__sNA,DREADD_CNO | DREADD_CNO | DREADD_CNO | EYFP_Control_Media | EYFP_Control_Media | LMO7_hCTZ | LMO7_hCTZ,EYFP_Control_Media,DREADD_CNO,9,9,1135.2777777777778,1615.8333333333333,480.55555555555543,2.8506359208996424,0.020042581507951684,65.45258256722508,895.6585285438857,True
187,7,DREADD/CNO__r3__sNA | DREADD/CNO__r7__sNA | DREADD/CNO__r11__sNA | CONTROL/MEDIA__r8__sNA | CONTROL/MEDIA__r10__sNA | LMO7/hCTZ__r5__sNA | LMO7/hCTZ__r9__sNA,DREADD_CNO | DREADD_CNO | DREADD_CNO | EYFP_Control_Media | EYFP_Control_Media | LMO7_hCTZ | LMO7_hCTZ,EYFP_Control_Media,LMO7_hCTZ,9,7,1135.2777777777778,1318.5714285714287,183.29365079365084,1.0170670835687414,0.6173046804297004,-260.4700935359521,627.0573951232539,False
187,7,DREADD/CNO__r3__sNA | DREADD/CNO__r7__sNA | DREADD/CNO__r11__sNA | CONTROL/MEDIA__r8__sNA | CONTROL/MEDIA__r10__sNA | LMO7/hCTZ__r5__sNA | LMO7/hCTZ__r9__sNA,DREADD_CNO | DREADD_CNO | DREADD_CNO | EYFP_Control_Media | EYFP_Control_Media | LMO7_hCTZ | LMO7_hCTZ,EYFP_Control_Media,PSAM_uPSEM,9,12,1135.2777777777778,1181.4583333333333,46.18055555555543,0.2928554278299247,0.9827079508372105,-342.1127207328471,434.47383184395795,False
188,6,DREADD/CNO__r2__sNA | LMO7/hCTZ__r4__sNA | PSAM/uPSEM__r2__sNA | PSAM/uPSEM__r9__sNA | PSAM/uPSEM__r10__sNA | PSAM/uPSEM__r12__sNA,DREADD_CNO | LMO7_hCTZ | PSAM_uPSEM | PSAM_uPSEM | PSAM_uPSEM | PSAM_uPSEM,EYFP_Control_Media,DREADD_CNO,11,11,1299.7727272727273,1482.5,182.72727272727275,1.2119573924634262,0.4986475578418358,-189.38054047619443,554.83508593074,False
188,6,DREADD/CNO__r2__sNA | LMO7/hCTZ__r4__sNA | PSAM/uPSEM__r2__sNA | PSAM/uPSEM__r9__sNA | PSAM/uPSEM__r10__sNA | PSAM/uPSEM__r12__sNA,DREADD_CNO | LMO7_hCTZ | PSAM_uPSEM | PSAM_uPSEM | PSAM_uPSEM | PSAM_uPSEM,EYFP_Control_Media,LMO7_hCTZ,11,8,1299.7727272727273,1330.3125,30.539772727272748,0.1858801316590412,0.9957310549555701,-374.95531573668313,436.03486119122863,False
188,6,DREADD/CNO__r2__sNA | LMO7/hCTZ__r4__sNA | PSAM/uPSEM__r2__sNA | PSAM/uPSEM__r9__sNA | PSAM/uPSEM__r10__sNA | PSAM/uPSEM__r12__sNA,DREADD_CNO | LMO7_hCTZ | PSAM_uPSEM | PSAM_uPSEM | PSAM_uPSEM | PSAM_uPSEM,EYFP_Control_Media,PSAM_uPSEM,11,8,1299.7727272727273,962.8125,-336.96022727272725,-2.0509062712631496,0.12215462918694542,-742.4553157366831,68.53486119122863,False
189,7,CONTROL/MEDIA__r7__sNA | CONTROL/MEDIA__r8__sNA | LMO7/hCTZ__r2__sNA | LMO7/hCTZ__r3__sNA | LMO7/hCTZ__r8__sNA | PSAM/uPSEM__r9__sNA | PSAM/uPSEM__r12__sNA,EYFP_Control_Media | EYFP_Control_Media | LMO7_hCTZ | LMO7_hCTZ | LMO7_hCTZ | PSAM_uPSEM | PSAM_uPSEM,EYFP_Control_Media,DREADD_CNO,9,12,1203.0555555555557,1506.25,303.19444444444434,1.9949041713556561,0.13355473940803486,-71.1670605789248,677.5559494678134,False
189,7,CONTROL/MEDIA__r7__sNA | CONTROL/MEDIA__r8__sNA | LMO7/hCTZ__r2__sNA | LMO7/hCTZ__r3__sNA | LMO7/hCTZ__r8__sNA | PSAM/uPSEM__r9__sNA | PSAM/uPSEM__r12__sNA,EYFP_Control_Media | EYFP_Control_Media | LMO7_hCTZ | LMO7_hCTZ | LMO7_hCTZ | PSAM_uPSEM | PSAM_uPSEM,EYFP_Control_Media,LMO7_hCTZ,9,6,1203.0555555555557,1404.1666666666667,201.1111111111111,1.107097537062847,0.5571847612422293,-246.33646992630116,648.5586921485233,False
189,7,CONTROL/MEDIA__r7__sNA | CONTROL/MEDIA__r8__sNA | LMO7/hCTZ__r2__sNA | LMO7/hCTZ__r3__sNA | LMO7/hCTZ__r8__sNA | PSAM/uPSEM__r9__sNA | PSAM/uPSEM__r12__sNA,EYFP_Control_Media | EYFP_Control_Media | LMO7_hCTZ | LMO7_hCTZ | LMO7_hCTZ | PSAM_uPSEM | PSAM_uPSEM,EYFP_Control_Media,PSAM_uPSEM,9,10,1203.0555555555557,1063.75,-139.30555555555566,-0.8796531447284511,0.7116924344210088,-529.3813132103169,250.77020209920556,False
190,8,DREADD/CNO__r1__sNA | DREADD/CNO__r5__sNA | CONTROL/MEDIA__r3__sNA | CONTROL/MEDIA__r6__sNA | LMO7/hCTZ__r1__sNA | LMO7/hCTZ__r7__sNA | PSAM/uPSEM__r2__sNA | PSAM/uPSEM__r9__sNA,DREADD_CNO | DREADD_CNO | EYFP_Control_Media | EYFP_Control_Media | LMO7_hCTZ | LMO7_hCTZ | PSAM_uPSEM | PSAM_uPSEM,EYFP_Control_Media,DREADD_CNO,9,10,1385.8333333333333,1502.0,116.16666666666674,0.7181440053693505,0.8150815325596856,-282.9622164751156,515.2955498084491,False
190,8,DREADD/CNO__r1__sNA | DREADD/CNO__r5__sNA | CONTROL/MEDIA__r3__sNA | CONTROL/MEDIA__r6__sNA | LMO7/hCTZ__r1__sNA | LMO7/hCTZ__r7__sNA | PSAM/uPSEM__r2__sNA | PSAM/uPSEM__r9__sNA,DREADD_CNO | DREADD_CNO | EYFP_Control_Media | EYFP_Control_Media | LMO7_hCTZ | LMO7_hCTZ | PSAM_uPSEM | PSAM_uPSEM,EYFP_Control_Media,LMO7_hCTZ,9,7,1385.8333333333333,1376.0714285714287,-9.761904761904589,-0.055021244258309614,0.9998784729995908,-447.53324667353047,428.0094371497213,False
190,8,DREADD/CNO__r1__sNA | DREADD/CNO__r5__sNA | CONTROL/MEDIA__r3__sNA | CONTROL/MEDIA__r6__sNA | LMO7/hCTZ__r1__sNA | LMO7/hCTZ__r7__sNA | PSAM/uPSEM__r2__sNA | PSAM/uPSEM__r9__sNA,DREADD_CNO | DREADD_CNO | EYFP_Control_Media | EYFP_Control_Media | LMO7_hCTZ | LMO7_hCTZ | PSAM_uPSEM | PSAM_uPSEM,EYFP_Control_Media,PSAM_uPSEM,9,10,1385.8333333333333,1022.75,-363.08333333333326,-2.244586392678807,0.08089757348810112,-762.2122164751156,36.045549808449096,False
191,3,CONTROL/MEDIA__r8__sNA | LMO7/hCTZ__r3__sNA | PSAM/uPSEM__r9__sNA,EYFP_Control_Media | LMO7_hCTZ | PSAM_uPSEM,EYFP_Control_Media,DREADD_CNO,10,12,1227.5,1506.25,278.75,1.9329652559482924,0.14817748287581312,-74.44922160333886,631.9492216033389,False
191,3,CONTROL/MEDIA__r8__sNA | LMO7/hCTZ__r3__sNA | PSAM/uPSEM__r9__sNA,EYFP_Control_Media | LMO7_hCTZ | PSAM_uPSEM,EYFP_Control_Media,LMO7_hCTZ,10,8,1227.5,1447.8125,220.3125,1.379042875158992,0.38404252205209843,-170.96986919905254,611.5948691990525,False
191,3,CONTROL/MEDIA__r8__sNA | LMO7/hCTZ__r3__sNA | PSAM/uPSEM__r9__sNA,EYFP_Control_Media | LMO7_hCTZ | PSAM_uPSEM,EYFP_Control_Media,PSAM_uPSEM,10,11,1227.5,1103.8636363636363,-123.63636363636374,-0.8401615605793713,0.7364320812566743,-484.0592208677108,236.7864935949833,False
192,6,DREADD/CNO__r3__sNA | CONTROL/MEDIA__r6__sNA | LMO7/hCTZ__r3__sNA | LMO7/hCTZ__r6__sNA | LMO7/hCTZ__r7__sNA | PSAM/uPSEM__r9__sNA,DREADD_CNO | EYFP_Control_Media | LMO7_hCTZ | LMO7_hCTZ | LMO7_hCTZ | PSAM_uPSEM,EYFP_Control_Media,DREADD_CNO,10,11,1339.0,1557.5,218.5,1.421935056968126,0.36677208766365854,-160.34992127933367,597.3499212793337,False
192,6,DREADD/CNO__r3__sNA | CONTROL/MEDIA__r6__sNA | LMO7/hCTZ__r3__sNA | LMO7/hCTZ__r6__sNA | LMO7/hCTZ__r7__sNA | PSAM/uPSEM__r9__sNA,DREADD_CNO | EYFP_Control_Media | LMO7_hCTZ | LMO7_hCTZ | LMO7_hCTZ | PSAM_uPSEM,EYFP_Control_Media,LMO7_hCTZ,10,6,1339.0,1492.9166666666667,153.91666666666674,0.8475062475325635,0.7382103253882791,-293.8360841796054,601.6694175129389,False
192,6,DREADD/CNO__r3__sNA | CONTROL/MEDIA__r6__sNA | LMO7/hCTZ__r3__sNA | LMO7/hCTZ__r6__sNA | LMO7/hCTZ__r7__sNA | PSAM/uPSEM__r9__sNA,DREADD_CNO | EYFP_Control_Media | LMO7_hCTZ | LMO7_hCTZ | LMO7_hCTZ | PSAM_uPSEM,EYFP_Control_Media,PSAM_uPSEM,10,11,1339.0,1103.8636363636363,-235.13636363636374,-1.5301997190963428,0.30985645452095834,-613.9862849156974,143.71355764296993,False
193,4,DREADD/CNO__r9__sNA | DREADD/CNO__r10__sNA | PSAM/uPSEM__r2__sNA | PSAM/uPSEM__r9__sNA,DREADD_CNO | DREADD_CNO | PSAM_uPSEM | PSAM_uPSEM,EYFP_Control_Media,DREADD_CNO,11,10,1299.7727272727273,1523.5,223.72727272727275,1.4299030717023722,0.362528113993954,-161.2406785627865,608.6952240173321,False
193,4,DREADD/CNO__r9__sNA | DREADD/CNO__r10__sNA | PSAM/uPSEM__r2__sNA | PSAM/uPSEM__r9__sNA,DREADD_CNO | DREADD_CNO | PSAM_uPSEM | PSAM_uPSEM,EYFP_Control_Media,LMO7_hCTZ,11,9,1299.7727272727273,1357.2222222222222,57.44949494949492,0.3569355376675967,0.9710920243880989,-338.56280179783545,453.4617916968253,False
193,4,DREADD/CNO__r9__sNA | DREADD/CNO__r10__sNA | PSAM/uPSEM__r2__sNA | PSAM/uPSEM__r9__sNA,DREADD_CNO | DREADD_CNO | PSAM_uPSEM | PSAM_uPSEM,EYFP_Control_Media,PSAM_uPSEM,11,10,1299.7727272727273,1022.75,-277.02272727272725,-1.7705291081857182,0.205296227046607,-661.9906785627866,107.94522401733201,False
194,8,DREADD/CNO__r2__sNA | DREADD/CNO__r4__sNA | DREADD/CNO__r5__sNA | DREADD/CNO__r7__sNA | DREADD/CNO__r9__sNA | PSAM/uPSEM__r2__sNA | PSAM/uPSEM__r9__sNA | PSAM/uPSEM__r10__sNA,DREADD_CNO | DREADD_CNO | DREADD_CNO | DREADD_CNO | DREADD_CNO | PSAM_uPSEM | PSAM_uPSEM | PSAM_uPSEM,EYFP_Control_Media,DREADD_CNO,11,7,1299.7727272727273,1601.7857142857142,302.01298701298697,1.7181450221870456,0.23154626965880587,-133.9569476463957,737.9829216723697,False
194,8,DREADD/CNO__r2__sNA | DREADD/CNO__r4__sNA | DREADD/CNO__r5__sNA | DREADD/CNO__r7__sNA | DREADD/CNO__r9__sNA | PSAM/uPSEM__r2__sNA | PSAM/uPSEM__r9__sNA | PSAM/uPSEM__r10__sNA,DREADD_CNO | DREADD_CNO | DREADD_CNO | DREADD_CNO | DREADD_CNO | PSAM_uPSEM | PSAM_uPSEM | PSAM_uPSEM,EYFP_Control_Media,LMO7_hCTZ,11,9,1299.7727272727273,1357.2222222222222,57.44949494949492,0.35157169599701316,0.9734454806222913,-347.8378573840365,462.73684728302635,False
194,8,DREADD/CNO__r2__sNA | DREADD/CNO__r4__sNA | DREADD/CNO__r5__sNA | DREADD/CNO__r7__sNA | DREADD/CNO__r9__sNA | PSAM/uPSEM__r2__sNA | PSAM/uPSEM__r9__sNA | PSAM/uPSEM__r10__sNA,DREADD_CNO | DREADD_CNO | DREADD_CNO | DREADD_CNO | DREADD_CNO | PSAM_uPSEM | PSAM_uPSEM | PSAM_uPSEM,EYFP_Control_Media,PSAM_uPSEM,11,9,1299.7727272727273,1023.0555555555555,-276.7171717171717,-1.6934165471363836,0.24177099475015407,-682.0045240507031,128.57018061635972,False
195,5,DREADD/CNO__r7__sNA | CONTROL/MEDIA__r5__sNA | CONTROL/MEDIA__r10__sNA | PSAM/uPSEM__r2__sNA | PSAM/uPSEM__r12__sNA,DREADD_CNO | EYFP_Control_Media | EYFP_Control_Media | PSAM_uPSEM | PSAM_uPSEM,EYFP_Control_Media,DREADD_CNO,9,11,1173.3333333333333,1535.0,361.66666666666674,2.26148293338397,0.07550571738498035,-30.234772456431017,753.5681057897646,False
195,5,DREADD/CNO__r7__sNA | CONTROL/MEDIA__r5__sNA | CONTROL/MEDIA__r10__sNA | PSAM/uPSEM__r2__sNA | PSAM/uPSEM__r12__sNA,DREADD_CNO | EYFP_Control_Media | EYFP_Control_Media | PSAM_uPSEM | PSAM_uPSEM,EYFP_Control_Media,LMO7_hCTZ,9,9,1173.3333333333333,1357.2222222222222,183.8888888888889,1.0963367627171552,0.5573454063202091,-227.14080807403207,594.9185858518099,False
195,5,DREADD/CNO__r7__sNA | CONTROL/MEDIA__r5__sNA | CONTROL/MEDIA__r10__sNA | PSAM/uPSEM__r2__sNA | PSAM/uPSEM__r12__sNA,DREADD_CNO | EYFP_Control_Media | EYFP_Control_Media | PSAM_uPSEM | PSAM_uPSEM,EYFP_Control_Media,PSAM_uPSEM,9,10,1173.3333333333333,1075.75,-97.58333333333326,-0.596901039155147,0.8775435514326717,-498.2055259240073,303.0388592573408,False
196,8,DREADD/CNO__r8__sNA | DREADD/CNO__r9__sNA | CONTROL/MEDIA__r11__sNA | LMO7/hCTZ__r7__sNA | PSAM/uPSEM__r1__sNA | PSAM/uPSEM__r2__sNA | PSAM/uPSEM__r9__sNA | PSAM/uPSEM__r12__sNA,DREADD_CNO | DREADD_CNO | EYFP_Control_Media | LMO7_hCTZ | PSAM_uPSEM | PSAM_uPSEM | PSAM_uPSEM | PSAM_uPSEM,EYFP_Control_Media,DREADD_CNO,10,10,1298.5,1481.25,182.75,1.1218909087889355,0.5553033933215334,-220.4102538921215,585.9102538921215,False
196,8,DREADD/CNO__r8__sNA | DREADD/CNO__r9__sNA | CONTROL/MEDIA__r11__sNA | LMO7/hCTZ__r7__sNA | PSAM/uPSEM__r1__sNA | PSAM/uPSEM__r2__sNA | PSAM/uPSEM__r9__sNA | PSAM/uPSEM__r12__sNA,DREADD_CNO | DREADD_CNO | EYFP_Control_Media | LMO7_hCTZ | PSAM_uPSEM | PSAM_uPSEM | PSAM_uPSEM | PSAM_uPSEM,EYFP_Control_Media,LMO7_hCTZ,10,8,1298.5,1359.375,60.875,0.3523351372334399,0.972236978674768,-366.74102414801393,488.49102414801393,False
196,8,DREADD/CNO__r8__sNA | DREADD/CNO__r9__sNA | CONTROL/MEDIA__r11__sNA | LMO7/hCTZ__r7__sNA | PSAM/uPSEM__r1__sNA | PSAM/uPSEM__r2__sNA | PSAM/uPSEM__r9__sNA | PSAM/uPSEM__r12__sNA,DREADD_CNO | DREADD_CNO | EYFP_Control_Media | LMO7_hCTZ | PSAM_uPSEM | PSAM_uPSEM | PSAM_uPSEM | PSAM_uPSEM,EYFP_Control_Media,PSAM_uPSEM,10,8,1298.5,944.6875,-353.8125,-2.0478123325241304,0.12303660635568014,-781.4285241480139,73.80352414801393,False
197,7,DREADD/CNO__r3__sNA | DREADD/CNO__r5__sNA | CONTROL/MEDIA__r1__sNA | LMO7/hCTZ__r3__sNA | LMO7/hCTZ__r5__sNA | LMO7/hCTZ__r6__sNA | PSAM/uPSEM__r2__sNA,DREADD_CNO | DREADD_CNO | EYFP_Control_Media | LMO7_hCTZ | LMO7_hCTZ | LMO7_hCTZ | PSAM_uPSEM,EYFP_Control_Media,DREADD_CNO,10,10,1293.0,1598.5,305.5,1.8690142611608918,0.17280160923463384,-98.04486670721991,709.0448667072199,False
197,7,DREADD/CNO__r3__sNA | DREADD/CNO__r5__sNA | CONTROL/MEDIA__r1__sNA | LMO7/hCTZ__r3__sNA | LMO7/hCTZ__r5__sNA | LMO7/hCTZ__r6__sNA | PSAM/uPSEM__r2__sNA,DREADD_CNO | DREADD_CNO | EYFP_Control_Media | LMO7_hCTZ | LMO7_hCTZ | LMO7_hCTZ | PSAM_uPSEM,EYFP_Control_Media,LMO7_hCTZ,10,6,1293.0,1480.8333333333333,187.83333333333326,0.9951870085304029,0.6406246895711486,-278.14014151367684,653.8068081803433,False
197,7,DREADD/CNO__r3__sNA | DREADD/CNO__r5__sNA | CONTROL/MEDIA__r1__sNA | LMO7/hCTZ__r3__sNA | LMO7/hCTZ__r5__sNA | LMO7/hCTZ__r6__sNA | PSAM/uPSEM__r2__sNA,DREADD_CNO | DREADD_CNO | EYFP_Control_Media | LMO7_hCTZ | LMO7_hCTZ | LMO7_hCTZ | PSAM_uPSEM,EYFP_Control_Media,PSAM_uPSEM,10,11,1293.0,1114.7727272727273,-178.22727272727275,-1.1160335619666994,0.5585244712509045,-572.4940057186177,216.03946026407215,False
198,7,DREADD/CNO__r5__sNA | CONTROL/MEDIA__r5__sNA | CONTROL/MEDIA__r7__sNA | CONTROL/MEDIA__r8__sNA | LMO7/hCTZ__r7__sNA | PSAM/uPSEM__r2__sNA | PSAM/uPSEM__r12__sNA,DREADD_CNO | EYFP_Control_Media | EYFP_Control_Media | EYFP_Control_Media | LMO7_hCTZ | PSAM_uPSEM | PSAM_uPSEM,EYFP_Control_Media,DREADD_CNO,8,11,1143.4375,1538.8636363636363,395.42613636363626,2.3364793974716394,0.06432210228270696,-19.64455217342561,810.4968249006981,False
198,7,DREADD/CNO__r5__sNA | CONTROL/MEDIA__r5__sNA | CONTROL/MEDIA__r7__sNA | CONTROL/MEDIA__r8__sNA | LMO7/hCTZ__r7__sNA | PSAM/uPSEM__r2__sNA | PSAM/uPSEM__r12__sNA,DREADD_CNO | EYFP_Control_Media | EYFP_Control_Media | EYFP_Control_Media | LMO7_hCTZ | PSAM_uPSEM | PSAM_uPSEM,EYFP_Control_Media,LMO7_hCTZ,8,8,1143.4375,1359.375,215.9375,1.1857417553885201,0.4938955717376191,-230.70146185067193,662.5764618506719,False
198,7,DREADD/CNO__r5__sNA | CONTROL/MEDIA__r5__sNA | CONTROL/MEDIA__r7__sNA | CONTROL/MEDIA__r8__sNA | LMO7/hCTZ__r7__sNA | PSAM/uPSEM__r2__sNA | PSAM/uPSEM__r12__sNA,DREADD_CNO | EYFP_Control_Media | EYFP_Control_Media | EYFP_Control_Media | LMO7_hCTZ | PSAM_uPSEM | PSAM_uPSEM,EYFP_Control_Media,PSAM_uPSEM,8,10,1143.4375,1075.75,-67.6875,-0.39178631653534535,0.9583639353185456,-491.40642336635307,356.03142336635307,False
199,8,DREADD/CNO__r9__sNA | DREADD/CNO__r11__sNA | CONTROL/MEDIA__r1__sNA | CONTROL/MEDIA__r8__sNA | LMO7/hCTZ__r1__sNA | PSAM/uPSEM__r2__sNA | PSAM/uPSEM__r9__sNA | PSAM/uPSEM__r10__sNA,DREADD_CNO | DREADD_CNO | EYFP_Control_Media | EYFP_Control_Media | LMO7_hCTZ | PSAM_uPSEM | PSAM_uPSEM | PSAM_uPSEM,EYFP_Control_Media,DREADD_CNO,9,10,1211.9444444444443,1520.75,308.80555555555566,1.8979605792150298,0.16133718697051147,-92.5806530011875,710.1917641122989,False
199,8,DREADD/CNO__r9__sNA | DREADD/CNO__r11__sNA | CONTROL/MEDIA__r1__sNA | CONTROL/MEDIA__r8__sNA | LMO7/hCTZ__r1__sNA | PSAM/uPSEM__r2__sNA | PSAM/uPSEM__r9__sNA | PSAM/uPSEM__r10__sNA,DREADD_CNO | DREADD_CNO | EYFP_Control_Media | EYFP_Control_Media | LMO7_hCTZ | PSAM_uPSEM | PSAM_uPSEM | PSAM_uPSEM,EYFP_Control_Media,LMO7_hCTZ,9,8,1211.9444444444443,1371.5625,159.61805555555566,0.9276441972165419,0.6793183956233724,-264.8696467593761,584.1057578704874,False
199,8,DREADD/CNO__r9__sNA | DREADD/CNO__r11__sNA | CONTROL/MEDIA__r1__sNA | CONTROL/MEDIA__r8__sNA | LMO7/hCTZ__r1__sNA | PSAM/uPSEM__r2__sNA | PSAM/uPSEM__r9__sNA | PSAM/uPSEM__r10__sNA,DREADD_CNO | DREADD_CNO | EYFP_Control_Media | EYFP_Control_Media | LMO7_hCTZ | PSAM_uPSEM | PSAM_uPSEM | PSAM_uPSEM,EYFP_Control_Media,PSAM_uPSEM,9,9,1211.9444444444443,1023.0555555555555,-188.8888888888888,-1.131541007404075,0.5408065958393573,-600.7024496936441,222.9246719158665,False
200,8,DREADD/CNO__r11__sNA | CONTROL/MEDIA__r6__sNA | CONTROL/MEDIA__r9__sNA | LMO7/hCTZ__r1__sNA | LMO7/hCTZ__r9__sNA | PSAM/uPSEM__r1__sNA | PSAM/uPSEM__r2__sNA | PSAM/uPSEM__r9__sNA,DREADD_CNO | EYFP_Control_Media | EYFP_Control_Media | LMO7_hCTZ | LMO7_hCTZ | PSAM_uPSEM | PSAM_uPSEM | PSAM_uPSEM,EYFP_Control_Media,DREADD_CNO,9,11,1382.2222222222222,1515.909090909091,133.68686868686882,0.8204517627444496,0.7514696923725595,-268.3928679089272,535.7666052826648,False
200,8,DREADD/CNO__r11__sNA | CONTROL/MEDIA__r6__sNA | CONTROL/MEDIA__r9__sNA | LMO7/hCTZ__r1__sNA | LMO7/hCTZ__r9__sNA | PSAM/uPSEM__r1__sNA | PSAM/uPSEM__r2__sNA | PSAM/uPSEM__r9__sNA,DREADD_CNO | EYFP_Control_Media | EYFP_Control_Media | LMO7_hCTZ | LMO7_hCTZ | PSAM_uPSEM | PSAM_uPSEM | PSAM_uPSEM,EYFP_Control_Media,LMO7_hCTZ,9,7,1382.2222222222222,1342.857142857143,-39.36507936507928,-0.21546816679732525,0.9929626887573828,-490.1864580431403,411.45629931298174,False
200,8,DREADD/CNO__r11__sNA | CONTROL/MEDIA__r6__sNA | CONTROL/MEDIA__r9__sNA | LMO7/hCTZ__r1__sNA | LMO7/hCTZ__r9__sNA | PSAM/uPSEM__r1__sNA | PSAM/uPSEM__r2__sNA | PSAM/uPSEM__r9__sNA,DREADD_CNO | EYFP_Control_Media | EYFP_Control_Media | LMO7_hCTZ | LMO7_hCTZ | PSAM_uPSEM | PSAM_uPSEM | PSAM_uPSEM,EYFP_Control_Media,PSAM_uPSEM,9,9,1382.2222222222222,1006.9444444444445,-375.2777777777777,-2.1959417061268427,0.08960781073362434,-796.9825631893725,46.427007633817084,False
201,7,DREADD/CNO__r3__sNA | DREADD/CNO__r7__sNA | DREADD/CNO__r11__sNA | CONTROL/MEDIA__r8__sNA | LMO7/hCTZ__r6__sNA | PSAM/uPSEM__r4__sNA | PSAM/uPSEM__r9__sNA,DREADD_CNO | DREADD_CNO | DREADD_CNO | EYFP_Control_Media | LMO7_hCTZ | PSAM_uPSEM | PSAM_uPSEM,EYFP_Control_Media,DREADD_CNO,10,9,1227.5,1615.8333333333333,388.33333333333326,2.3618294973750094,0.0631445915266563,-17.580336393519133,794.2470030601856,False
201,7,DREADD/CNO__r3__sNA | DREADD/CNO__r7__sNA | DREADD/CNO__r11__sNA | CONTROL/MEDIA__r8__sNA | LMO7/hCTZ__r6__sNA | PSAM/uPSEM__r4__sNA | PSAM/uPSEM__r9__sNA,DREADD_CNO | DREADD_CNO | DREADD_CNO | EYFP_Control_Media | LMO7_hCTZ | PSAM_uPSEM | PSAM_uPSEM,EYFP_Control_Media,LMO7_hCTZ,10,8,1227.5,1366.25,138.75,0.8174122655245749,0.7579227199642361,-280.30342092815397,557.803420928154,False
201,7,DREADD/CNO__r3__sNA | DREADD/CNO__r7__sNA | DREADD/CNO__r11__sNA | CONTROL/MEDIA__r8__sNA | LMO7/hCTZ__r6__sNA | PSAM/uPSEM__r4__sNA | PSAM/uPSEM__r9__sNA,DREADD_CNO | DREADD_CNO | DREADD_CNO | EYFP_Control_Media | LMO7_hCTZ | PSAM_uPSEM | PSAM_uPSEM,EYFP_Control_Media,PSAM_uPSEM,10,10,1227.5,1117.0,-110.5,-0.6904729949785099,0.8350025069497274,-505.5873541569578,284.5873541569578,False
202,6,DREADD/CNO__r5__sNA | CONTROL/MEDIA__r7__sNA | CONTROL/MEDIA__r10__sNA | LMO7/hCTZ__r8__sNA | PSAM/uPSEM__r9__sNA | PSAM/uPSEM__r12__sNA,DREADD_CNO | EYFP_Control_Media | EYFP_Control_Media | LMO7_hCTZ | PSAM_uPSEM | PSAM_uPSEM,EYFP_Control_Media,DREADD_CNO,9,11,1199.1666666666667,1538.8636363636363,339.6969696969695,2.1259298463551204,0.1013439467410645,-52.723811993283334,732.1177513872224,False
202,6,DREADD/CNO__r5__sNA | CONTROL/MEDIA__r7__sNA | CONTROL/MEDIA__r10__sNA | LMO7/hCTZ__r8__sNA | PSAM/uPSEM__r9__sNA | PSAM/uPSEM__r12__sNA,DREADD_CNO | EYFP_Control_Media | EYFP_Control_Media | LMO7_hCTZ | PSAM_uPSEM | PSAM_uPSEM,EYFP_Control_Media,LMO7_hCTZ,9,8,1199.1666666666667,1328.125,128.95833333333326,0.746527578300166,0.7943393651016036,-295.2828353412984,553.1995020079648,False
202,6,DREADD/CNO__r5__sNA | CONTROL/MEDIA__r7__sNA | CONTROL/MEDIA__r10__sNA | LMO7/hCTZ__r8__sNA | PSAM/uPSEM__r9__sNA | PSAM/uPSEM__r12__sNA,DREADD_CNO | EYFP_Control_Media | EYFP_Control_Media | LMO7_hCTZ | PSAM_uPSEM | PSAM_uPSEM,EYFP_Control_Media,PSAM_uPSEM,9,10,1199.1666666666667,1063.75,-135.41666666666674,-0.8290318780988198,0.7414885323848508,-536.5697584508341,265.73642511750063,False
203,6,DREADD/CNO__r3__sNA | DREADD/CNO__r7__sNA | DREADD/CNO__r12__sNA | CONTROL/MEDIA__r10__sNA | LMO7/hCTZ__r6__sNA | PSAM/uPSEM__r9__sNA,DREADD_CNO | DREADD_CNO | DREADD_CNO | EYFP_Control_Media | LMO7_hCTZ | PSAM_uPSEM,EYFP_Control_Media,DREADD_CNO,10,9,1224.0,1586.9444444444443,362.94444444444434,2.2408480955211245,0.0811825573649042,-36.22945951964391,762.1183484085326,False
203,6,DREADD/CNO__r3__sNA | DREADD/CNO__r7__sNA | DREADD/CNO__r12__sNA | CONTROL/MEDIA__r10__sNA | LMO7/hCTZ__r6__sNA | PSAM/uPSEM__r9__sNA,DREADD_CNO | DREADD_CNO | DREADD_CNO | EYFP_Control_Media | LMO7_hCTZ | PSAM_uPSEM,EYFP_Control_Media,LMO7_hCTZ,10,8,1224.0,1366.25,142.25,0.8507242760506706,0.7346710219032637,-269.845483539543,554.345483539543,False
203,6,DREADD/CNO__r3__sNA | DREADD/CNO__r7__sNA | DREADD/CNO__r12__sNA | CONTROL/MEDIA__r10__sNA | LMO7/hCTZ__r6__sNA | PSAM/uPSEM__r9__sNA,DREADD_CNO | DREADD_CNO | DREADD_CNO | EYFP_Control_Media | LMO7_hCTZ | PSAM_uPSEM,EYFP_Control_Media,PSAM_uPSEM,10,11,1224.0,1103.8636363636363,-120.13636363636374,-0.7799899149266,0.7801279856966317,-499.7308542685148,259.4581269957873,False
204,4,DREADD/CNO__r3__sNA | DREADD/CNO__r7__sNA | CONTROL/MEDIA__r5__sNA | PSAM/uPSEM__r9__sNA,DREADD_CNO | DREADD_CNO | EYFP_Control_Media | PSAM_uPSEM,EYFP_Control_Media,DREADD_CNO,10,10,1261.75,1594.25,332.5,2.055898438671367,0.11690853811624213,-64.29077485171558,729.2907748517156,False
204,4,DREADD/CNO__r3__sNA | DREADD/CNO__r7__sNA | CONTROL/MEDIA__r5__sNA | PSAM/uPSEM__r9__sNA,DREADD_CNO | DREADD_CNO | EYFP_Control_Media | PSAM_uPSEM,EYFP_Control_Media,LMO7_hCTZ,10,9,1261.75,1357.2222222222222,95.47222222222217,0.5745746888178819,0.8920100802124024,-312.1915459019155,503.13599034635985,False
204,4,DREADD/CNO__r3__sNA | DREADD/CNO__r7__sNA | CONTROL/MEDIA__r5__sNA | PSAM/uPSEM__r9__sNA,DREADD_CNO | DREADD_CNO | EYFP_Control_Media | PSAM_uPSEM,EYFP_Control_Media,PSAM_uPSEM,10,11,1261.75,1103.8636363636363,-157.88636363636374,-0.9992089663677902,0.6298060766263526,-545.5542920092246,229.7815647364971,False
205,5,DREADD/CNO__r3__sNA | DREADD/CNO__r7__sNA | CONTROL/MEDIA__r8__sNA | PSAM/uPSEM__r1__sNA | PSAM/uPSEM__r2__sNA,DREADD_CNO | DREADD_CNO | EYFP_Control_Media | PSAM_uPSEM | PSAM_uPSEM,EYFP_Control_Media,DREADD_CNO,10,10,1227.5,1594.25,366.75,2.2876920304150787,0.07263602308342287,-27.29547269670053,760.7954726967005,False
205,5,DREADD/CNO__r3__sNA | DREADD/CNO__r7__sNA | CONTROL/MEDIA__r8__sNA | PSAM/uPSEM__r1__sNA | PSAM/uPSEM__r2__sNA,DREADD_CNO | DREADD_CNO | EYFP_Control_Media | PSAM_uPSEM | PSAM_uPSEM,EYFP_Control_Media,LMO7_hCTZ,10,9,1227.5,1357.2222222222222,129.72222222222217,0.787591950085766,0.7733116988873524,-275.12101606078954,534.5654605052339,False
205,5,DREADD/CNO__r3__sNA | DREADD/CNO__r7__sNA | CONTROL/MEDIA__r8__sNA | PSAM/uPSEM__r1__sNA | PSAM/uPSEM__r2__sNA,DREADD_CNO | DREADD_CNO | EYFP_Control_Media | PSAM_uPSEM | PSAM_uPSEM,EYFP_Control_Media,PSAM_uPSEM,10,10,1227.5,1109.75,-117.75,-0.7344941692743707,0.8061609226036044,-511.79547269670053,276.29547269670053,False
206,4,DREADD/CNO__r7__sNA | PSAM/uPSEM__r2__sNA | PSAM/uPSEM__r6__sNA | PSAM/uPSEM__r9__sNA,DREADD_CNO | PSAM_uPSEM | PSAM_uPSEM | PSAM_uPSEM,EYFP_Control_Media,DREADD_CNO,11,11,1299.7727272727273,1535.0,235.22727272727275,1.5578610832309587,0.29630042411828306,-136.2957648186332,606.7503102731787,False
206,4,DREADD/CNO__r7__sNA | PSAM/uPSEM__r2__sNA | PSAM/uPSEM__r6__sNA | PSAM/uPSEM__r9__sNA,DREADD_CNO | PSAM_uPSEM | PSAM_uPSEM | PSAM_uPSEM,EYFP_Control_Media,LMO7_hCTZ,11,9,1299.7727272727273,1357.2222222222222,57.44949494949492,0.3609512289890292,0.970199492711994,-334.1701723402772,449.06916223926703,False
206,4,DREADD/CNO__r7__sNA | PSAM/uPSEM__r2__sNA | PSAM/uPSEM__r6__sNA | PSAM/uPSEM__r9__sNA,DREADD_CNO | PSAM_uPSEM | PSAM_uPSEM | PSAM_uPSEM,EYFP_Control_Media,PSAM_uPSEM,11,9,1299.7727272727273,1035.8333333333333,-263.939393939394,-1.6583130748981698,0.2503748671631384,-655.5590612291661,127.68027335037812,False
207,5,DREADD/CNO__r3__sNA | DREADD/CNO__r5__sNA | CONTROL/MEDIA__r5__sNA | CONTROL/MEDIA__r6__sNA | PSAM/uPSEM__r9__sNA,DREADD_CNO | DREADD_CNO | EYFP_Control_Media | EYFP_Control_Media | PSAM_uPSEM,EYFP_Control_Media,DREADD_CNO,9,10,1301.111111111111,1598.5,297.3888888888889,1.7986208633094076,0.18946713634222945,-107.80152831730283,702.5793060950807,False
207,5,DREADD/CNO__r3__sNA | DREADD/CNO__r5__sNA | CONTROL/MEDIA__r5__sNA | CONTROL/MEDIA__r6__sNA | PSAM/uPSEM__r9__sNA,DREADD_CNO | DREADD_CNO | EYFP_Control_Media | EYFP_Control_Media | PSAM_uPSEM,EYFP_Control_Media,LMO7_hCTZ,9,9,1301.111111111111,1357.2222222222222,56.111111111111086,0.33076957847093474,0.9747822629308094,-359.6054854147936,471.82770763701575,False
207,5,DREADD/CNO__r3__sNA | DREADD/CNO__r5__sNA | CONTROL/MEDIA__r5__sNA | CONTROL/MEDIA__r6__sNA | PSAM/uPSEM__r9__sNA,DREADD_CNO | DREADD_CNO | EYFP_Control_Media | EYFP_Control_Media | PSAM_uPSEM,EYFP_Control_Media,PSAM_uPSEM,9,11,1301.111111111111,1103.8636363636363,-197.24747474747483,-1.2195075280792627,0.47639625819426956,-593.6176972634291,199.12274776847943,False
208,8,DREADD/CNO__r5__sNA | DREADD/CNO__r10__sNA | CONTROL/MEDIA__r3__sNA | CONTROL/MEDIA__r4__sNA | CONTROL/MEDIA__r8__sNA | CONTROL/MEDIA__r10__sNA | LMO7/hCTZ__r8__sNA | PSAM/uPSEM__r9__sNA,DREADD_CNO | DREADD_CNO | EYFP_Control_Media | EYFP_Control_Media | EYFP_Control_Media | EYFP_Control_Media | LMO7_hCTZ | PSAM_uPSEM,EYFP_Control_Media,DREADD_CNO,7,10,1186.4285714285713,1555.5,369.07142857142867,2.200909154638362,0.08460009171579164,-41.4140721565783,779.5569292994356,False
208,8,DREADD/CNO__r5__sNA | DREADD/CNO__r10__sNA | CONTROL/MEDIA__r3__sNA | CONTROL/MEDIA__r4__sNA | CONTROL/MEDIA__r8__sNA | CONTROL/MEDIA__r10__sNA | LMO7/hCTZ__r8__sNA | PSAM/uPSEM__r9__sNA,DREADD_CNO | DREADD_CNO | EYFP_Control_Media | EYFP_Control_Media | EYFP_Control_Media | EYFP_Control_Media | LMO7_hCTZ | PSAM_uPSEM,EYFP_Control_Media,LMO7_hCTZ,7,8,1186.4285714285713,1328.125,141.69642857142867,0.8045896094202606,0.7429810590367019,-289.39957501734125,572.7924321601986,False
208,8,DREADD/CNO__r5__sNA | DREADD/CNO__r10__sNA | CONTROL/MEDIA__r3__sNA | CONTROL/MEDIA__r4__sNA | CONTROL/MEDIA__r8__sNA | CONTROL/MEDIA__r10__sNA | LMO7/hCTZ__r8__sNA | PSAM/uPSEM__r9__sNA,DREADD_CNO | DREADD_CNO | EYFP_Control_Media | EYFP_Control_Media | EYFP_Control_Media | EYFP_Control_Media | LMO7_hCTZ | PSAM_uPSEM,EYFP_Control_Media,PSAM_uPSEM,7,11,1186.4285714285713,1103.8636363636363,-82.56493506493507,-0.5018476390937122,0.9153594950969036,-485.2942754162665,320.16440528639635,False
209,7,CONTROL/MEDIA__r3__sNA | CONTROL/MEDIA__r4__sNA | CONTROL/MEDIA__r6__sNA | LMO7/hCTZ__r9__sNA | PSAM/uPSEM__r2__sNA | PSAM/uPSEM__r9__sNA | PSAM/uPSEM__r11__sNA,EYFP_Control_Media | EYFP_Control_Media | EYFP_Control_Media | LMO7_hCTZ | PSAM_uPSEM | PSAM_uPSEM | PSAM_uPSEM,EYFP_Control_Media,DREADD_CNO,8,12,1434.6875,1506.25,71.5625,0.44865567020314223,0.9400330033265276,-319.6944733798341,462.8194733798341,False
209,7,CONTROL/MEDIA__r3__sNA | CONTROL/MEDIA__r4__sNA | CONTROL/MEDIA__r6__sNA | LMO7/hCTZ__r9__sNA | PSAM/uPSEM__r2__sNA | PSAM/uPSEM__r9__sNA | PSAM/uPSEM__r11__sNA,EYFP_Control_Media | EYFP_Control_Media | EYFP_Control_Media | LMO7_hCTZ | PSAM_uPSEM | PSAM_uPSEM | PSAM_uPSEM,EYFP_Control_Media,LMO7_hCTZ,8,8,1434.6875,1330.3125,-104.375,-0.5973564017105898,0.8747238571256628,-532.9755402026669,324.2255402026669,False
209,7,CONTROL/MEDIA__r3__sNA | CONTROL/MEDIA__r4__sNA | CONTROL/MEDIA__r6__sNA | LMO7/hCTZ__r9__sNA | PSAM/uPSEM__r2__sNA | PSAM/uPSEM__r9__sNA | PSAM/uPSEM__r11__sNA,EYFP_Control_Media | EYFP_Control_Media | EYFP_Control_Media | LMO7_hCTZ | PSAM_uPSEM | PSAM_uPSEM | PSAM_uPSEM,EYFP_Control_Media,PSAM_uPSEM,8,9,1434.6875,1036.9444444444443,-397.74305555555566,-2.3423480714037512,0.06362719906104353,-814.2679108932989,18.781799782187647,False
210,4,DREADD/CNO__r3__sNA | DREADD/CNO__r10__sNA | PSAM/uPSEM__r9__sNA | PSAM/uPSEM__r12__sNA,DREADD_CNO | DREADD_CNO | PSAM_uPSEM | PSAM_uPSEM,EYFP_Control_Media,DREADD_CNO,11,10,1299.7727272727273,1576.0,276.22727272727275,1.7311446684996972,0.22027685192810675,-116.36833760047665,668.8228830550222,False
210,4,DREADD/CNO__r3__sNA | DREADD/CNO__r10__sNA | PSAM/uPSEM__r9__sNA | PSAM/uPSEM__r12__sNA,DREADD_CNO | DREADD_CNO | PSAM_uPSEM | PSAM_uPSEM,EYFP_Control_Media,LMO7_hCTZ,11,9,1299.7727272727273,1357.2222222222222,57.44949494949492,0.35000071081741835,0.972645720032269,-346.40929074373025,461.3082806427201,False
210,4,DREADD/CNO__r3__sNA | DREADD/CNO__r10__sNA | PSAM/uPSEM__r9__sNA | PSAM/uPSEM__r12__sNA,DREADD_CNO | DREADD_CNO | PSAM_uPSEM | PSAM_uPSEM,EYFP_Control_Media,PSAM_uPSEM,11,10,1299.7727272727273,1063.75,-236.02272727272725,-1.4791786557815827,0.33598532706498163,-628.6183376004767,156.57288305502215,False
211,6,DREADD/CNO__r3__sNA | DREADD/CNO__r7__sNA | CONTROL/MEDIA__r8__sNA | LMO7/hCTZ__r4__sNA | PSAM/uPSEM__r3__sNA | PSAM/uPSEM__r9__sNA,DREADD_CNO | DREADD_CNO | EYFP_Control_Media | LMO7_hCTZ | PSAM_uPSEM | PSAM_uPSEM,EYFP_Control_Media,DREADD_CNO,10,10,1227.5,1594.25,366.75,2.3295269833407035,0.06704284047808517,-21.235119829603946,754.735119829604,False
211,6,DREADD/CNO__r3__sNA | DREADD/CNO__r7__sNA | CONTROL/MEDIA__r8__sNA | LMO7/hCTZ__r4__sNA | PSAM/uPSEM__r3__sNA | PSAM/uPSEM__r9__sNA,DREADD_CNO | DREADD_CNO | EYFP_Control_Media | LMO7_hCTZ | PSAM_uPSEM | PSAM_uPSEM,EYFP_Control_Media,LMO7_hCTZ,10,8,1227.5,1330.3125,102.8125,0.615697345538078,0.8740014031286433,-308.70786384648227,514.3328638464823,False
211,6,DREADD/CNO__r3__sNA | DREADD/CNO__r7__sNA | CONTROL/MEDIA__r8__sNA | LMO7/hCTZ__r4__sNA | PSAM/uPSEM__r3__sNA | PSAM/uPSEM__r9__sNA,DREADD_CNO | DREADD_CNO | EYFP_Control_Media | LMO7_hCTZ | PSAM_uPSEM | PSAM_uPSEM,EYFP_Control_Media,PSAM_uPSEM,10,10,1227.5,1119.5,-108.0,-0.6859956760757899,0.8361921714965164,-495.98511982960395,279.98511982960395,False
212,7,DREADD/CNO__r3__sNA | DREADD/CNO__r5__sNA | DREADD/CNO__r10__sNA | CONTROL/MEDIA__r5__sNA | CONTROL/MEDIA__r8__sNA | LMO7/hCTZ__r3__sNA | PSAM/uPSEM__r11__sNA,DREADD_CNO | DREADD_CNO | DREADD_CNO | EYFP_Control_Media | EYFP_Control_Media | LMO7_hCTZ | PSAM_uPSEM,EYFP_Control_Media,DREADD_CNO,9,9,1177.2222222222222,1623.611111111111,446.3888888888889,2.6909533542420285,0.029358687262764693,38.056382724968216,854.7213950528096,True
212,7,DREADD/CNO__r3__sNA | DREADD/CNO__r5__sNA | DREADD/CNO__r10__sNA | CONTROL/MEDIA__r5__sNA | CONTROL/MEDIA__r8__sNA | LMO7/hCTZ__r3__sNA | PSAM/uPSEM__r11__sNA,DREADD_CNO | DREADD_CNO | DREADD_CNO | EYFP_Control_Media | EYFP_Control_Media | LMO7_hCTZ | PSAM_uPSEM,EYFP_Control_Media,LMO7_hCTZ,9,8,1177.2222222222222,1447.8125,270.5902777777778,1.5824883181701037,0.2800452383004345,-150.30923554397702,691.4897910995327,False
212,7,DREADD/CNO__r3__sNA | DREADD/CNO__r5__sNA | DREADD/CNO__r10__sNA | CONTROL/MEDIA__r5__sNA | CONTROL/MEDIA__r8__sNA | LMO7/hCTZ__r3__sNA | PSAM/uPSEM__r11__sNA,DREADD_CNO | DREADD_CNO | DREADD_CNO | EYFP_Control_Media | EYFP_Control_Media | LMO7_hCTZ | PSAM_uPSEM,EYFP_Control_Media,PSAM_uPSEM,9,11,1177.2222222222222,1207.5,30.27777777777783,0.1914313814472302,0.9949467261090097,-359.0519908224158,419.60754637797146,False
213,6,DREADD/CNO__r6__sNA | CONTROL/MEDIA__r2__sNA | CONTROL/MEDIA__r4__sNA | PSAM/uPSEM__r2__sNA | PSAM/uPSEM__r8__sNA | PSAM/uPSEM__r9__sNA,DREADD_CNO | EYFP_Control_Media | EYFP_Control_Media | PSAM_uPSEM | PSAM_uPSEM | PSAM_uPSEM,EYFP_Control_Media,DREADD_CNO,9,11,1406.9444444444443,1449.090909090909,42.146464646464665,0.2891515341721181,0.9830063981884795,-315.78481431392356,400.0777436068529,False
213,6,DREADD/CNO__r6__sNA | CONTROL/MEDIA__r2__sNA | CONTROL/MEDIA__r4__sNA | PSAM/uPSEM__r2__sNA | PSAM/uPSEM__r8__sNA | PSAM/uPSEM__r9__sNA,DREADD_CNO | EYFP_Control_Media | EYFP_Control_Media | PSAM_uPSEM | PSAM_uPSEM | PSAM_uPSEM,EYFP_Control_Media,LMO7_hCTZ,9,9,1406.9444444444443,1357.2222222222222,-49.72222222222217,-0.32525092308449777,0.9762472957997226,-425.12371463273615,325.6792701882918,False
213,6,DREADD/CNO__r6__sNA | CONTROL/MEDIA__r2__sNA | CONTROL/MEDIA__r4__sNA | PSAM/uPSEM__r2__sNA | PSAM/uPSEM__r8__sNA | PSAM/uPSEM__r9__sNA,DREADD_CNO | EYFP_Control_Media | EYFP_Control_Media | PSAM_uPSEM | PSAM_uPSEM | PSAM_uPSEM,EYFP_Control_Media,PSAM_uPSEM,9,9,1406.9444444444443,1024.4444444444443,-382.5,-2.5020699502086807,0.04491474288569641,-757.901492410514,-7.098507589486019,True
214,8,DREADD/CNO__r2__sNA | CONTROL/MEDIA__r2__sNA | CONTROL/MEDIA__r6__sNA | CONTROL/MEDIA__r10__sNA | LMO7/hCTZ__r9__sNA | PSAM/uPSEM__r2__sNA | PSAM/uPSEM__r5__sNA | PSAM/uPSEM__r9__sNA,DREADD_CNO | EYFP_Control_Media | EYFP_Control_Media | EYFP_Control_Media | LMO7_hCTZ | PSAM_uPSEM | PSAM_uPSEM | PSAM_uPSEM,EYFP_Control_Media,DREADD_CNO,8,11,1336.5625,1482.5,145.9375,0.9729375663809705,0.6393108427835933,-222.56853192673066,514.4435319267307,False
214,8,DREADD/CNO__r2__sNA | CONTROL/MEDIA__r2__sNA | CONTROL/MEDIA__r6__sNA | CONTROL/MEDIA__r10__sNA | LMO7/hCTZ__r9__sNA | PSAM/uPSEM__r2__sNA | PSAM/uPSEM__r5__sNA | PSAM/uPSEM__r9__sNA,DREADD_CNO | EYFP_Control_Media | EYFP_Control_Media | EYFP_Control_Media | LMO7_hCTZ | PSAM_uPSEM | PSAM_uPSEM | PSAM_uPSEM,EYFP_Control_Media,LMO7_hCTZ,8,8,1336.5625,1330.3125,-6.25,-0.03872251418687407,0.9999548688565874,-402.782822193657,390.282822193657,False
214,8,DREADD/CNO__r2__sNA | CONTROL/MEDIA__r2__sNA | CONTROL/MEDIA__r6__sNA | CONTROL/MEDIA__r10__sNA | LMO7/hCTZ__r9__sNA | PSAM/uPSEM__r2__sNA | PSAM/uPSEM__r5__sNA | PSAM/uPSEM__r9__sNA,DREADD_CNO | EYFP_Control_Media | EYFP_Control_Media | EYFP_Control_Media | LMO7_hCTZ | PSAM_uPSEM | PSAM_uPSEM | PSAM_uPSEM,EYFP_Control_Media,PSAM_uPSEM,8,9,1336.5625,1028.888888888889,-307.6736111111111,-1.9614876175604505,0.14008624445304985,-693.034246267521,77.68702404529876,False
215,4,DREADD/CNO__r3__sNA | DREADD/CNO__r4__sNA | DREADD/CNO__r5__sNA | PSAM/uPSEM__r2__sNA,DREADD_CNO | DREADD_CNO | DREADD_CNO | PSAM_uPSEM,EYFP_Control_Media,DREADD_CNO,11,9,1299.7727272727273,1632.7777777777778,333.0050505050506,2.0014959978132127,0.13251294071738717,-76.37087200621079,742.3809730163119,False
215,4,DREADD/CNO__r3__sNA | DREADD/CNO__r4__sNA | DREADD/CNO__r5__sNA | PSAM/uPSEM__r2__sNA,DREADD_CNO | DREADD_CNO | DREADD_CNO | PSAM_uPSEM,EYFP_Control_Media,LMO7_hCTZ,11,9,1299.7727272727273,1357.2222222222222,57.44949494949492,0.3452948657788015,0.9736981625009983,-351.92642756176645,466.8254174607563,False
215,4,DREADD/CNO__r3__sNA | DREADD/CNO__r4__sNA | DREADD/CNO__r5__sNA | PSAM/uPSEM__r2__sNA,DREADD_CNO | DREADD_CNO | DREADD_CNO | PSAM_uPSEM,EYFP_Control_Media,PSAM_uPSEM,11,11,1299.7727272727273,1114.7727272727273,-185.0,-1.1720722385164468,0.520231013204395,-573.368100310455,203.36810031045508,False
216,5,DREADD/CNO__r3__sNA | DREADD/CNO__r4__sNA | DREADD/CNO__r9__sNA | CONTROL/MEDIA__r8__sNA | CONTROL/MEDIA__r10__sNA,DREADD_CNO | DREADD_CNO | DREADD_CNO | EYFP_Control_Media | EYFP_Control_Media,EYFP_Control_Media,DREADD_CNO,9,9,1135.2777777777778,1597.2222222222222,461.94444444444434,2.7711410244694292,0.023528901566664318,53.68635197490585,870.2025369139828,True
216,5,DREADD/CNO__r3__sNA | DREADD/CNO__r4__sNA | DREADD/CNO__r9__sNA | CONTROL/MEDIA__r8__sNA | CONTROL/MEDIA__r10__sNA,DREADD_CNO | DREADD_CNO | DREADD_CNO | EYFP_Control_Media | EYFP_Control_Media,EYFP_Control_Media,LMO7_hCTZ,9,9,1135.2777777777778,1357.2222222222222,221.94444444444434,1.3314141181906636,0.4082451105637944,-186.31364802509415,630.2025369139828,False
216,5,DREADD/CNO__r3__sNA | DREADD/CNO__r4__sNA | DREADD/CNO__r9__sNA | CONTROL/MEDIA__r8__sNA | CONTROL/MEDIA__r10__sNA,DREADD_CNO | DREADD_CNO | DREADD_CNO | EYFP_Control_Media | EYFP_Control_Media,EYFP_Control_Media,PSAM_uPSEM,9,12,1135.2777777777778,1181.4583333333333,46.18055555555543,0.29615836650025273,0.9816150435802704,-335.70992129416646,428.0710324052773,False
217,5,DREADD/CNO__r3__sNA | DREADD/CNO__r5__sNA | DREADD/CNO__r12__sNA | CONTROL/MEDIA__r8__sNA | CONTROL/MEDIA__r10__sNA,DREADD_CNO | DREADD_CNO | DREADD_CNO | EYFP_Control_Media | EYFP_Control_Media,EYFP_Control_Media,DREADD_CNO,9,9,1135.2777777777778,1591.6666666666667,456.3888888888889,2.7681028293434338,0.023703005812599653,52.597991190623475,860.1797865871544,True
217,5,DREADD/CNO__r3__sNA | DREADD/CNO__r5__sNA | DREADD/CNO__r12__sNA | CONTROL/MEDIA__r8__sNA | CONTROL/MEDIA__r10__sNA,DREADD_CNO | DREADD_CNO | DREADD_CNO | EYFP_Control_Media | EYFP_Control_Media,EYFP_Control_Media,LMO7_hCTZ,9,9,1135.2777777777778,1357.2222222222222,221.94444444444434,1.3461437374591616,0.39962976056984545,-181.8464532538211,625.7353421427098,False
217,5,DREADD/CNO__r3__sNA | DREADD/CNO__r5__sNA | DREADD/CNO__r12__sNA | CONTROL/MEDIA__r8__sNA | CONTROL/MEDIA__r10__sNA,DREADD_CNO | DREADD_CNO | DREADD_CNO | EYFP_Control_Media | EYFP_Control_Media,EYFP_Control_Media,PSAM_uPSEM,9,12,1135.2777777777778,1181.4583333333333,46.18055555555543,0.2994348076331267,0.9810283963353716,-331.5312432156435,423.89235432675434,False
218,5,CONTROL/MEDIA__r2__sNA | CONTROL/MEDIA__r7__sNA | PSAM/uPSEM__r2__sNA | PSAM/uPSEM__r6__sNA | PSAM/uPSEM__r9__sNA,EYFP_Control_Media | EYFP_Control_Media | PSAM_uPSEM | PSAM_uPSEM | PSAM_uPSEM,EYFP_Control_Media,DREADD_CNO,9,12,1356.6666666666667,1506.25,149.58333333333326,0.9866719884274271,0.632588913537695,-221.7681196948617,520.9347863615283,False
218,5,CONTROL/MEDIA__r2__sNA | CONTROL/MEDIA__r7__sNA | PSAM/uPSEM__r2__sNA | PSAM/uPSEM__r6__sNA | PSAM/uPSEM__r9__sNA,EYFP_Control_Media | EYFP_Control_Media | PSAM_uPSEM | PSAM_uPSEM | PSAM_uPSEM,EYFP_Control_Media,LMO7_hCTZ,9,9,1356.6666666666667,1357.2222222222222,0.5555555555554292,0.003427844506798122,0.9999999693404613,-396.43584653363945,397.5469576447503,False
218,5,CONTROL/MEDIA__r2__sNA | CONTROL/MEDIA__r7__sNA | PSAM/uPSEM__r2__sNA | PSAM/uPSEM__r6__sNA | PSAM/uPSEM__r9__sNA,EYFP_Control_Media | EYFP_Control_Media | PSAM_uPSEM | PSAM_uPSEM | PSAM_uPSEM,EYFP_Control_Media,PSAM_uPSEM,9,9,1356.6666666666667,1035.8333333333333,-320.8333333333335,-1.9795802026763665,0.13475481052986282,-717.8247354225284,76.1580687558614,False
219,8,CONTROL/MEDIA__r7__sNA | CONTROL/MEDIA__r11__sNA | LMO7/hCTZ__r3__sNA | LMO7/hCTZ__r4__sNA | PSAM/uPSEM__r1__sNA | PSAM/uPSEM__r2__sNA | PSAM/uPSEM__r6__sNA | PSAM/uPSEM__r9__sNA,EYFP_Control_Media | EYFP_Control_Media | LMO7_hCTZ | LMO7_hCTZ | PSAM_uPSEM | PSAM_uPSEM | PSAM_uPSEM | PSAM_uPSEM,EYFP_Control_Media,DREADD_CNO,9,12,1281.9444444444443,1506.25,224.30555555555566,1.443987386644145,0.3520830189827979,-159.1308182580488,607.7419293691601,False
219,8,CONTROL/MEDIA__r7__sNA | CONTROL/MEDIA__r11__sNA | LMO7/hCTZ__r3__sNA | LMO7/hCTZ__r4__sNA | PSAM/uPSEM__r1__sNA | PSAM/uPSEM__r2__sNA | PSAM/uPSEM__r6__sNA | PSAM/uPSEM__r9__sNA,EYFP_Control_Media | EYFP_Control_Media | LMO7_hCTZ | LMO7_hCTZ | PSAM_uPSEM | PSAM_uPSEM | PSAM_uPSEM | PSAM_uPSEM,EYFP_Control_Media,LMO7_hCTZ,9,7,1281.9444444444443,1430.0,148.05555555555566,0.8339809503977252,0.7433127528659151,-290.1574430885638,586.2685541996751,False
219,8,CONTROL/MEDIA__r7__sNA | CONTROL/MEDIA__r11__sNA | LMO7/hCTZ__r3__sNA | LMO7/hCTZ__r4__sNA | PSAM/uPSEM__r1__sNA | PSAM/uPSEM__r2__sNA | PSAM/uPSEM__r6__sNA | PSAM/uPSEM__r9__sNA,EYFP_Control_Media | EYFP_Control_Media | LMO7_hCTZ | LMO7_hCTZ | PSAM_uPSEM | PSAM_uPSEM | PSAM_uPSEM | PSAM_uPSEM,EYFP_Control_Media,PSAM_uPSEM,9,8,1281.9444444444443,1019.6875,-262.25694444444434,-1.5321099163934564,0.3067630392895573,-684.7832493716851,160.26936048279634,False
220,8,DREADD/CNO__r2__sNA | DREADD/CNO__r3__sNA | CONTROL/MEDIA__r1__sNA | CONTROL/MEDIA__r9__sNA | LMO7/hCTZ__r6__sNA | PSAM/uPSEM__r2__sNA | PSAM/uPSEM__r8__sNA | PSAM/uPSEM__r9__sNA,DREADD_CNO | DREADD_CNO | EYFP_Control_Media | EYFP_Control_Media | LMO7_hCTZ | PSAM_uPSEM | PSAM_uPSEM | PSAM_uPSEM,EYFP_Control_Media,DREADD_CNO,9,10,1331.111111111111,1536.5,205.3888888888889,1.2485856931504131,0.4649548078400295,-200.4214621258099,611.1992399035878,False
220,8,DREADD/CNO__r2__sNA | DREADD/CNO__r3__sNA | CONTROL/MEDIA__r1__sNA | CONTROL/MEDIA__r9__sNA | LMO7/hCTZ__r6__sNA | PSAM/uPSEM__r2__sNA | PSAM/uPSEM__r8__sNA | PSAM/uPSEM__r9__sNA,DREADD_CNO | DREADD_CNO | EYFP_Control_Media | EYFP_Control_Media | LMO7_hCTZ | PSAM_uPSEM | PSAM_uPSEM | PSAM_uPSEM,EYFP_Control_Media,LMO7_hCTZ,9,8,1331.111111111111,1366.25,35.138888888888914,0.20198855710711502,0.9941498922127304,-394.02758421252355,464.3053619903014,False
220,8,DREADD/CNO__r2__sNA | DREADD/CNO__r3__sNA | CONTROL/MEDIA__r1__sNA | CONTROL/MEDIA__r9__sNA | LMO7/hCTZ__r6__sNA | PSAM/uPSEM__r2__sNA | PSAM/uPSEM__r8__sNA | PSAM/uPSEM__r9__sNA,DREADD_CNO | DREADD_CNO | EYFP_Control_Media | EYFP_Control_Media | LMO7_hCTZ | PSAM_uPSEM | PSAM_uPSEM | PSAM_uPSEM,EYFP_Control_Media,PSAM_uPSEM,9,9,1331.111111111111,1024.4444444444443,-306.66666666666674,-1.8170621588045228,0.18747568995660713,-723.0193018598254,109.68596852649188,False
221,7,CONTROL/MEDIA__r1__sNA | CONTROL/MEDIA__r8__sNA | LMO7/hCTZ__r9__sNA | PSAM/uPSEM__r1__sNA | PSAM/uPSEM__r2__sNA | PSAM/uPSEM__r7__sNA | PSAM/uPSEM__r9__sNA,EYFP_Control_Media | EYFP_Control_Media | LMO7_hCTZ | PSAM_uPSEM | PSAM_uPSEM | PSAM_uPSEM | PSAM_uPSEM,EYFP_Control_Media,DREADD_CNO,9,12,1211.9444444444443,1506.25,294.30555555555566,1.9322167647286814,0.15029461294659352,-80.72209468494714,669.3332057960585,False
221,7,CONTROL/MEDIA__r1__sNA | CONTROL/MEDIA__r8__sNA | LMO7/hCTZ__r9__sNA | PSAM/uPSEM__r1__sNA | PSAM/uPSEM__r2__sNA | PSAM/uPSEM__r7__sNA | PSAM/uPSEM__r9__sNA,EYFP_Control_Media | EYFP_Control_Media | LMO7_hCTZ | PSAM_uPSEM | PSAM_uPSEM | PSAM_uPSEM | PSAM_uPSEM,EYFP_Control_Media,LMO7_hCTZ,9,8,1211.9444444444443,1330.3125,118.36805555555566,0.7052311003928502,0.8214529692218623,-294.8922872899959,531.6283984011072,False
221,7,CONTROL/MEDIA__r1__sNA | CONTROL/MEDIA__r8__sNA | LMO7/hCTZ__r9__sNA | PSAM/uPSEM__r1__sNA | PSAM/uPSEM__r2__sNA | PSAM/uPSEM__r7__sNA | PSAM/uPSEM__r9__sNA,EYFP_Control_Media | EYFP_Control_Media | LMO7_hCTZ | PSAM_uPSEM | PSAM_uPSEM | PSAM_uPSEM | PSAM_uPSEM,EYFP_Control_Media,PSAM_uPSEM,9,8,1211.9444444444443,1027.5,-184.44444444444434,-1.0989110018441814,0.5613087444955538,-597.7047872899959,228.81589840110723,False
222,6,DREADD/CNO__r4__sNA | DREADD/CNO__r7__sNA | PSAM/uPSEM__r1__sNA | PSAM/uPSEM__r2__sNA | PSAM/uPSEM__r7__sNA | PSAM/uPSEM__r9__sNA,DREADD_CNO | DREADD_CNO | PSAM_uPSEM | PSAM_uPSEM | PSAM_uPSEM | PSAM_uPSEM,EYFP_Control_Media,DREADD_CNO,11,10,1299.7727272727273,1559.5,259.72727272727275,1.650403493968891,0.2568387963173928,-128.65888951545912,648.1134349700046,False
222,6,DREADD/CNO__r4__sNA | DREADD/CNO__r7__sNA | PSAM/uPSEM__r1__sNA | PSAM/uPSEM__r2__sNA | PSAM/uPSEM__r7__sNA | PSAM/uPSEM__r9__sNA,DREADD_CNO | DREADD_CNO | PSAM_uPSEM | PSAM_uPSEM | PSAM_uPSEM | PSAM_uPSEM,EYFP_Control_Media,LMO7_hCTZ,11,9,1299.7727272727273,1357.2222222222222,57.44949494949492,0.3548744222474198,0.9721542341367774,-342.0790778036655,456.9780677026553,False
222,6,DREADD/CNO__r4__sNA | DREADD/CNO__r7__sNA | PSAM/uPSEM__r1__sNA | PSAM/uPSEM__r2__sNA | PSAM/uPSEM__r7__sNA | PSAM/uPSEM__r9__sNA,DREADD_CNO | DREADD_CNO | PSAM_uPSEM | PSAM_uPSEM | PSAM_uPSEM | PSAM_uPSEM,EYFP_Control_Media,PSAM_uPSEM,11,8,1299.7727272727273,1027.5,-272.27272727272725,-1.626876407230914,0.26733356237814876,-685.3068266239213,140.76137207846688,False
223,7,DREADD/CNO__r3__sNA | DREADD/CNO__r9__sNA | CONTROL/MEDIA__r10__sNA | LMO7/hCTZ__r7__sNA | PSAM/uPSEM__r5__sNA | PSAM/uPSEM__r9__sNA | PSAM/uPSEM__r12__sNA,DREADD_CNO | DREADD_CNO | EYFP_Control_Media | LMO7_hCTZ | PSAM_uPSEM | PSAM_uPSEM | PSAM_uPSEM,EYFP_Control_Media,DREADD_CNO,10,10,1224.0,1566.5,342.5,2.149892567478447,0.09909068453470238,-50.79799173439295,735.797991734393,False
223,7,DREADD/CNO__r3__sNA | DREADD/CNO__r9__sNA | CONTROL/MEDIA__r10__sNA | LMO7/hCTZ__r7__sNA | PSAM/uPSEM__r5__sNA | PSAM/uPSEM__r9__sNA | PSAM/uPSEM__r12__sNA,DREADD_CNO | DREADD_CNO | EYFP_Control_Media | LMO7_hCTZ | PSAM_uPSEM | PSAM_uPSEM | PSAM_uPSEM,EYFP_Control_Media,LMO7_hCTZ,10,8,1224.0,1359.375,135.375,0.8011584005787601,0.7683033079070761,-281.78051547366,552.53051547366,False
223,7,DREADD/CNO__r3__sNA | DREADD/CNO__r9__sNA | CONTROL/MEDIA__r10__sNA | LMO7/hCTZ__r7__sNA | PSAM/uPSEM__r5__sNA | PSAM/uPSEM__r9__sNA | PSAM/uPSEM__r12__sNA,DREADD_CNO | DREADD_CNO | EYFP_Control_Media | LMO7_hCTZ | PSAM_uPSEM | PSAM_uPSEM | PSAM_uPSEM,EYFP_Control_Media,PSAM_uPSEM,10,9,1224.0,1074.4444444444443,-149.55555555555566,-0.9137306330232691,0.6943157964366267,-553.6308301534004,254.51971904228918,False
224,6,DREADD/CNO__r3__sNA | CONTROL/MEDIA__r3__sNA | CONTROL/MEDIA__r8__sNA | CONTROL/MEDIA__r9__sNA | PSAM/uPSEM__r2__sNA | PSAM/uPSEM__r12__sNA,DREADD_CNO | EYFP_Control_Media | EYFP_Control_Media | EYFP_Control_Media | PSAM_uPSEM | PSAM_uPSEM,EYFP_Control_Media,DREADD_CNO,8,11,1300.9375,1557.5,256.5625,1.5589320930349309,0.2825935844278421,-146.10368494484425,659.2286849448442,False
224,6,DREADD/CNO__r3__sNA | CONTROL/MEDIA__r3__sNA | CONTROL/MEDIA__r8__sNA | CONTROL/MEDIA__r9__sNA | PSAM/uPSEM__r2__sNA | PSAM/uPSEM__r12__sNA,DREADD_CNO | EYFP_Control_Media | EYFP_Control_Media | EYFP_Control_Media | PSAM_uPSEM | PSAM_uPSEM,EYFP_Control_Media,LMO7_hCTZ,8,9,1300.9375,1357.2222222222222,56.28472222222217,0.32704069570549227,0.9744502307319826,-364.7984713826143,477.36791582705865,False
224,6,DREADD/CNO__r3__sNA | CONTROL/MEDIA__r3__sNA | CONTROL/MEDIA__r8__sNA | CONTROL/MEDIA__r9__sNA | PSAM/uPSEM__r2__sNA | PSAM/uPSEM__r12__sNA,DREADD_CNO | EYFP_Control_Media | EYFP_Control_Media | EYFP_Control_Media | PSAM_uPSEM | PSAM_uPSEM,EYFP_Control_Media,PSAM_uPSEM,8,10,1300.9375,1075.75,-225.1875,-1.3403632250392379,0.3964264207998627,-636.2434648579756,185.86846485797554,False
225,7,DREADD/CNO__r7__sNA | DREADD/CNO__r12__sNA | CONTROL/MEDIA__r3__sNA | CONTROL/MEDIA__r7__sNA | LMO7/hCTZ__r4__sNA | PSAM/uPSEM__r2__sNA | PSAM/uPSEM__r9__sNA,DREADD_CNO | DREADD_CNO | EYFP_Control_Media | EYFP_Control_Media | LMO7_hCTZ | PSAM_uPSEM | PSAM_uPSEM,EYFP_Control_Media,DREADD_CNO,9,10,1325.8333333333333,1522.5,196.66666666666674,1.1876654877979598,0.501575123497481,-210.91257584359664,604.2459091769301,False
225,7,DREADD/CNO__r7__sNA | DREADD/CNO__r12__sNA | CONTROL/MEDIA__r3__sNA | CONTROL/MEDIA__r7__sNA | LMO7/hCTZ__r4__sNA | PSAM/uPSEM__r2__sNA | PSAM/uPSEM__r9__sNA,DREADD_CNO | DREADD_CNO | EYFP_Control_Media | EYFP_Control_Media | LMO7_hCTZ | PSAM_uPSEM | PSAM_uPSEM,EYFP_Control_Media,LMO7_hCTZ,9,8,1325.8333333333333,1330.3125,4.4791666666667425,0.025577490701562067,0.9999875716684147,-426.5580052046325,435.51633853796596,False
225,7,DREADD/CNO__r7__sNA | DREADD/CNO__r12__sNA | CONTROL/MEDIA__r3__sNA | CONTROL/MEDIA__r7__sNA | LMO7/hCTZ__r4__sNA | PSAM/uPSEM__r2__sNA | PSAM/uPSEM__r9__sNA,DREADD_CNO | DREADD_CNO | EYFP_Control_Media | EYFP_Control_Media | LMO7_hCTZ | PSAM_uPSEM | PSAM_uPSEM,EYFP_Control_Media,PSAM_uPSEM,9,10,1325.8333333333333,1022.75,-303.08333333333326,-1.830313296237787,0.18158524303770585,-710.6625758435966,104.49590917693013,False
226,7,DREADD/CNO__r5__sNA | CONTROL/MEDIA__r7__sNA | CONTROL/MEDIA__r8__sNA | CONTROL/MEDIA__r10__sNA | LMO7/hCTZ__r3__sNA | LMO7/hCTZ__r8__sNA | PSAM/uPSEM__r3__sNA,DREADD_CNO | EYFP_Control_Media | EYFP_Control_Media | EYFP_Control_Media | LMO7_hCTZ | LMO7_hCTZ | PSAM_uPSEM,EYFP_Control_Media,DREADD_CNO,8,11,1096.25,1538.8636363636363,442.61363636363626,2.7731823284780934,0.02373748140872456,51.035469308040774,834.1918034192317,True
226,7,DREADD/CNO__r5__sNA | CONTROL/MEDIA__r7__sNA | CONTROL/MEDIA__r8__sNA | CONTROL/MEDIA__r10__sNA | LMO7/hCTZ__r3__sNA | LMO7/hCTZ__r8__sNA | PSAM/uPSEM__r3__sNA,DREADD_CNO | EYFP_Control_Media | EYFP_Control_Media | EYFP_Control_Media | LMO7_hCTZ | LMO7_hCTZ | PSAM_uPSEM,EYFP_Control_Media,LMO7_hCTZ,8,7,1096.25,1427.5,331.25,1.8633454170108743,0.16764090025196476,-104.89873860566229,767.3987386056623,False
226,7,DREADD/CNO__r5__sNA | CONTROL/MEDIA__r7__sNA | CONTROL/MEDIA__r8__sNA | CONTROL/MEDIA__r10__sNA | LMO7/hCTZ__r3__sNA | LMO7/hCTZ__r8__sNA | PSAM/uPSEM__r3__sNA,DREADD_CNO | EYFP_Control_Media | EYFP_Control_Media | EYFP_Control_Media | LMO7_hCTZ | LMO7_hCTZ | PSAM_uPSEM,EYFP_Control_Media,PSAM_uPSEM,8,11,1096.25,1202.7272727272727,106.47727272727275,0.6671301262603272,0.836851003226008,-285.10089432832274,498.05543978286823,False
227,7,DREADD/CNO__r1__sNA | CONTROL/MEDIA__r9__sNA | LMO7/hCTZ__r5__sNA | PSAM/uPSEM__r2__sNA | PSAM/uPSEM__r3__sNA | PSAM/uPSEM__r9__sNA | PSAM/uPSEM__r12__sNA,DREADD_CNO | EYFP_Control_Media | LMO7_hCTZ | PSAM_uPSEM | PSAM_uPSEM | PSAM_uPSEM | PSAM_uPSEM,EYFP_Control_Media,DREADD_CNO,10,11,1334.75,1469.7727272727273,135.02272727272725,0.8803569188227035,0.7170889254193031,-243.53104613731136,513.5765006827659,False
227,7,DREADD/CNO__r1__sNA | CONTROL/MEDIA__r9__sNA | LMO7/hCTZ__r5__sNA | PSAM/uPSEM__r2__sNA | PSAM/uPSEM__r3__sNA | PSAM/uPSEM__r9__sNA | PSAM/uPSEM__r12__sNA,DREADD_CNO | EYFP_Control_Media | LMO7_hCTZ | PSAM_uPSEM | PSAM_uPSEM | PSAM_uPSEM | PSAM_uPSEM,EYFP_Control_Media,LMO7_hCTZ,10,8,1334.75,1350.3125,15.5625,0.09346592664387683,0.9994288871551389,-395.4031598001095,426.5281598001095,False
227,7,DREADD/CNO__r1__sNA | CONTROL/MEDIA__r9__sNA | LMO7/hCTZ__r5__sNA | PSAM/uPSEM__r2__sNA | PSAM/uPSEM__r3__sNA | PSAM/uPSEM__r9__sNA | PSAM/uPSEM__r12__sNA,DREADD_CNO | EYFP_Control_Media | LMO7_hCTZ | PSAM_uPSEM | PSAM_uPSEM | PSAM_uPSEM | PSAM_uPSEM,EYFP_Control_Media,PSAM_uPSEM,10,8,1334.75,971.875,-362.875,-2.1793701610214815,0.09337198990282447,-773.8406598001095,48.090659800109506,False
228,7,CONTROL/MEDIA__r1__sNA | CONTROL/MEDIA__r6__sNA | CONTROL/MEDIA__r11__sNA | LMO7/hCTZ__r8__sNA | LMO7/hCTZ__r9__sNA | PSAM/uPSEM__r2__sNA | PSAM/uPSEM__r9__sNA,EYFP_Control_Media | EYFP_Control_Media | EYFP_Control_Media | LMO7_hCTZ | LMO7_hCTZ | PSAM_uPSEM | PSAM_uPSEM,EYFP_Control_Media,DREADD_CNO,8,12,1338.75,1506.25,167.5,1.0120694059572195,0.611185107711388,-238.5834176504747,573.5834176504748,False
228,7,CONTROL/MEDIA__r1__sNA | CONTROL/MEDIA__r6__sNA | CONTROL/MEDIA__r11__sNA | LMO7/hCTZ__r8__sNA | LMO7/hCTZ__r9__sNA | PSAM/uPSEM__r2__sNA | PSAM/uPSEM__r9__sNA,EYFP_Control_Media | EYFP_Control_Media | EYFP_Control_Media | LMO7_hCTZ | LMO7_hCTZ | PSAM_uPSEM | PSAM_uPSEM,EYFP_Control_Media,LMO7_hCTZ,8,7,1338.75,1293.2142857142858,-45.53571428571422,-0.24264726695572714,0.9893557361667795,-505.99102913585705,414.9196005644286,False
228,7,CONTROL/MEDIA__r1__sNA | CONTROL/MEDIA__r6__sNA | CONTROL/MEDIA__r11__sNA | LMO7/hCTZ__r8__sNA | LMO7/hCTZ__r9__sNA | PSAM/uPSEM__r2__sNA | PSAM/uPSEM__r9__sNA,EYFP_Control_Media | EYFP_Control_Media | EYFP_Control_Media | LMO7_hCTZ | LMO7_hCTZ | PSAM_uPSEM | PSAM_uPSEM,EYFP_Control_Media,PSAM_uPSEM,8,10,1338.75,1022.75,-316.0,-1.837260297451576,0.17598389052420027,-738.0142668891007,106.01426688910067,False
229,7,DREADD/CNO__r2__sNA | CONTROL/MEDIA__r1__sNA | CONTROL/MEDIA__r10__sNA | LMO7/hCTZ__r1__sNA | PSAM/uPSEM__r2__sNA | PSAM/uPSEM__r9__sNA | PSAM/uPSEM__r10__sNA,DREADD_CNO | EYFP_Control_Media | EYFP_Control_Media | LMO7_hCTZ | PSAM_uPSEM | PSAM_uPSEM | PSAM_uPSEM,EYFP_Control_Media,DREADD_CNO,9,11,1208.0555555555557,1482.5,274.44444444444434,1.7772938649469774,0.20003000173711927,-105.66571709764469,654.5546059865334,False
229,7,DREADD/CNO__r2__sNA | CONTROL/MEDIA__r1__sNA | CONTROL/MEDIA__r10__sNA | LMO7/hCTZ__r1__sNA | PSAM/uPSEM__r2__sNA | PSAM/uPSEM__r9__sNA | PSAM/uPSEM__r10__sNA,DREADD_CNO | EYFP_Control_Media | EYFP_Control_Media | LMO7_hCTZ | PSAM_uPSEM | PSAM_uPSEM | PSAM_uPSEM,EYFP_Control_Media,LMO7_hCTZ,9,8,1208.0555555555557,1371.5625,163.50694444444434,0.9794453047640282,0.6420195573781657,-247.42536771073605,574.4392565996247,False
229,7,DREADD/CNO__r2__sNA | CONTROL/MEDIA__r1__sNA | CONTROL/MEDIA__r10__sNA | LMO7/hCTZ__r1__sNA | PSAM/uPSEM__r2__sNA | PSAM/uPSEM__r9__sNA | PSAM/uPSEM__r10__sNA,DREADD_CNO | EYFP_Control_Media | EYFP_Control_Media | LMO7_hCTZ | PSAM_uPSEM | PSAM_uPSEM | PSAM_uPSEM,EYFP_Control_Media,PSAM_uPSEM,9,9,1208.0555555555557,1023.0555555555555,-185.0000000000001,-1.1423000182944198,0.5315937955487571,-583.6629007047288,213.66290070472854,False
230,7,DREADD/CNO__r3__sNA | DREADD/CNO__r4__sNA | DREADD/CNO__r10__sNA | CONTROL/MEDIA__r2__sNA | PSAM/uPSEM__r6__sNA | PSAM/uPSEM__r9__sNA | PSAM/uPSEM__r12__sNA,DREADD_CNO | DREADD_CNO | DREADD_CNO | EYFP_Control_Media | PSAM_uPSEM | PSAM_uPSEM | PSAM_uPSEM,EYFP_Control_Media,DREADD_CNO,10,9,1365.75,1607.7777777777778,242.02777777777783,1.4759316476976305,0.33782064265049727,-162.78857364151816,646.8441291970738,False
230,7,DREADD/CNO__r3__sNA | DREADD/CNO__r4__sNA | DREADD/CNO__r10__sNA | CONTROL/MEDIA__r2__sNA | PSAM/uPSEM__r6__sNA | PSAM/uPSEM__r9__sNA | PSAM/uPSEM__r12__sNA,DREADD_CNO | DREADD_CNO | DREADD_CNO | EYFP_Control_Media | PSAM_uPSEM | PSAM_uPSEM | PSAM_uPSEM,EYFP_Control_Media,LMO7_hCTZ,10,9,1365.75,1357.2222222222222,-8.527777777777828,-0.05200401880445027,0.9999007662100525,-413.3441291970738,396.28857364151816,False
230,7,DREADD/CNO__r3__sNA | DREADD/CNO__r4__sNA | DREADD/CNO__r10__sNA | CONTROL/MEDIA__r2__sNA | PSAM/uPSEM__r6__sNA | PSAM/uPSEM__r9__sNA | PSAM/uPSEM__r12__sNA,DREADD_CNO | DREADD_CNO | DREADD_CNO | EYFP_Control_Media | PSAM_uPSEM | PSAM_uPSEM | PSAM_uPSEM,EYFP_Control_Media,PSAM_uPSEM,10,9,1365.75,1081.388888888889,-284.3611111111111,-1.734088405541219,0.219898019992518,-689.1774625304071,120.4552403081849,False
231,5,DREADD/CNO__r4__sNA | CONTROL/MEDIA__r5__sNA | PSAM/uPSEM__r2__sNA | PSAM/uPSEM__r9__sNA | PSAM/uPSEM__r11__sNA,DREADD_CNO | EYFP_Control_Media | PSAM_uPSEM | PSAM_uPSEM | PSAM_uPSEM,EYFP_Control_Media,DREADD_CNO,10,11,1261.75,1525.909090909091,264.159090909091,1.7030977234988551,0.22920029305109213,-117.11628771395846,645.4344695321404,False
231,5,DREADD/CNO__r4__sNA | CONTROL/MEDIA__r5__sNA | PSAM/uPSEM__r2__sNA | PSAM/uPSEM__r9__sNA | PSAM/uPSEM__r11__sNA,DREADD_CNO | EYFP_Control_Media | PSAM_uPSEM | PSAM_uPSEM | PSAM_uPSEM,EYFP_Control_Media,LMO7_hCTZ,10,9,1261.75,1357.2222222222222,95.47222222222217,0.5853408009768849,0.887910624397732,-305.4692696231756,496.41371406761994,False
231,5,DREADD/CNO__r4__sNA | CONTROL/MEDIA__r5__sNA | PSAM/uPSEM__r2__sNA | PSAM/uPSEM__r9__sNA | PSAM/uPSEM__r11__sNA,DREADD_CNO | EYFP_Control_Media | PSAM_uPSEM | PSAM_uPSEM | PSAM_uPSEM,EYFP_Control_Media,PSAM_uPSEM,10,9,1261.75,1036.9444444444443,-224.80555555555566,-1.3782842892947147,0.3877765704300711,-625.7470474009534,176.1359362898421,False
232,7,DREADD/CNO__r7__sNA | CONTROL/MEDIA__r3__sNA | LMO7/hCTZ__r4__sNA | PSAM/uPSEM__r1__sNA | PSAM/uPSEM__r2__sNA | PSAM/uPSEM__r4__sNA | PSAM/uPSEM__r9__sNA,DREADD_CNO | EYFP_Control_Media | LMO7_hCTZ | PSAM_uPSEM | PSAM_uPSEM | PSAM_uPSEM | PSAM_uPSEM,EYFP_Control_Media,DREADD_CNO,10,11,1338.0,1535.0,197.0,1.2500664243178508,0.4697497233324893,-191.9668779511416,585.9668779511417,False
232,7,DREADD/CNO__r7__sNA | CONTROL/MEDIA__r3__sNA | LMO7/hCTZ__r4__sNA | PSAM/uPSEM__r1__sNA | PSAM/uPSEM__r2__sNA | PSAM/uPSEM__r4__sNA | PSAM/uPSEM__r9__sNA,DREADD_CNO | EYFP_Control_Media | LMO7_hCTZ | PSAM_uPSEM | PSAM_uPSEM | PSAM_uPSEM | PSAM_uPSEM,EYFP_Control_Media,LMO7_hCTZ,10,8,1338.0,1330.3125,-7.6875,-0.0449338921851528,0.9999362091290305,-429.9578374414193,414.5828374414193,False
232,7,DREADD/CNO__r7__sNA | CONTROL/MEDIA__r3__sNA | LMO7/hCTZ__r4__sNA | PSAM/uPSEM__r1__sNA | PSAM/uPSEM__r2__sNA | PSAM/uPSEM__r4__sNA | PSAM/uPSEM__r9__sNA,DREADD_CNO | EYFP_Control_Media | LMO7_hCTZ | PSAM_uPSEM | PSAM_uPSEM | PSAM_uPSEM | PSAM_uPSEM,EYFP_Control_Media,PSAM_uPSEM,10,8,1338.0,1011.25,-326.75,-1.9098730759673075,0.15960315490151988,-749.0203374414193,95.52033744141931,False
233,8,DREADD/CNO__r1__sNA | DREADD/CNO__r3__sNA | DREADD/CNO__r4__sNA | CONTROL/MEDIA__r10__sNA | LMO7/hCTZ__r3__sNA | PSAM/uPSEM__r1__sNA | PSAM/uPSEM__r9__sNA | PSAM/uPSEM__r10__sNA,DREADD_CNO | DREADD_CNO | DREADD_CNO | EYFP_Control_Media | LMO7_hCTZ | PSAM_uPSEM | PSAM_uPSEM | PSAM_uPSEM,EYFP_Control_Media,DREADD_CNO,10,9,1224.0,1548.3333333333333,324.33333333333326,2.10816168244595,0.10890176855237022,-56.03170377685808,704.6983704435246,False
233,8,DREADD/CNO__r1__sNA | DREADD/CNO__r3__sNA | DREADD/CNO__r4__sNA | CONTROL/MEDIA__r10__sNA | LMO7/hCTZ__r3__sNA | PSAM/uPSEM__r1__sNA | PSAM/uPSEM__r9__sNA | PSAM/uPSEM__r10__sNA,DREADD_CNO | DREADD_CNO | DREADD_CNO | EYFP_Control_Media | LMO7_hCTZ | PSAM_uPSEM | PSAM_uPSEM | PSAM_uPSEM,EYFP_Control_Media,LMO7_hCTZ,10,8,1224.0,1447.8125,223.8125,1.4091621025461456,0.3763127538632063,-168.86525857302104,616.490258573021,False
233,8,DREADD/CNO__r1__sNA | DREADD/CNO__r3__sNA | DREADD/CNO__r4__sNA | CONTROL/MEDIA__r10__sNA | LMO7/hCTZ__r3__sNA | PSAM/uPSEM__r1__sNA | PSAM/uPSEM__r9__sNA | PSAM/uPSEM__r10__sNA,DREADD_CNO | DREADD_CNO | DREADD_CNO | EYFP_Control_Media | LMO7_hCTZ | PSAM_uPSEM | PSAM_uPSEM | PSAM_uPSEM,EYFP_Control_Media,PSAM_uPSEM,10,9,1224.0,1106.388888888889,-117.61111111111109,-0.7644704148232402,0.7927344116791405,-497.9761482213024,262.75392599908025,False
234,7,DREADD/CNO__r3__sNA | DREADD/CNO__r10__sNA | CONTROL/MEDIA__r5__sNA | CONTROL/MEDIA__r6__sNA | LMO7/hCTZ__r6__sNA | PSAM/uPSEM__r9__sNA | PSAM/uPSEM__r12__sNA,DREADD_CNO | DREADD_CNO | EYFP_Control_Media | EYFP_Control_Media | LMO7_hCTZ | PSAM_uPSEM | PSAM_uPSEM,EYFP_Control_Media,DREADD_CNO,9,10,1301.111111111111,1576.0,274.8888888888889,1.6207188841779891,0.26254745847298633,-142.58078330140245,692.3585610791803,False
234,7,DREADD/CNO__r3__sNA | DREADD/CNO__r10__sNA | CONTROL/MEDIA__r5__sNA | CONTROL/MEDIA__r6__sNA | LMO7/hCTZ__r6__sNA | PSAM/uPSEM__r9__sNA | PSAM/uPSEM__r12__sNA,DREADD_CNO | DREADD_CNO | EYFP_Control_Media | EYFP_Control_Media | LMO7_hCTZ | PSAM_uPSEM | PSAM_uPSEM,EYFP_Control_Media,LMO7_hCTZ,9,8,1301.111111111111,1366.25,65.13888888888891,0.36315178747057547,0.9680041653137658,-376.35794920980385,506.6357269875817,False
234,7,DREADD/CNO__r3__sNA | DREADD/CNO__r10__sNA | CONTROL/MEDIA__r5__sNA | CONTROL/MEDIA__r6__sNA | LMO7/hCTZ__r6__sNA | PSAM/uPSEM__r9__sNA | PSAM/uPSEM__r12__sNA,DREADD_CNO | DREADD_CNO | EYFP_Control_Media | EYFP_Control_Media | LMO7_hCTZ | PSAM_uPSEM | PSAM_uPSEM,EYFP_Control_Media,PSAM_uPSEM,9,10,1301.111111111111,1063.75,-237.3611111111111,-1.3994586565582976,0.3731934509694814,-654.8307833014024,180.10856107918028,False
235,6,DREADD/CNO__r7__sNA | CONTROL/MEDIA__r9__sNA | LMO7/hCTZ__r6__sNA | PSAM/uPSEM__r2__sNA | PSAM/uPSEM__r6__sNA | PSAM/uPSEM__r9__sNA,DREADD_CNO | EYFP_Control_Media | LMO7_hCTZ | PSAM_uPSEM | PSAM_uPSEM | PSAM_uPSEM,EYFP_Control_Media,DREADD_CNO,10,11,1334.75,1535.0,200.25,1.2778214682232782,0.4500324452900879,-185.97424929503933,586.4742492950393,False
235,6,DREADD/CNO__r7__sNA | CONTROL/MEDIA__r9__sNA | LMO7/hCTZ__r6__sNA | PSAM/uPSEM__r2__sNA | PSAM/uPSEM__r6__sNA | PSAM/uPSEM__r9__sNA,DREADD_CNO | EYFP_Control_Media | LMO7_hCTZ | PSAM_uPSEM | PSAM_uPSEM | PSAM_uPSEM,EYFP_Control_Media,LMO7_hCTZ,10,8,1334.75,1366.25,31.5,0.18515278760809364,0.9955916208274342,-387.79288410608854,450.79288410608854,False
235,6,DREADD/CNO__r7__sNA | CONTROL/MEDIA__r9__sNA | LMO7/hCTZ__r6__sNA | PSAM/uPSEM__r2__sNA | PSAM/uPSEM__r6__sNA | PSAM/uPSEM__r9__sNA,DREADD_CNO | EYFP_Control_Media | LMO7_hCTZ | PSAM_uPSEM | PSAM_uPSEM | PSAM_uPSEM,EYFP_Control_Media,PSAM_uPSEM,10,9,1334.75,1035.8333333333333,-298.91666666666674,-1.8138674406646793,0.18937708889220128,-705.062291014256,107.22895768092246,False
236,8,DREADD/CNO__r3__sNA | DREADD/CNO__r12__sNA | CONTROL/MEDIA__r8__sNA | CONTROL/MEDIA__r10__sNA | LMO7/hCTZ__r8__sNA | LMO7/hCTZ__r9__sNA | PSAM/uPSEM__r2__sNA | PSAM/uPSEM__r8__sNA,DREADD_CNO | DREADD_CNO | EYFP_Control_Media | EYFP_Control_Media | LMO7_hCTZ | LMO7_hCTZ | PSAM_uPSEM | PSAM_uPSEM,EYFP_Control_Media,DREADD_CNO,9,10,1135.2777777777778,1547.25,411.9722222222222,2.626198629325858,0.034690827122353496,24.907551880453923,799.0368925639905,True
236,8,DREADD/CNO__r3__sNA | DREADD/CNO__r12__sNA | CONTROL/MEDIA__r8__sNA | CONTROL/MEDIA__r10__sNA | LMO7/hCTZ__r8__sNA | LMO7/hCTZ__r9__sNA | PSAM/uPSEM__r2__sNA | PSAM/uPSEM__r8__sNA,DREADD_CNO | DREADD_CNO | EYFP_Control_Media | EYFP_Control_Media | LMO7_hCTZ | LMO7_hCTZ | PSAM_uPSEM | PSAM_uPSEM,EYFP_Control_Media,LMO7_hCTZ,9,7,1135.2777777777778,1293.2142857142858,157.93650793650795,0.9179266876383221,0.6864749618847419,-266.6026003542464,582.4756162272623,False
236,8,DREADD/CNO__r3__sNA | DREADD/CNO__r12__sNA | CONTROL/MEDIA__r8__sNA | CONTROL/MEDIA__r10__sNA | LMO7/hCTZ__r8__sNA | LMO7/hCTZ__r9__sNA | PSAM/uPSEM__r2__sNA | PSAM/uPSEM__r8__sNA,DREADD_CNO | DREADD_CNO | EYFP_Control_Media | EYFP_Control_Media | LMO7_hCTZ | LMO7_hCTZ | PSAM_uPSEM | PSAM_uPSEM,EYFP_Control_Media,PSAM_uPSEM,9,10,1135.2777777777778,1125.5,-9.777777777777828,-0.062330383488821174,0.9998233853109648,-396.8424481195461,377.2868925639904,False
237,6,DREADD/CNO__r3__sNA | DREADD/CNO__r7__sNA | LMO7/hCTZ__r8__sNA | PSAM/uPSEM__r9__sNA | PSAM/uPSEM__r10__sNA | PSAM/uPSEM__r12__sNA,DREADD_CNO | DREADD_CNO | LMO7_hCTZ | PSAM_uPSEM | PSAM_uPSEM | PSAM_uPSEM,EYFP_Control_Media,DREADD_CNO,11,10,1299.7727272727273,1594.25,294.47727272727275,1.8269333011941529,0.18774600933454821,-103.32393773388435,692.2784831884298,False
237,6,DREADD/CNO__r3__sNA | DREADD/CNO__r7__sNA | LMO7/hCTZ__r8__sNA | PSAM/uPSEM__r9__sNA | PSAM/uPSEM__r10__sNA | PSAM/uPSEM__r12__sNA,DREADD_CNO | DREADD_CNO | LMO7_hCTZ | PSAM_uPSEM | PSAM_uPSEM | PSAM_uPSEM,EYFP_Control_Media,LMO7_hCTZ,11,8,1299.7727272727273,1328.125,28.352272727272748,0.16540042763520094,0.9969690932425218,-394.69437686203975,451.39892231658524,False
237,6,DREADD/CNO__r3__sNA | DREADD/CNO__r7__sNA | LMO7/hCTZ__r8__sNA | PSAM/uPSEM__r9__sNA | PSAM/uPSEM__r10__sNA | PSAM/uPSEM__r12__sNA,DREADD_CNO | DREADD_CNO | LMO7_hCTZ | PSAM_uPSEM | PSAM_uPSEM | PSAM_uPSEM,EYFP_Control_Media,PSAM_uPSEM,11,9,1299.7727272727273,1068.611111111111,-231.16161616161617,-1.394127635752518,0.3866171698990577,-640.3753454491608,178.05211312592849,False
238,8,DREADD/CNO__r3__sNA | DREADD/CNO__r7__sNA | CONTROL/MEDIA__r3__sNA | CONTROL/MEDIA__r8__sNA | PSAM/uPSEM__r4__sNA | PSAM/uPSEM__r5__sNA | PSAM/uPSEM__r9__sNA | PSAM/uPSEM__r12__sNA,DREADD_CNO | DREADD_CNO | EYFP_Control_Media | EYFP_Control_Media | PSAM_uPSEM | PSAM_uPSEM | PSAM_uPSEM | PSAM_uPSEM,EYFP_Control_Media,DREADD_CNO,9,10,1261.9444444444443,1594.25,332.30555555555566,2.048995163347363,0.12048569824181588,-67.79025282896737,732.4013639400787,False
238,8,DREADD/CNO__r3__sNA | DREADD/CNO__r7__sNA | CONTROL/MEDIA__r3__sNA | CONTROL/MEDIA__r8__sNA | PSAM/uPSEM__r4__sNA | PSAM/uPSEM__r5__sNA | PSAM/uPSEM__r9__sNA | PSAM/uPSEM__r12__sNA,DREADD_CNO | DREADD_CNO | EYFP_Control_Media | EYFP_Control_Media | PSAM_uPSEM | PSAM_uPSEM | PSAM_uPSEM | PSAM_uPSEM,EYFP_Control_Media,LMO7_hCTZ,9,9,1261.9444444444443,1357.2222222222222,95.27777777777783,0.5726071322774109,0.8929156883906436,-315.2118603847527,505.76741594030835,False
238,8,DREADD/CNO__r3__sNA | DREADD/CNO__r7__sNA | CONTROL/MEDIA__r3__sNA | CONTROL/MEDIA__r8__sNA | PSAM/uPSEM__r4__sNA | PSAM/uPSEM__r5__sNA | PSAM/uPSEM__r9__sNA | PSAM/uPSEM__r12__sNA,DREADD_CNO | DREADD_CNO | EYFP_Control_Media | EYFP_Control_Media | PSAM_uPSEM | PSAM_uPSEM | PSAM_uPSEM | PSAM_uPSEM,EYFP_Control_Media,PSAM_uPSEM,9,8,1261.9444444444443,1087.1875,-174.75694444444434,-1.018908316886029,0.6169647819402313,-597.8799785358663,248.3660896469775,False
239,5,DREADD/CNO__r9__sNA | LMO7/hCTZ__r2__sNA | LMO7/hCTZ__r4__sNA | PSAM/uPSEM__r2__sNA | PSAM/uPSEM__r9__sNA,DREADD_CNO | LMO7_hCTZ | LMO7_hCTZ | PSAM_uPSEM | PSAM_uPSEM,EYFP_Control_Media,DREADD_CNO,11,11,1299.7727272727273,1509.7727272727273,210.0,1.3703562639290185,0.39903665066009775,-167.91953349790236,587.9195334979024,False
239,5,DREADD/CNO__r9__sNA | LMO7/hCTZ__r2__sNA | LMO7/hCTZ__r4__sNA | PSAM/uPSEM__r2__sNA | PSAM/uPSEM__r9__sNA,DREADD_CNO | LMO7_hCTZ | LMO7_hCTZ | PSAM_uPSEM | PSAM_uPSEM,EYFP_Control_Media,LMO7_hCTZ,11,7,1299.7727272727273,1296.4285714285713,-3.344155844155921,-0.019245467627155916,0.9999950932408521,-431.8646277994389,425.17631611112705,False
239,5,DREADD/CNO__r9__sNA | LMO7/hCTZ__r2__sNA | LMO7/hCTZ__r4__sNA | PSAM/uPSEM__r2__sNA | PSAM/uPSEM__r9__sNA,DREADD_CNO | LMO7_hCTZ | LMO7_hCTZ | PSAM_uPSEM | PSAM_uPSEM,EYFP_Control_Media,PSAM_uPSEM,11,10,1299.7727272727273,1022.75,-277.02272727272725,-1.7641477112808648,0.20950131819849804,-664.2750125974696,110.2295580520152,False
240,5,DREADD/CNO__r7__sNA | DREADD/CNO__r12__sNA | CONTROL/MEDIA__r8__sNA | CONTROL/MEDIA__r10__sNA | PSAM/uPSEM__r2__sNA,DREADD_CNO | DREADD_CNO | EYFP_Control_Media | EYFP_Control_Media | PSAM_uPSEM,EYFP_Control_Media,DREADD_CNO,9,10,1135.2777777777778,1522.5,387.2222222222222,2.4611541430235917,0.04864568629109589,1.659078573623276,772.7853658708211,True
240,5,DREADD/CNO__r7__sNA | DREADD/CNO__r12__sNA | CONTROL/MEDIA__r8__sNA | CONTROL/MEDIA__r10__sNA | PSAM/uPSEM__r2__sNA,DREADD_CNO | DREADD_CNO | EYFP_Control_Media | EYFP_Control_Media | PSAM_uPSEM,EYFP_Control_Media,LMO7_hCTZ,9,9,1135.2777777777778,1357.2222222222222,221.94444444444434,1.374942773533534,0.38270359105488494,-173.63499430091667,617.5238831898054,False
240,5,DREADD/CNO__r7__sNA | DREADD/CNO__r12__sNA | CONTROL/MEDIA__r8__sNA | CONTROL/MEDIA__r10__sNA | PSAM/uPSEM__r2__sNA,DREADD_CNO | DREADD_CNO | EYFP_Control_Media | EYFP_Control_Media | PSAM_uPSEM,EYFP_Control_Media,PSAM_uPSEM,9,11,1135.2777777777778,1114.7727272727273,-20.505050505050576,-0.1332286202124227,0.998221523253313,-397.67524642352066,356.6651454134195,False
241,4,DREADD/CNO__r3__sNA | DREADD/CNO__r7__sNA | CONTROL/MEDIA__r9__sNA | PSAM/uPSEM__r9__sNA,DREADD_CNO | DREADD_CNO | EYFP_Control_Media | PSAM_uPSEM,EYFP_Control_Media,DREADD_CNO,10,10,1334.75,1594.25,259.5,1.6003773317487688,0.27155984677035316,-138.3199372107905,657.3199372107905,False
241,4,DREADD/CNO__r3__sNA | DREADD/CNO__r7__sNA | CONTROL/MEDIA__r9__sNA | PSAM/uPSEM__r9__sNA,DREADD_CNO | DREADD_CNO | EYFP_Control_Media | PSAM_uPSEM,EYFP_Control_Media,LMO7_hCTZ,10,9,1334.75,1357.2222222222222,22.47222222222217,0.1348933381164481,0.9982290614794177,-386.2489097115172,431.1933541559615,False
241,4,DREADD/CNO__r3__sNA | DREADD/CNO__r7__sNA | CONTROL/MEDIA__r9__sNA | PSAM/uPSEM__r9__sNA,DREADD_CNO | DREADD_CNO | EYFP_Control_Media | PSAM_uPSEM,EYFP_Control_Media,PSAM_uPSEM,10,11,1334.75,1103.8636363636363,-230.88636363636374,-1.4574209428651523,0.34208469192631874,-619.559792300533,157.7870650278055,False
242,7,DREADD/CNO__r5__sNA | CONTROL/MEDIA__r5__sNA | CONTROL/MEDIA__r10__sNA | LMO7/hCTZ__r2__sNA | LMO7/hCTZ__r9__sNA | PSAM/uPSEM__r2__sNA | PSAM/uPSEM__r12__sNA,DREADD_CNO | EYFP_Control_Media | EYFP_Control_Media | LMO7_hCTZ | LMO7_hCTZ | PSAM_uPSEM | PSAM_uPSEM,EYFP_Control_Media,DREADD_CNO,9,11,1173.3333333333333,1538.8636363636363,365.530303030303,2.2573254155159335,0.0779110385960824,-33.15204732850748,764.2126533891135,False
242,7,DREADD/CNO__r5__sNA | CONTROL/MEDIA__r5__sNA | CONTROL/MEDIA__r10__sNA | LMO7/hCTZ__r2__sNA | LMO7/hCTZ__r9__sNA | PSAM/uPSEM__r2__sNA | PSAM/uPSEM__r12__sNA,DREADD_CNO | EYFP_Control_Media | EYFP_Control_Media | LMO7_hCTZ | LMO7_hCTZ | PSAM_uPSEM | PSAM_uPSEM,EYFP_Control_Media,LMO7_hCTZ,9,7,1173.3333333333333,1296.4285714285713,123.09523809523807,0.6779844318508744,0.8371121927045586,-323.91691020422417,570.1073863947004,False
242,7,DREADD/CNO__r5__sNA | CONTROL/MEDIA__r5__sNA | CONTROL/MEDIA__r10__sNA | LMO7/hCTZ__r2__sNA | LMO7/hCTZ__r9__sNA | PSAM/uPSEM__r2__sNA | PSAM/uPSEM__r12__sNA,DREADD_CNO | EYFP_Control_Media | EYFP_Control_Media | LMO7_hCTZ | LMO7_hCTZ | PSAM_uPSEM | PSAM_uPSEM,EYFP_Control_Media,PSAM_uPSEM,9,10,1173.3333333333333,1075.75,-97.58333333333326,-0.5895060800896247,0.8840668627156884,-505.1373288107037,309.9706621440372,False
243,8,DREADD/CNO__r3__sNA | CONTROL/MEDIA__r9__sNA | CONTROL/MEDIA__r10__sNA | LMO7/hCTZ__r3__sNA | LMO7/hCTZ__r4__sNA | LMO7/hCTZ__r9__sNA | PSAM/uPSEM__r4__sNA | PSAM/uPSEM__r9__sNA,DREADD_CNO | EYFP_Control_Media | EYFP_Control_Media | LMO7_hCTZ | LMO7_hCTZ | LMO7_hCTZ | PSAM_uPSEM | PSAM_uPSEM,EYFP_Control_Media,DREADD_CNO,9,11,1254.4444444444443,1557.5,303.05555555555566,1.9965727617198308,0.134136023090344,-71.66214595417989,677.7732570652912,False
243,8,DREADD/CNO__r3__sNA | CONTROL/MEDIA__r9__sNA | CONTROL/MEDIA__r10__sNA | LMO7/hCTZ__r3__sNA | LMO7/hCTZ__r4__sNA | LMO7/hCTZ__r9__sNA | PSAM/uPSEM__r4__sNA | PSAM/uPSEM__r9__sNA,DREADD_CNO | EYFP_Control_Media | EYFP_Control_Media | LMO7_hCTZ | LMO7_hCTZ | LMO7_hCTZ | PSAM_uPSEM | PSAM_uPSEM,EYFP_Control_Media,LMO7_hCTZ,9,6,1254.4444444444443,1406.25,151.80555555555566,0.8529021487788466,0.7311099902094456,-287.5898976059632,591.2010087170745,False
243,8,DREADD/CNO__r3__sNA | CONTROL/MEDIA__r9__sNA | CONTROL/MEDIA__r10__sNA | LMO7/hCTZ__r3__sNA | LMO7/hCTZ__r4__sNA | LMO7/hCTZ__r9__sNA | PSAM/uPSEM__r4__sNA | PSAM/uPSEM__r9__sNA,DREADD_CNO | EYFP_Control_Media | EYFP_Control_Media | LMO7_hCTZ | LMO7_hCTZ | LMO7_hCTZ | PSAM_uPSEM | PSAM_uPSEM,EYFP_Control_Media,PSAM_uPSEM,9,10,1254.4444444444443,1117.0,-137.44444444444434,-0.8857923741496174,0.7091910129543373,-520.5005197609083,245.61163087201965,False
244,6,DREADD/CNO__r3__sNA | CONTROL/MEDIA__r1__sNA | CONTROL/MEDIA__r5__sNA | PSAM/uPSEM__r1__sNA | PSAM/uPSEM__r9__sNA | PSAM/uPSEM__r12__sNA,DREADD_CNO | EYFP_Control_Media | EYFP_Control_Media | PSAM_uPSEM | PSAM_uPSEM | PSAM_uPSEM,EYFP_Control_Media,DREADD_CNO,9,11,1250.0,1557.5,307.5,1.8487769338191273,0.17407670351909432,-100.93655879622986,715.9365587962299,False
244,6,DREADD/CNO__r3__sNA | CONTROL/MEDIA__r1__sNA | CONTROL/MEDIA__r5__sNA | PSAM/uPSEM__r1__sNA | PSAM/uPSEM__r9__sNA | PSAM/uPSEM__r12__sNA,DREADD_CNO | EYFP_Control_Media | EYFP_Control_Media | PSAM_uPSEM | PSAM_uPSEM | PSAM_uPSEM,EYFP_Control_Media,LMO7_hCTZ,9,9,1250.0,1357.2222222222222,107.22222222222217,0.6146499565592507,0.8697158028808074,-321.14965455943207,535.5940990038764,False
244,6,DREADD/CNO__r3__sNA | CONTROL/MEDIA__r1__sNA | CONTROL/MEDIA__r5__sNA | PSAM/uPSEM__r1__sNA | PSAM/uPSEM__r9__sNA | PSAM/uPSEM__r12__sNA,DREADD_CNO | EYFP_Control_Media | EYFP_Control_Media | PSAM_uPSEM | PSAM_uPSEM | PSAM_uPSEM,EYFP_Control_Media,PSAM_uPSEM,9,9,1250.0,1052.5,-197.5,-1.1321661116933355,0.535695013676242,-625.8718767816542,230.87187678165424,False
245,7,DREADD/CNO__r4__sNA | DREADD/CNO__r10__sNA | CONTROL/MEDIA__r8__sNA | CONTROL/MEDIA__r9__sNA | LMO7/hCTZ__r3__sNA | LMO7/hCTZ__r7__sNA | PSAM/uPSEM__r9__sNA,DREADD_CNO | DREADD_CNO | EYFP_Control_Media | EYFP_Control_Media | LMO7_hCTZ | LMO7_hCTZ | PSAM_uPSEM,EYFP_Control_Media,DREADD_CNO,9,10,1258.3333333333333,1541.25,282.91666666666674,1.7639157922202446,0.20519172199383284,-111.97268666367933,677.8060199970128,False
245,7,DREADD/CNO__r4__sNA | DREADD/CNO__r10__sNA | CONTROL/MEDIA__r8__sNA | CONTROL/MEDIA__r9__sNA | LMO7/hCTZ__r3__sNA | LMO7/hCTZ__r7__sNA | PSAM/uPSEM__r9__sNA,DREADD_CNO | DREADD_CNO | EYFP_Control_Media | EYFP_Control_Media | LMO7_hCTZ | LMO7_hCTZ | PSAM_uPSEM,EYFP_Control_Media,LMO7_hCTZ,9,7,1258.3333333333333,1463.2142857142858,204.88095238095252,1.1646266647994956,0.517520264612028,-228.24040118601243,638.0023059479174,False
245,7,DREADD/CNO__r4__sNA | DREADD/CNO__r10__sNA | CONTROL/MEDIA__r8__sNA | CONTROL/MEDIA__r9__sNA | LMO7/hCTZ__r3__sNA | LMO7/hCTZ__r7__sNA | PSAM/uPSEM__r9__sNA,DREADD_CNO | DREADD_CNO | EYFP_Control_Media | EYFP_Control_Media | LMO7_hCTZ | LMO7_hCTZ | PSAM_uPSEM,EYFP_Control_Media,PSAM_uPSEM,9,11,1258.3333333333333,1103.8636363636363,-154.469696969697,-0.984511414356454,0.6390927350685056,-540.7630894145633,231.8236954751693,False
246,8,DREADD/CNO__r3__sNA | CONTROL/MEDIA__r5__sNA | CONTROL/MEDIA__r8__sNA | CONTROL/MEDIA__r10__sNA | LMO7/hCTZ__r9__sNA | PSAM/uPSEM__r1__sNA | PSAM/uPSEM__r5__sNA | PSAM/uPSEM__r8__sNA,DREADD_CNO | EYFP_Control_Media | EYFP_Control_Media | EYFP_Control_Media | LMO7_hCTZ | PSAM_uPSEM | PSAM_uPSEM | PSAM_uPSEM,EYFP_Control_Media,DREADD_CNO,8,11,1067.1875,1557.5,490.3125,2.988280010360639,0.01427390813717,87.2110626116231,893.4139373883769,True
246,8,DREADD/CNO__r3__sNA | CONTROL/MEDIA__r5__sNA | CONTROL/MEDIA__r8__sNA | CONTROL/MEDIA__r10__sNA | LMO7/hCTZ__r9__sNA | PSAM/uPSEM__r1__sNA | PSAM/uPSEM__r5__sNA | PSAM/uPSEM__r8__sNA,DREADD_CNO | EYFP_Control_Media | EYFP_Control_Media | EYFP_Control_Media | LMO7_hCTZ | PSAM_uPSEM | PSAM_uPSEM | PSAM_uPSEM,EYFP_Control_Media,LMO7_hCTZ,8,8,1067.1875,1330.3125,263.125,1.4903075363977059,0.3200884053514528,-170.63438722683946,696.8843872268394,False
246,8,DREADD/CNO__r3__sNA | CONTROL/MEDIA__r5__sNA | CONTROL/MEDIA__r8__sNA | CONTROL/MEDIA__r10__sNA | LMO7/hCTZ__r9__sNA | PSAM/uPSEM__r1__sNA | PSAM/uPSEM__r5__sNA | PSAM/uPSEM__r8__sNA,DREADD_CNO | EYFP_Control_Media | EYFP_Control_Media | EYFP_Control_Media | LMO7_hCTZ | PSAM_uPSEM | PSAM_uPSEM | PSAM_uPSEM,EYFP_Control_Media,PSAM_uPSEM,8,9,1067.1875,1226.388888888889,159.2013888888889,0.9278385839434377,0.6702309425349761,-262.33696458732373,580.7397423651016,False
247,6,CONTROL/MEDIA__r1__sNA | LMO7/hCTZ__r7__sNA | LMO7/hCTZ__r8__sNA | LMO7/hCTZ__r9__sNA | PSAM/uPSEM__r2__sNA | PSAM/uPSEM__r9__sNA,EYFP_Control_Media | LMO7_hCTZ | LMO7_hCTZ | LMO7_hCTZ | PSAM_uPSEM | PSAM_uPSEM,EYFP_Control_Media,DREADD_CNO,10,12,1293.0,1506.25,213.25,1.3687008995789922,0.3971322408462209,-170.89323368433242,597.3932336843325,False
247,6,CONTROL/MEDIA__r1__sNA | LMO7/hCTZ__r7__sNA | LMO7/hCTZ__r8__sNA | LMO7/hCTZ__r9__sNA | PSAM/uPSEM__r2__sNA | PSAM/uPSEM__r9__sNA,EYFP_Control_Media | LMO7_hCTZ | LMO7_hCTZ | LMO7_hCTZ | PSAM_uPSEM | PSAM_uPSEM,EYFP_Control_Media,LMO7_hCTZ,10,6,1293.0,1285.4166666666667,-7.5833333333332575,-0.04035673382233386,0.999953628671639,-470.8775049277857,455.7108382611192,False
247,6,CONTROL/MEDIA__r1__sNA | LMO7/hCTZ__r7__sNA | LMO7/hCTZ__r8__sNA | LMO7/hCTZ__r9__sNA | PSAM/uPSEM__r2__sNA | PSAM/uPSEM__r9__sNA,EYFP_Control_Media | LMO7_hCTZ | LMO7_hCTZ | LMO7_hCTZ | PSAM_uPSEM | PSAM_uPSEM,EYFP_Control_Media,PSAM_uPSEM,10,10,1293.0,1022.75,-270.25,-1.6606990416230634,0.24960375705808635,-671.4745220260627,130.97452202606274,False
248,7,DREADD/CNO__r9__sNA | CONTROL/MEDIA__r3__sNA | CONTROL/MEDIA__r5__sNA | LMO7/hCTZ__r7__sNA | LMO7/hCTZ__r9__sNA | PSAM/uPSEM__r2__sNA | PSAM/uPSEM__r9__sNA,DREADD_CNO | EYFP_Control_Media | EYFP_Control_Media | LMO7_hCTZ | LMO7_hCTZ | PSAM_uPSEM | PSAM_uPSEM,EYFP_Control_Media,DREADD_CNO,9,11,1300.0,1509.7727272727273,209.77272727272725,1.2938089145616125,0.4355573891345882,-189.41453987662032,608.9599944220748,False
248,7,DREADD/CNO__r9__sNA | CONTROL/MEDIA__r3__sNA | CONTROL/MEDIA__r5__sNA | LMO7/hCTZ__r7__sNA | LMO7/hCTZ__r9__sNA | PSAM/uPSEM__r2__sNA | PSAM/uPSEM__r9__sNA,DREADD_CNO | EYFP_Control_Media | EYFP_Control_Media | LMO7_hCTZ | LMO7_hCTZ | PSAM_uPSEM | PSAM_uPSEM,EYFP_Control_Media,LMO7_hCTZ,9,7,1300.0,1328.9285714285713,28.92857142857133,0.15913136427163815,0.9970807048291297,-418.6497016041462,476.50684446128884,False
248,7,DREADD/CNO__r9__sNA | CONTROL/MEDIA__r3__sNA | CONTROL/MEDIA__r5__sNA | LMO7/hCTZ__r7__sNA | LMO7/hCTZ__r9__sNA | PSAM/uPSEM__r2__sNA | PSAM/uPSEM__r9__sNA,DREADD_CNO | EYFP_Control_Media | EYFP_Control_Media | LMO7_hCTZ | LMO7_hCTZ | PSAM_uPSEM | PSAM_uPSEM,EYFP_Control_Media,PSAM_uPSEM,9,10,1300.0,1022.75,-277.25,-1.6727634256838664,0.24084917737722222,-685.3201478858775,130.8201478858776,False
249,4,CONTROL/MEDIA__r4__sNA | CONTROL/MEDIA__r8__sNA | LMO7/hCTZ__r3__sNA | PSAM/uPSEM__r9__sNA,EYFP_Control_Media | EYFP_Control_Media | LMO7_hCTZ | PSAM_uPSEM,EYFP_Control_Media,DREADD_CNO,9,12,1253.3333333333333,1506.25,252.91666666666674,1.6919594112187832,0.2281370252461089,-112.59259152978944,618.4259248631229,False
249,4,CONTROL/MEDIA__r4__sNA | CONTROL/MEDIA__r8__sNA | LMO7/hCTZ__r3__sNA | PSAM/uPSEM__r9__sNA,EYFP_Control_Media | EYFP_Control_Media | LMO7_hCTZ | PSAM_uPSEM,EYFP_Control_Media,LMO7_hCTZ,9,8,1253.3333333333333,1447.8125,194.47916666666674,1.1806607700828655,0.5000079453957593,-208.29241899807835,597.2507523314118,False
249,4,CONTROL/MEDIA__r4__sNA | CONTROL/MEDIA__r8__sNA | LMO7/hCTZ__r3__sNA | PSAM/uPSEM__r9__sNA,EYFP_Control_Media | EYFP_Control_Media | LMO7_hCTZ | PSAM_uPSEM,EYFP_Control_Media,PSAM_uPSEM,9,11,1253.3333333333333,1103.8636363636363,-149.469696969697,-0.9809932389578444,0.6346543782951364,-522.0312307382446,223.09183679885064,False
250,5,DREADD/CNO__r4__sNA | DREADD/CNO__r9__sNA | PSAM/uPSEM__r2__sNA | PSAM/uPSEM__r9__sNA | PSAM/uPSEM__r10__sNA,DREADD_CNO | DREADD_CNO | PSAM_uPSEM | PSAM_uPSEM | PSAM_uPSEM,EYFP_Control_Media,DREADD_CNO,11,10,1299.7727272727273,1531.75,231.97727272727275,1.4670529512711772,0.34418041238170827,-157.5415103467634,621.4960558013089,False
250,5,DREADD/CNO__r4__sNA | DREADD/CNO__r9__sNA | PSAM/uPSEM__r2__sNA | PSAM/uPSEM__r9__sNA | PSAM/uPSEM__r10__sNA,DREADD_CNO | DREADD_CNO | PSAM_uPSEM | PSAM_uPSEM | PSAM_uPSEM,EYFP_Control_Media,LMO7_hCTZ,11,9,1299.7727272727273,1357.2222222222222,57.44949494949492,0.3531851788356215,0.9722224905334973,-343.2441923937128,458.14318229270265,False
250,5,DREADD/CNO__r4__sNA | DREADD/CNO__r9__sNA | PSAM/uPSEM__r2__sNA | PSAM/uPSEM__r9__sNA | PSAM/uPSEM__r10__sNA,DREADD_CNO | DREADD_CNO | PSAM_uPSEM | PSAM_uPSEM | PSAM_uPSEM,EYFP_Control_Media,PSAM_uPSEM,11,9,1299.7727272727273,1023.0555555555555,-276.7171717171717,-1.7011882152442825,0.23374929115294518,-677.4108590603794,123.97651562603602,False
251,7,DREADD/CNO__r5__sNA | DREADD/CNO__r9__sNA | CONTROL/MEDIA__r3__sNA | LMO7/hCTZ__r8__sNA | PSAM/uPSEM__r2__sNA | PSAM/uPSEM__r6__sNA | PSAM/uPSEM__r9__sNA,DREADD_CNO | DREADD_CNO | EYFP_Control_Media | LMO7_hCTZ | PSAM_uPSEM | PSAM_uPSEM | PSAM_uPSEM,EYFP_Control_Media,DREADD_CNO,10,10,1338.0,1546.0,208.0,1.29516109643118,0.4412412696627869,-188.47650419712994,604.47650419713,False
251,7,DREADD/CNO__r5__sNA | DREADD/CNO__r9__sNA | CONTROL/MEDIA__r3__sNA | LMO7/hCTZ__r8__sNA | PSAM/uPSEM__r2__sNA | PSAM/uPSEM__r6__sNA | PSAM/uPSEM__r9__sNA,DREADD_CNO | DREADD_CNO | EYFP_Control_Media | LMO7_hCTZ | PSAM_uPSEM | PSAM_uPSEM | PSAM_uPSEM,EYFP_Control_Media,LMO7_hCTZ,10,8,1338.0,1328.125,-9.875,-0.05797240250578831,0.9998627891250187,-430.40183704839086,410.65183704839086,False
251,7,DREADD/CNO__r5__sNA | DREADD/CNO__r9__sNA | CONTROL/MEDIA__r3__sNA | LMO7/hCTZ__r8__sNA | PSAM/uPSEM__r2__sNA | PSAM/uPSEM__r6__sNA | PSAM/uPSEM__r9__sNA,DREADD_CNO | DREADD_CNO | EYFP_Control_Media | LMO7_hCTZ | PSAM_uPSEM | PSAM_uPSEM | PSAM_uPSEM,EYFP_Control_Media,PSAM_uPSEM,10,9,1338.0,1035.8333333333333,-302.16666666666674,-1.8313293747064865,0.18463266520611576,-709.5075523868294,105.1742190534959,False
252,7,DREADD/CNO__r12__sNA | CONTROL/MEDIA__r7__sNA | LMO7/hCTZ__r4__sNA | PSAM/uPSEM__r2__sNA | PSAM/uPSEM__r6__sNA | PSAM/uPSEM__r9__sNA | PSAM/uPSEM__r12__sNA,DREADD_CNO | EYFP_Control_Media | LMO7_hCTZ | PSAM_uPSEM | PSAM_uPSEM | PSAM_uPSEM | PSAM_uPSEM,EYFP_Control_Media,DREADD_CNO,10,11,1285.0,1492.2727272727273,207.27272727272725,1.3181973240157192,0.4276500663435058,-180.82510912494712,595.3705636704017,False
252,7,DREADD/CNO__r12__sNA | CONTROL/MEDIA__r7__sNA | LMO7/hCTZ__r4__sNA | PSAM/uPSEM__r2__sNA | PSAM/uPSEM__r6__sNA | PSAM/uPSEM__r9__sNA | PSAM/uPSEM__r12__sNA,DREADD_CNO | EYFP_Control_Media | LMO7_hCTZ | PSAM_uPSEM | PSAM_uPSEM | PSAM_uPSEM | PSAM_uPSEM,EYFP_Control_Media,LMO7_hCTZ,10,8,1285.0,1330.3125,45.3125,0.26544731296331875,0.9875244075621078,-376.01438829231375,466.63938829231375,False
252,7,DREADD/CNO__r12__sNA | CONTROL/MEDIA__r7__sNA | LMO7/hCTZ__r4__sNA | PSAM/uPSEM__r2__sNA | PSAM/uPSEM__r6__sNA | PSAM/uPSEM__r9__sNA | PSAM/uPSEM__r12__sNA,DREADD_CNO | EYFP_Control_Media | LMO7_hCTZ | PSAM_uPSEM | PSAM_uPSEM | PSAM_uPSEM | PSAM_uPSEM,EYFP_Control_Media,PSAM_uPSEM,10,8,1285.0,977.1875,-307.8125,-1.8032110570266824,0.194593117663743,-729.1393882923137,113.51438829231375,False
253,8,DREADD/CNO__r2__sNA | DREADD/CNO__r9__sNA | CONTROL/MEDIA__r10__sNA | PSAM/uPSEM__r2__sNA | PSAM/uPSEM__r4__sNA | PSAM/uPSEM__r7__sNA | PSAM/uPSEM__r9__sNA | PSAM/uPSEM__r12__sNA,DREADD_CNO | DREADD_CNO | EYFP_Control_Media | PSAM_uPSEM | PSAM_uPSEM | PSAM_uPSEM | PSAM_uPSEM | PSAM_uPSEM,EYFP_Control_Media,DREADD_CNO,10,10,1224.0,1484.0,260.0,1.72004664816397,0.22729701634637978,-114.17327472207108,634.173274722071,False
253,8,DREADD/CNO__r2__sNA | DREADD/CNO__r9__sNA | CONTROL/MEDIA__r10__sNA | PSAM/uPSEM__r2__sNA | PSAM/uPSEM__r4__sNA | PSAM/uPSEM__r7__sNA | PSAM/uPSEM__r9__sNA | PSAM/uPSEM__r12__sNA,DREADD_CNO | DREADD_CNO | EYFP_Control_Media | PSAM_uPSEM | PSAM_uPSEM | PSAM_uPSEM | PSAM_uPSEM | PSAM_uPSEM,EYFP_Control_Media,LMO7_hCTZ,10,9,1224.0,1357.2222222222222,133.22222222222217,0.8578335015383594,0.7338589023971209,-251.20427348335994,517.6487179278042,False
253,8,DREADD/CNO__r2__sNA | DREADD/CNO__r9__sNA | CONTROL/MEDIA__r10__sNA | PSAM/uPSEM__r2__sNA | PSAM/uPSEM__r4__sNA | PSAM/uPSEM__r7__sNA | PSAM/uPSEM__r9__sNA | PSAM/uPSEM__r12__sNA,DREADD_CNO | DREADD_CNO | EYFP_Control_Media | PSAM_uPSEM | PSAM_uPSEM | PSAM_uPSEM | PSAM_uPSEM | PSAM_uPSEM,EYFP_Control_Media,PSAM_uPSEM,10,7,1224.0,986.7857142857143,-237.21428571428567,-1.424122258522844,0.36837180423410565,-649.5331525928265,175.10458116425514,False
254,3,DREADD/CNO__r3__sNA | LMO7/hCTZ__r3__sNA | PSAM/uPSEM__r2__sNA,DREADD_CNO | LMO7_hCTZ | PSAM_uPSEM,EYFP_Control_Media,DREADD_CNO,11,11,1299.7727272727273,1557.5,257.72727272727275,1.7081564165359433,0.22833229999887994,-112.53682076262862,627.9913662171741,False
254,3,DREADD/CNO__r3__sNA | LMO7/hCTZ__r3__sNA | PSAM/uPSEM__r2__sNA,DREADD_CNO | LMO7_hCTZ | PSAM_uPSEM,EYFP_Control_Media,LMO7_hCTZ,11,8,1299.7727272727273,1447.8125,148.03977272727275,0.9003862603333734,0.7028613758655275,-255.4461687587713,551.5257142133169,False
254,3,DREADD/CNO__r3__sNA | LMO7/hCTZ__r3__sNA | PSAM/uPSEM__r2__sNA,DREADD_CNO | LMO7_hCTZ | PSAM_uPSEM,EYFP_Control_Media,PSAM_uPSEM,11,11,1299.7727272727273,1114.7727272727273,-185.0,-1.2261369691889399,0.483348976755523,-555.2640934899014,185.26409348990137,False
255,6,DREADD/CNO__r3__sNA | CONTROL/MEDIA__r1__sNA | CONTROL/MEDIA__r8__sNA | LMO7/hCTZ__r4__sNA | LMO7/hCTZ__r5__sNA | PSAM/uPSEM__r9__sNA,DREADD_CNO | EYFP_Control_Media | EYFP_Control_Media | LMO7_hCTZ | LMO7_hCTZ | PSAM_uPSEM,EYFP_Control_Media,DREADD_CNO,9,11,1211.9444444444443,1557.5,345.55555555555566,2.147031836984039,0.0972302144717685,-49.83268432486369,740.9437954359751,False
255,6,DREADD/CNO__r3__sNA | CONTROL/MEDIA__r1__sNA | CONTROL/MEDIA__r8__sNA | LMO7/hCTZ__r4__sNA | LMO7/hCTZ__r5__sNA | PSAM/uPSEM__r9__sNA,DREADD_CNO | EYFP_Control_Media | EYFP_Control_Media | LMO7_hCTZ | LMO7_hCTZ | PSAM_uPSEM,EYFP_Control_Media,LMO7_hCTZ,9,7,1211.9444444444443,1318.5714285714287,106.62698412698433,0.5908747265978748,0.8823934097523942,-336.69172903456393,549.9456972885325,False
255,6,DREADD/CNO__r3__sNA | CONTROL/MEDIA__r1__sNA | CONTROL/MEDIA__r8__sNA | LMO7/hCTZ__r4__sNA | LMO7/hCTZ__r5__sNA | PSAM/uPSEM__r9__sNA,DREADD_CNO | EYFP_Control_Media | EYFP_Control_Media | LMO7_hCTZ | LMO7_hCTZ | PSAM_uPSEM,EYFP_Control_Media,PSAM_uPSEM,9,11,1211.9444444444443,1103.8636363636363,-108.08080808080808,-0.671535827410968,0.8394185094721385,-503.46904796122743,287.30743179961127,False
256,6,DREADD/CNO__r5__sNA | CONTROL/MEDIA__r1__sNA | CONTROL/MEDIA__r2__sNA | CONTROL/MEDIA__r6__sNA | CONTROL/MEDIA__r9__sNA | PSAM/uPSEM__r9__sNA,DREADD_CNO | EYFP_Control_Media | EYFP_Control_Media | EYFP_Control_Media | EYFP_Control_Media | PSAM_uPSEM,EYFP_Control_Media,DREADD_CNO,7,11,1490.357142857143,1538.8636363636363,48.50649350649337,0.28370484968949106,0.9816914311651661,-367.70988449560804,464.7228715085948,False
256,6,DREADD/CNO__r5__sNA | CONTROL/MEDIA__r1__sNA | CONTROL/MEDIA__r2__sNA | CONTROL/MEDIA__r6__sNA | CONTROL/MEDIA__r9__sNA | PSAM/uPSEM__r9__sNA,DREADD_CNO | EYFP_Control_Media | EYFP_Control_Media | EYFP_Control_Media | EYFP_Control_Media | PSAM_uPSEM,EYFP_Control_Media,LMO7_hCTZ,7,9,1490.357142857143,1357.2222222222222,-133.13492063492072,-0.7470678308566059,0.7761601042924952,-566.9633337188502,300.6934924490087,False
256,6,DREADD/CNO__r5__sNA | CONTROL/MEDIA__r1__sNA | CONTROL/MEDIA__r2__sNA | CONTROL/MEDIA__r6__sNA | CONTROL/MEDIA__r9__sNA | PSAM/uPSEM__r9__sNA,DREADD_CNO | EYFP_Control_Media | EYFP_Control_Media | EYFP_Control_Media | EYFP_Control_Media | PSAM_uPSEM,EYFP_Control_Media,PSAM_uPSEM,7,11,1490.357142857143,1103.8636363636363,-386.49350649350663,-2.2605237822648676,0.07304230257756905,-802.7098844956081,29.72287150859478,False
257,6,DREADD/CNO__r10__sNA | CONTROL/MEDIA__r6__sNA | LMO7/hCTZ__r1__sNA | PSAM/uPSEM__r2__sNA | PSAM/uPSEM__r8__sNA | PSAM/uPSEM__r9__sNA,DREADD_CNO | EYFP_Control_Media | LMO7_hCTZ | PSAM_uPSEM | PSAM_uPSEM | PSAM_uPSEM,EYFP_Control_Media,DREADD_CNO,10,11,1339.0,1518.409090909091,179.409090909091,1.1369180996400339,0.5409608279261493,-209.50390730591238,568.3220891240944,False
257,6,DREADD/CNO__r10__sNA | CONTROL/MEDIA__r6__sNA | LMO7/hCTZ__r1__sNA | PSAM/uPSEM__r2__sNA | PSAM/uPSEM__r8__sNA | PSAM/uPSEM__r9__sNA,DREADD_CNO | EYFP_Control_Media | LMO7_hCTZ | PSAM_uPSEM | PSAM_uPSEM | PSAM_uPSEM,EYFP_Control_Media,LMO7_hCTZ,10,8,1339.0,1371.5625,32.5625,0.19007479084655782,0.9952374943074621,-389.64934450628766,454.77434450628766,False
257,6,DREADD/CNO__r10__sNA | CONTROL/MEDIA__r6__sNA | LMO7/hCTZ__r1__sNA | PSAM/uPSEM__r2__sNA | PSAM/uPSEM__r8__sNA | PSAM/uPSEM__r9__sNA,DREADD_CNO | EYFP_Control_Media | LMO7_hCTZ | PSAM_uPSEM | PSAM_uPSEM | PSAM_uPSEM,EYFP_Control_Media,PSAM_uPSEM,10,9,1339.0,1024.4444444444443,-314.55555555555566,-1.8955701181911948,0.1626470378382694,-723.5286139930704,94.41750288195914,False
258,5,DREADD/CNO__r3__sNA | CONTROL/MEDIA__r4__sNA | CONTROL/MEDIA__r11__sNA | PSAM/uPSEM__r9__sNA | PSAM/uPSEM__r12__sNA,DREADD_CNO | EYFP_Control_Media | EYFP_Control_Media | PSAM_uPSEM | PSAM_uPSEM,EYFP_Control_Media,DREADD_CNO,9,11,1332.2222222222222,1557.5,225.27777777777783,1.3625051717971575,0.38971115210196894,-179.89651564800738,630.452071203563,False
258,5,DREADD/CNO__r3__sNA | CONTROL/MEDIA__r4__sNA | CONTROL/MEDIA__r11__sNA | PSAM/uPSEM__r9__sNA | PSAM/uPSEM__r12__sNA,DREADD_CNO | EYFP_Control_Media | EYFP_Control_Media | PSAM_uPSEM | PSAM_uPSEM,EYFP_Control_Media,LMO7_hCTZ,9,9,1332.2222222222222,1357.2222222222222,25.0,0.14416620691319423,0.9977530460582732,-399.9503839960528,449.9503839960528,False
258,5,DREADD/CNO__r3__sNA | CONTROL/MEDIA__r4__sNA | CONTROL/MEDIA__r11__sNA | PSAM/uPSEM__r9__sNA | PSAM/uPSEM__r12__sNA,DREADD_CNO | EYFP_Control_Media | EYFP_Control_Media | PSAM_uPSEM | PSAM_uPSEM,EYFP_Control_Media,PSAM_uPSEM,9,10,1332.2222222222222,1063.75,-268.4722222222222,-1.5884041694158697,0.27348830956121484,-682.6626221779347,145.71817773349034,False
259,6,DREADD/CNO__r11__sNA | CONTROL/MEDIA__r5__sNA | CONTROL/MEDIA__r11__sNA | PSAM/uPSEM__r2__sNA | PSAM/uPSEM__r9__sNA | PSAM/uPSEM__r10__sNA,DREADD_CNO | EYFP_Control_Media | EYFP_Control_Media | PSAM_uPSEM | PSAM_uPSEM | PSAM_uPSEM,EYFP_Control_Media,DREADD_CNO,9,11,1256.111111111111,1515.909090909091,259.7979797979799,1.5951092648103553,0.27219674202823163,-140.15536628502736,659.7513258809872,False
259,6,DREADD/CNO__r11__sNA | CONTROL/MEDIA__r5__sNA | CONTROL/MEDIA__r11__sNA | PSAM/uPSEM__r2__sNA | PSAM/uPSEM__r9__sNA | PSAM/uPSEM__r10__sNA,DREADD_CNO | EYFP_Control_Media | EYFP_Control_Media | PSAM_uPSEM | PSAM_uPSEM | PSAM_uPSEM,EYFP_Control_Media,LMO7_hCTZ,9,9,1256.111111111111,1357.2222222222222,101.11111111111109,0.5919120866117688,0.8813032351872947,-318.3634971160058,520.585719338228,False
259,6,DREADD/CNO__r11__sNA | CONTROL/MEDIA__r5__sNA | CONTROL/MEDIA__r11__sNA | PSAM/uPSEM__r2__sNA | PSAM/uPSEM__r9__sNA | PSAM/uPSEM__r10__sNA,DREADD_CNO | EYFP_Control_Media | EYFP_Control_Media | PSAM_uPSEM | PSAM_uPSEM | PSAM_uPSEM,EYFP_Control_Media,PSAM_uPSEM,9,9,1256.111111111111,1023.0555555555555,-233.05555555555554,-1.3643248369980059,0.39089047398849586,-652.5301637826724,186.41905267156136,False
260,5,DREADD/CNO__r3__sNA | DREADD/CNO__r5__sNA | LMO7/hCTZ__r4__sNA | LMO7/hCTZ__r5__sNA | PSAM/uPSEM__r9__sNA,DREADD_CNO | DREADD_CNO | LMO7_hCTZ | LMO7_hCTZ | PSAM_uPSEM,EYFP_Control_Media,DREADD_CNO,11,10,1299.7727272727273,1598.5,298.72727272727275,1.8517866719425597,0.1783569330959578,-99.10053059782922,696.5550760523747,False
260,5,DREADD/CNO__r3__sNA | DREADD/CNO__r5__sNA | LMO7/hCTZ__r4__sNA | LMO7/hCTZ__r5__sNA | PSAM/uPSEM__r9__sNA,DREADD_CNO | DREADD_CNO | LMO7_hCTZ | LMO7_hCTZ | PSAM_uPSEM,EYFP_Control_Media,LMO7_hCTZ,11,7,1299.7727272727273,1318.5714285714287,18.798701298701417,0.10530920691146914,0.9992025946049496,-421.4242863974127,459.0216889948155,False
260,5,DREADD/CNO__r3__sNA | DREADD/CNO__r5__sNA | LMO7/hCTZ__r4__sNA | LMO7/hCTZ__r5__sNA | PSAM/uPSEM__r9__sNA,DREADD_CNO | DREADD_CNO | LMO7_hCTZ | LMO7_hCTZ | PSAM_uPSEM,EYFP_Control_Media,PSAM_uPSEM,11,11,1299.7727272727273,1103.8636363636363,-195.909090909091,-1.2444152335867866,0.47605885685409177,-584.1492731950127,192.33109137683073,False
261,8,CONTROL/MEDIA__r1__sNA | CONTROL/MEDIA__r5__sNA | CONTROL/MEDIA__r8__sNA | CONTROL/MEDIA__r10__sNA | LMO7/hCTZ__r2__sNA | LMO7/hCTZ__r6__sNA | PSAM/uPSEM__r1__sNA | PSAM/uPSEM__r12__sNA,EYFP_Control_Media | EYFP_Control_Media | EYFP_Control_Media | EYFP_Control_Media | LMO7_hCTZ | LMO7_hCTZ | PSAM_uPSEM | PSAM_uPSEM,EYFP_Control_Media,DREADD_CNO,7,12,1024.2857142857142,1506.25,481.9642857142858,2.7926438924978108,0.02255268613112915,59.25278876726401,904.6757826613075,True
261,8,CONTROL/MEDIA__r1__sNA | CONTROL/MEDIA__r5__sNA | CONTROL/MEDIA__r8__sNA | CONTROL/MEDIA__r10__sNA | LMO7/hCTZ__r2__sNA | LMO7/hCTZ__r6__sNA | PSAM/uPSEM__r1__sNA | PSAM/uPSEM__r12__sNA,EYFP_Control_Media | EYFP_Control_Media | EYFP_Control_Media | EYFP_Control_Media | LMO7_hCTZ | LMO7_hCTZ | PSAM_uPSEM | PSAM_uPSEM,EYFP_Control_Media,LMO7_hCTZ,7,7,1024.2857142857142,1337.5,313.2142857142858,1.6147803046631406,0.2557277219941434,-161.87242280536123,788.3009942339328,False
261,8,CONTROL/MEDIA__r1__sNA | CONTROL/MEDIA__r5__sNA | CONTROL/MEDIA__r8__sNA | CONTROL/MEDIA__r10__sNA | LMO7/hCTZ__r2__sNA | LMO7/hCTZ__r6__sNA | PSAM/uPSEM__r1__sNA | PSAM/uPSEM__r12__sNA,EYFP_Control_Media | EYFP_Control_Media | EYFP_Control_Media | EYFP_Control_Media | LMO7_hCTZ | LMO7_hCTZ | PSAM_uPSEM | PSAM_uPSEM,EYFP_Control_Media,PSAM_uPSEM,7,10,1024.2857142857142,1150.75,126.46428571428578,0.7071805609728548,0.8065845494446147,-311.5440173122975,564.472588740869,False
262,8,CONTROL/MEDIA__r3__sNA | CONTROL/MEDIA__r8__sNA | CONTROL/MEDIA__r10__sNA | LMO7/hCTZ__r1__sNA | LMO7/hCTZ__r3__sNA | PSAM/uPSEM__r2__sNA | PSAM/uPSEM__r6__sNA | PSAM/uPSEM__r8__sNA,EYFP_Control_Media | EYFP_Control_Media | EYFP_Control_Media | LMO7_hCTZ | LMO7_hCTZ | PSAM_uPSEM | PSAM_uPSEM | PSAM_uPSEM,EYFP_Control_Media,DREADD_CNO,8,12,1162.5,1506.25,343.75,2.2866645649415265,0.0725940064514542,-25.709839336990456,713.2098393369904,False
262,8,CONTROL/MEDIA__r3__sNA | CONTROL/MEDIA__r8__sNA | CONTROL/MEDIA__r10__sNA | LMO7/hCTZ__r1__sNA | LMO7/hCTZ__r3__sNA | PSAM/uPSEM__r2__sNA | PSAM/uPSEM__r6__sNA | PSAM/uPSEM__r8__sNA,EYFP_Control_Media | EYFP_Control_Media | EYFP_Control_Media | LMO7_hCTZ | LMO7_hCTZ | PSAM_uPSEM | PSAM_uPSEM | PSAM_uPSEM,EYFP_Control_Media,LMO7_hCTZ,8,7,1162.5,1477.142857142857,314.6428571428571,1.8458882160867758,0.1746747158070383,-104.28522327638098,733.5709375620952,False
262,8,CONTROL/MEDIA__r3__sNA | CONTROL/MEDIA__r8__sNA | CONTROL/MEDIA__r10__sNA | LMO7/hCTZ__r1__sNA | LMO7/hCTZ__r3__sNA | PSAM/uPSEM__r2__sNA | PSAM/uPSEM__r6__sNA | PSAM/uPSEM__r8__sNA,EYFP_Control_Media | EYFP_Control_Media | EYFP_Control_Media | LMO7_hCTZ | LMO7_hCTZ | PSAM_uPSEM | PSAM_uPSEM | PSAM_uPSEM,EYFP_Control_Media,PSAM_uPSEM,8,9,1162.5,1150.0,-12.5,-0.07810717615254759,0.9996333933838527,-405.82003415450816,380.82003415450816,False
263,8,DREADD/CNO__r12__sNA | CONTROL/MEDIA__r3__sNA | CONTROL/MEDIA__r6__sNA | LMO7/hCTZ__r2__sNA | LMO7/hCTZ__r6__sNA | PSAM/uPSEM__r1__sNA | PSAM/uPSEM__r2__sNA | PSAM/uPSEM__r9__sNA,DREADD_CNO | EYFP_Control_Media | EYFP_Control_Media | LMO7_hCTZ | LMO7_hCTZ | PSAM_uPSEM | PSAM_uPSEM | PSAM_uPSEM,EYFP_Control_Media,DREADD_CNO,9,11,1385.8333333333333,1492.2727272727273,106.439393939394,0.6558832637483145,0.8507982502670022,-294.0143257749648,506.8931136537528,False
263,8,DREADD/CNO__r12__sNA | CONTROL/MEDIA__r3__sNA | CONTROL/MEDIA__r6__sNA | LMO7/hCTZ__r2__sNA | LMO7/hCTZ__r6__sNA | PSAM/uPSEM__r1__sNA | PSAM/uPSEM__r2__sNA | PSAM/uPSEM__r9__sNA,DREADD_CNO | EYFP_Control_Media | EYFP_Control_Media | LMO7_hCTZ | LMO7_hCTZ | PSAM_uPSEM | PSAM_uPSEM | PSAM_uPSEM,EYFP_Control_Media,LMO7_hCTZ,9,7,1385.8333333333333,1337.5,-48.33333333333326,-0.2656308961938952,0.9870657337239763,-497.33158315031403,400.6649164836475,False
263,8,DREADD/CNO__r12__sNA | CONTROL/MEDIA__r3__sNA | CONTROL/MEDIA__r6__sNA | LMO7/hCTZ__r2__sNA | LMO7/hCTZ__r6__sNA | PSAM/uPSEM__r1__sNA | PSAM/uPSEM__r2__sNA | PSAM/uPSEM__r9__sNA,DREADD_CNO | EYFP_Control_Media | EYFP_Control_Media | LMO7_hCTZ | LMO7_hCTZ | PSAM_uPSEM | PSAM_uPSEM | PSAM_uPSEM,EYFP_Control_Media,PSAM_uPSEM,9,9,1385.8333333333333,1006.9444444444445,-378.8888888888888,-2.226074439872917,0.08414777524698736,-798.8882934079581,41.110515630180544,False
264,8,DREADD/CNO__r3__sNA | DREADD/CNO__r7__sNA | DREADD/CNO__r9__sNA | DREADD/CNO__r11__sNA | CONTROL/MEDIA__r8__sNA | LMO7/hCTZ__r5__sNA | PSAM/uPSEM__r1__sNA | PSAM/uPSEM__r2__sNA,DREADD_CNO | DREADD_CNO | DREADD_CNO | DREADD_CNO | EYFP_Control_Media | LMO7_hCTZ | PSAM_uPSEM | PSAM_uPSEM,EYFP_Control_Media,DREADD_CNO,10,8,1227.5,1634.375,406.875,2.306030570085108,0.07208378363627099,-29.801397266214565,843.5513972662145,False
264,8,DREADD/CNO__r3__sNA | DREADD/CNO__r7__sNA | DREADD/CNO__r9__sNA | DREADD/CNO__r11__sNA | CONTROL/MEDIA__r8__sNA | LMO7/hCTZ__r5__sNA | PSAM/uPSEM__r1__sNA | PSAM/uPSEM__r2__sNA,DREADD_CNO | DREADD_CNO | DREADD_CNO | DREADD_CNO | EYFP_Control_Media | LMO7_hCTZ | PSAM_uPSEM | PSAM_uPSEM,EYFP_Control_Media,LMO7_hCTZ,10,8,1227.5,1350.3125,122.8125,0.6960599186201594,0.8333506538585009,-313.86389726621456,559.4888972662145,False
264,8,DREADD/CNO__r3__sNA | DREADD/CNO__r7__sNA | DREADD/CNO__r9__sNA | DREADD/CNO__r11__sNA | CONTROL/MEDIA__r8__sNA | LMO7/hCTZ__r5__sNA | PSAM/uPSEM__r1__sNA | PSAM/uPSEM__r2__sNA,DREADD_CNO | DREADD_CNO | DREADD_CNO | DREADD_CNO | EYFP_Control_Media | LMO7_hCTZ | PSAM_uPSEM | PSAM_uPSEM,EYFP_Control_Media,PSAM_uPSEM,10,10,1227.5,1109.75,-117.75,-0.7078499918038164,0.826578059589991,-529.4524555880681,293.9524555880681,False
265,8,DREADD/CNO__r5__sNA | DREADD/CNO__r6__sNA | DREADD/CNO__r9__sNA | CONTROL/MEDIA__r5__sNA | CONTROL/MEDIA__r8__sNA | CONTROL/MEDIA__r10__sNA | LMO7/hCTZ__r3__sNA | LMO7/hCTZ__r4__sNA,DREADD_CNO | DREADD_CNO | DREADD_CNO | EYFP_Control_Media | EYFP_Control_Media | EYFP_Control_Media | LMO7_hCTZ | LMO7_hCTZ,EYFP_Control_Media,DREADD_CNO,8,9,1067.1875,1480.5555555555557,413.36805555555566,2.631881185741715,0.033664354574716615,27.353220371200393,799.3828907399109,True
265,8,DREADD/CNO__r5__sNA | DREADD/CNO__r6__sNA | DREADD/CNO__r9__sNA | CONTROL/MEDIA__r5__sNA | CONTROL/MEDIA__r8__sNA | CONTROL/MEDIA__r10__sNA | LMO7/hCTZ__r3__sNA | LMO7/hCTZ__r4__sNA,DREADD_CNO | DREADD_CNO | DREADD_CNO | EYFP_Control_Media | EYFP_Control_Media | EYFP_Control_Media | LMO7_hCTZ | LMO7_hCTZ,EYFP_Control_Media,LMO7_hCTZ,8,7,1067.1875,1430.0,362.8125,2.1687935120360735,0.09301817996905293,-48.334758910297296,773.9597589102973,False
265,8,DREADD/CNO__r5__sNA | DREADD/CNO__r6__sNA | DREADD/CNO__r9__sNA | CONTROL/MEDIA__r5__sNA | CONTROL/MEDIA__r8__sNA | CONTROL/MEDIA__r10__sNA | LMO7/hCTZ__r3__sNA | LMO7/hCTZ__r4__sNA,DREADD_CNO | DREADD_CNO | DREADD_CNO | EYFP_Control_Media | EYFP_Control_Media | EYFP_Control_Media | LMO7_hCTZ | LMO7_hCTZ,EYFP_Control_Media,PSAM_uPSEM,8,12,1067.1875,1181.4583333333333,114.27083333333326,0.7745395399106565,0.7734158391517838,-248.32696643417728,476.8686331008438,False
266,6,DREADD/CNO__r3__sNA | CONTROL/MEDIA__r5__sNA | CONTROL/MEDIA__r10__sNA | CONTROL/MEDIA__r11__sNA | PSAM/uPSEM__r2__sNA | PSAM/uPSEM__r3__sNA,DREADD_CNO | EYFP_Control_Media | EYFP_Control_Media | EYFP_Control_Media | PSAM_uPSEM | PSAM_uPSEM,EYFP_Control_Media,DREADD_CNO,8,11,1155.9375,1557.5,401.5625,2.427735049253313,0.05198007559139539,-3.135483138344455,806.2604831383444,False
266,6,DREADD/CNO__r3__sNA | CONTROL/MEDIA__r5__sNA | CONTROL/MEDIA__r10__sNA | CONTROL/MEDIA__r11__sNA | PSAM/uPSEM__r2__sNA | PSAM/uPSEM__r3__sNA,DREADD_CNO | EYFP_Control_Media | EYFP_Control_Media | EYFP_Control_Media | PSAM_uPSEM | PSAM_uPSEM,EYFP_Control_Media,LMO7_hCTZ,8,9,1155.9375,1357.2222222222222,201.28472222222217,1.163687055732943,0.505350937514701,-221.9231992690565,624.4926437135009,False
266,6,DREADD/CNO__r3__sNA | CONTROL/MEDIA__r5__sNA | CONTROL/MEDIA__r10__sNA | CONTROL/MEDIA__r11__sNA | PSAM/uPSEM__r2__sNA | PSAM/uPSEM__r3__sNA,DREADD_CNO | EYFP_Control_Media | EYFP_Control_Media | EYFP_Control_Media | PSAM_uPSEM | PSAM_uPSEM,EYFP_Control_Media,PSAM_uPSEM,8,10,1155.9375,1131.5,-24.4375,-0.14472685309574262,0.9976119046367574,-437.5675967271324,388.6925967271324,False
267,8,CONTROL/MEDIA__r1__sNA | CONTROL/MEDIA__r5__sNA | CONTROL/MEDIA__r10__sNA | CONTROL/MEDIA__r11__sNA | LMO7/hCTZ__r3__sNA | PSAM/uPSEM__r3__sNA | PSAM/uPSEM__r9__sNA | PSAM/uPSEM__r10__sNA,EYFP_Control_Media | EYFP_Control_Media | EYFP_Control_Media | EYFP_Control_Media | LMO7_hCTZ | PSAM_uPSEM | PSAM_uPSEM | PSAM_uPSEM,EYFP_Control_Media,DREADD_CNO,7,12,1125.7142857142858,1506.25,380.5357142857142,2.322452772453827,0.06554305903820212,-20.65216082110402,781.7235893925324,False
267,8,CONTROL/MEDIA__r1__sNA | CONTROL/MEDIA__r5__sNA | CONTROL/MEDIA__r10__sNA | CONTROL/MEDIA__r11__sNA | LMO7/hCTZ__r3__sNA | PSAM/uPSEM__r3__sNA | PSAM/uPSEM__r9__sNA | PSAM/uPSEM__r10__sNA,EYFP_Control_Media | EYFP_Control_Media | EYFP_Control_Media | EYFP_Control_Media | LMO7_hCTZ | PSAM_uPSEM | PSAM_uPSEM | PSAM_uPSEM,EYFP_Control_Media,LMO7_hCTZ,7,8,1125.7142857142858,1447.8125,322.0982142857142,1.806447428133111,0.18269410973286182,-114.48019854743308,758.6766271188615,False
267,8,CONTROL/MEDIA__r1__sNA | CONTROL/MEDIA__r5__sNA | CONTROL/MEDIA__r10__sNA | CONTROL/MEDIA__r11__sNA | LMO7/hCTZ__r3__sNA | PSAM/uPSEM__r3__sNA | PSAM/uPSEM__r9__sNA | PSAM/uPSEM__r10__sNA,EYFP_Control_Media | EYFP_Control_Media | EYFP_Control_Media | EYFP_Control_Media | LMO7_hCTZ | PSAM_uPSEM | PSAM_uPSEM | PSAM_uPSEM,EYFP_Control_Media,PSAM_uPSEM,7,9,1125.7142857142858,1130.5555555555557,4.841269841269877,0.027884200658571494,0.9999818918792069,-420.2677876316505,429.95032731419025,False
268,8,DREADD/CNO__r3__sNA | DREADD/CNO__r5__sNA | DREADD/CNO__r7__sNA | DREADD/CNO__r8__sNA | DREADD/CNO__r9__sNA | CONTROL/MEDIA__r5__sNA | CONTROL/MEDIA__r6__sNA | PSAM/uPSEM__r9__sNA,DREADD_CNO | DREADD_CNO | DREADD_CNO | DREADD_CNO | DREADD_CNO | EYFP_Control_Media | EYFP_Control_Media | PSAM_uPSEM,EYFP_Control_Media,DREADD_CNO,9,7,1301.111111111111,1647.5,346.3888888888889,1.8766012164280093,0.16825837136492172,-109.08562109916966,801.8633988769475,False
268,8,DREADD/CNO__r3__sNA | DREADD/CNO__r5__sNA | DREADD/CNO__r7__sNA | DREADD/CNO__r8__sNA | DREADD/CNO__r9__sNA | CONTROL/MEDIA__r5__sNA | CONTROL/MEDIA__r6__sNA | PSAM/uPSEM__r9__sNA,DREADD_CNO | DREADD_CNO | DREADD_CNO | DREADD_CNO | DREADD_CNO | EYFP_Control_Media | EYFP_Control_Media | PSAM_uPSEM,EYFP_Control_Media,LMO7_hCTZ,9,9,1301.111111111111,1357.2222222222222,56.111111111111086,0.32497719287485805,0.9769603143668301,-369.94628008490406,482.16850230712623,False
268,8,DREADD/CNO__r3__sNA | DREADD/CNO__r5__sNA | DREADD/CNO__r7__sNA | DREADD/CNO__r8__sNA | DREADD/CNO__r9__sNA | CONTROL/MEDIA__r5__sNA | CONTROL/MEDIA__r6__sNA | PSAM/uPSEM__r9__sNA,DREADD_CNO | DREADD_CNO | DREADD_CNO | DREADD_CNO | DREADD_CNO | EYFP_Control_Media | EYFP_Control_Media | PSAM_uPSEM,EYFP_Control_Media,PSAM_uPSEM,9,11,1301.111111111111,1103.8636363636363,-197.24747474747483,-1.19815170124474,0.497911353096552,-603.4772581244497,208.98230862949998,False
269,7,DREADD/CNO__r4__sNA | CONTROL/MEDIA__r6__sNA | LMO7/hCTZ__r4__sNA | LMO7/hCTZ__r8__sNA | PSAM/uPSEM__r2__sNA | PSAM/uPSEM__r5__sNA | PSAM/uPSEM__r9__sNA,DREADD_CNO | EYFP_Control_Media | LMO7_hCTZ | LMO7_hCTZ | PSAM_uPSEM | PSAM_uPSEM | PSAM_uPSEM,EYFP_Control_Media,DREADD_CNO,10,11,1339.0,1525.909090909091,186.909090909091,1.1870128431701041,0.5105711530968275,-201.7715884339181,575.5897702521002,False
269,7,DREADD/CNO__r4__sNA | CONTROL/MEDIA__r6__sNA | LMO7/hCTZ__r4__sNA | LMO7/hCTZ__r8__sNA | PSAM/uPSEM__r2__sNA | PSAM/uPSEM__r5__sNA | PSAM/uPSEM__r9__sNA,DREADD_CNO | EYFP_Control_Media | LMO7_hCTZ | LMO7_hCTZ | PSAM_uPSEM | PSAM_uPSEM | PSAM_uPSEM,EYFP_Control_Media,LMO7_hCTZ,10,7,1339.0,1293.2142857142858,-45.78571428571422,-0.2578058991485929,0.988553213843233,-484.1701119927062,392.59868342127777,False
269,7,DREADD/CNO__r4__sNA | CONTROL/MEDIA__r6__sNA | LMO7/hCTZ__r4__sNA | LMO7/hCTZ__r8__sNA | PSAM/uPSEM__r2__sNA | PSAM/uPSEM__r5__sNA | PSAM/uPSEM__r9__sNA,DREADD_CNO | EYFP_Control_Media | LMO7_hCTZ | LMO7_hCTZ | PSAM_uPSEM | PSAM_uPSEM | PSAM_uPSEM,EYFP_Control_Media,PSAM_uPSEM,10,9,1339.0,1028.888888888889,-310.1111111111111,-1.872837423042055,0.17125601289538983,-718.8398677123582,98.61764549013611,False
270,7,DREADD/CNO__r3__sNA | DREADD/CNO__r10__sNA | CONTROL/MEDIA__r5__sNA | CONTROL/MEDIA__r10__sNA | PSAM/uPSEM__r3__sNA | PSAM/uPSEM__r5__sNA | PSAM/uPSEM__r9__sNA,DREADD_CNO | DREADD_CNO | EYFP_Control_Media | EYFP_Control_Media | PSAM_uPSEM | PSAM_uPSEM | PSAM_uPSEM,EYFP_Control_Media,DREADD_CNO,9,10,1173.3333333333333,1576.0,402.66666666666674,2.497620947537512,0.045873735016703,5.88020979417098,799.4531235391626,True
270,7,DREADD/CNO__r3__sNA | DREADD/CNO__r10__sNA | CONTROL/MEDIA__r5__sNA | CONTROL/MEDIA__r10__sNA | PSAM/uPSEM__r3__sNA | PSAM/uPSEM__r5__sNA | PSAM/uPSEM__r9__sNA,DREADD_CNO | DREADD_CNO | EYFP_Control_Media | EYFP_Control_Media | PSAM_uPSEM | PSAM_uPSEM | PSAM_uPSEM,EYFP_Control_Media,LMO7_hCTZ,9,9,1173.3333333333333,1357.2222222222222,183.8888888888889,1.1117269657306146,0.5515076825516272,-223.20542626286135,590.9832040406392,False
270,7,DREADD/CNO__r3__sNA | DREADD/CNO__r10__sNA | CONTROL/MEDIA__r5__sNA | CONTROL/MEDIA__r10__sNA | PSAM/uPSEM__r3__sNA | PSAM/uPSEM__r5__sNA | PSAM/uPSEM__r9__sNA,DREADD_CNO | DREADD_CNO | EYFP_Control_Media | EYFP_Control_Media | PSAM_uPSEM | PSAM_uPSEM | PSAM_uPSEM,EYFP_Control_Media,PSAM_uPSEM,9,9,1173.3333333333333,1136.388888888889,-36.94444444444434,-0.2233530006679325,0.9920373949262986,-444.0387595961946,370.1498707073059,False
271,8,DREADD/CNO__r3__sNA | DREADD/CNO__r5__sNA | DREADD/CNO__r9__sNA | CONTROL/MEDIA__r2__sNA | CONTROL/MEDIA__r3__sNA | CONTROL/MEDIA__r4__sNA | CONTROL/MEDIA__r9__sNA | LMO7/hCTZ__r3__sNA,DREADD_CNO | DREADD_CNO | DREADD_CNO | EYFP_Control_Media | EYFP_Control_Media | EYFP_Control_Media | EYFP_Control_Media | LMO7_hCTZ,EYFP_Control_Media,DREADD_CNO,7,9,1542.142857142857,1613.0555555555557,70.91269841269855,0.40791665140523703,0.9512337855900007,-354.73622874915554,496.56162557455264,False
271,8,DREADD/CNO__r3__sNA | DREADD/CNO__r5__sNA | DREADD/CNO__r9__sNA | CONTROL/MEDIA__r2__sNA | CONTROL/MEDIA__r3__sNA | CONTROL/MEDIA__r4__sNA | CONTROL/MEDIA__r9__sNA | LMO7/hCTZ__r3__sNA,DREADD_CNO | DREADD_CNO | DREADD_CNO | EYFP_Control_Media | EYFP_Control_Media | EYFP_Control_Media | EYFP_Control_Media | LMO7_hCTZ,EYFP_Control_Media,LMO7_hCTZ,7,8,1542.142857142857,1447.8125,-94.33035714285711,-0.5283686012749149,0.9037242692226017,-531.4632052386462,342.802490952932,False
271,8,DREADD/CNO__r3__sNA | DREADD/CNO__r5__sNA | DREADD/CNO__r9__sNA | CONTROL/MEDIA__r2__sNA | CONTROL/MEDIA__r3__sNA | CONTROL/MEDIA__r4__sNA | CONTROL/MEDIA__r9__sNA | LMO7/hCTZ__r3__sNA,DREADD_CNO | DREADD_CNO | DREADD_CNO | EYFP_Control_Media | EYFP_Control_Media | EYFP_Control_Media | EYFP_Control_Media | LMO7_hCTZ,EYFP_Control_Media,PSAM_uPSEM,7,12,1542.142857142857,1181.4583333333333,-360.68452380952385,-2.1985051604626107,0.08518580233242345,-762.381889762351,41.0128421433032,False
272,8,DREADD/CNO__r9__sNA | CONTROL/MEDIA__r3__sNA | CONTROL/MEDIA__r4__sNA | CONTROL/MEDIA__r8__sNA | LMO7/hCTZ__r6__sNA | PSAM/uPSEM__r2__sNA | PSAM/uPSEM__r6__sNA | PSAM/uPSEM__r9__sNA,DREADD_CNO | EYFP_Control_Media | EYFP_Control_Media | EYFP_Control_Media | LMO7_hCTZ | PSAM_uPSEM | PSAM_uPSEM | PSAM_uPSEM,EYFP_Control_Media,DREADD_CNO,8,11,1295.3125,1509.7727272727273,214.46022727272725,1.3298813663441678,0.4074214129706287,-181.72340754556905,610.6438620910235,False
272,8,DREADD/CNO__r9__sNA | CONTROL/MEDIA__r3__sNA | CONTROL/MEDIA__r4__sNA | CONTROL/MEDIA__r8__sNA | LMO7/hCTZ__r6__sNA | PSAM/uPSEM__r2__sNA | PSAM/uPSEM__r6__sNA | PSAM/uPSEM__r9__sNA,DREADD_CNO | EYFP_Control_Media | EYFP_Control_Media | EYFP_Control_Media | LMO7_hCTZ | PSAM_uPSEM | PSAM_uPSEM | PSAM_uPSEM,EYFP_Control_Media,LMO7_hCTZ,8,8,1295.3125,1366.25,70.9375,0.40879679099581534,0.9538177282658877,-355.3779499806833,497.2529499806833,False
272,8,DREADD/CNO__r9__sNA | CONTROL/MEDIA__r3__sNA | CONTROL/MEDIA__r4__sNA | CONTROL/MEDIA__r8__sNA | LMO7/hCTZ__r6__sNA | PSAM/uPSEM__r2__sNA | PSAM/uPSEM__r6__sNA | PSAM/uPSEM__r9__sNA,DREADD_CNO | EYFP_Control_Media | EYFP_Control_Media | EYFP_Control_Media | LMO7_hCTZ | PSAM_uPSEM | PSAM_uPSEM | PSAM_uPSEM,EYFP_Control_Media,PSAM_uPSEM,8,9,1295.3125,1035.8333333333333,-259.47916666666674,-1.5386714143176334,0.2963169383738625,-673.783313477782,154.8249801444486,False
273,8,DREADD/CNO__r3__sNA | DREADD/CNO__r5__sNA | DREADD/CNO__r8__sNA | CONTROL/MEDIA__r2__sNA | CONTROL/MEDIA__r8__sNA | LMO7/hCTZ__r1__sNA | LMO7/hCTZ__r9__sNA | PSAM/uPSEM__r9__sNA,DREADD_CNO | DREADD_CNO | DREADD_CNO | EYFP_Control_Media | EYFP_Control_Media | LMO7_hCTZ | LMO7_hCTZ | PSAM_uPSEM,EYFP_Control_Media,DREADD_CNO,9,9,1292.7777777777778,1576.6666666666667,283.8888888888889,1.754772109260316,0.21009394836476147,-115.31962060504071,683.0973983828185,False
273,8,DREADD/CNO__r3__sNA | DREADD/CNO__r5__sNA | DREADD/CNO__r8__sNA | CONTROL/MEDIA__r2__sNA | CONTROL/MEDIA__r8__sNA | LMO7/hCTZ__r1__sNA | LMO7/hCTZ__r9__sNA | PSAM/uPSEM__r9__sNA,DREADD_CNO | DREADD_CNO | DREADD_CNO | EYFP_Control_Media | EYFP_Control_Media | LMO7_hCTZ | LMO7_hCTZ | PSAM_uPSEM,EYFP_Control_Media,LMO7_hCTZ,9,7,1292.7777777777778,1342.857142857143,50.07936507936506,0.28955773354749303,0.9834213814964888,-376.69248303805693,476.85121319678706,False
273,8,DREADD/CNO__r3__sNA | DREADD/CNO__r5__sNA | DREADD/CNO__r8__sNA | CONTROL/MEDIA__r2__sNA | CONTROL/MEDIA__r8__sNA | LMO7/hCTZ__r1__sNA | LMO7/hCTZ__r9__sNA | PSAM/uPSEM__r9__sNA,DREADD_CNO | DREADD_CNO | DREADD_CNO | EYFP_Control_Media | EYFP_Control_Media | LMO7_hCTZ | LMO7_hCTZ | PSAM_uPSEM,EYFP_Control_Media,PSAM_uPSEM,9,11,1292.7777777777778,1103.8636363636363,-188.91414141414157,-1.2247096486904983,0.48087173582137277,-569.5445205250974,191.71623769681418,False
274,3,DREADD/CNO__r3__sNA | CONTROL/MEDIA__r2__sNA | PSAM/uPSEM__r9__sNA,DREADD_CNO | EYFP_Control_Media | PSAM_uPSEM,EYFP_Control_Media,DREADD_CNO,10,11,1365.75,1557.5,191.75,1.2532612636142804,0.4587736615302346,-182.857844238781,566.357844238781,False
274,3,DREADD/CNO__r3__sNA | CONTROL/MEDIA__r2__sNA | PSAM/uPSEM__r9__sNA,DREADD_CNO | EYFP_Control_Media | PSAM_uPSEM,EYFP_Control_Media,LMO7_hCTZ,10,9,1365.75,1357.2222222222222,-8.527777777777828,-0.05300292994780752,0.9998899680444616,-402.457825053601,385.40226949804537,False
274,3,DREADD/CNO__r3__sNA | CONTROL/MEDIA__r2__sNA | PSAM/uPSEM__r9__sNA,DREADD_CNO | EYFP_Control_Media | PSAM_uPSEM,EYFP_Control_Media,PSAM_uPSEM,10,11,1365.75,1103.8636363636363,-261.88636363636374,-1.7116664146767049,0.2229340847207324,-636.4942078751448,112.72148060241727,False
275,4,DREADD/CNO__r3__sNA | DREADD/CNO__r5__sNA | DREADD/CNO__r7__sNA | CONTROL/MEDIA__r8__sNA,DREADD_CNO | DREADD_CNO | DREADD_CNO | EYFP_Control_Media,EYFP_Control_Media,DREADD_CNO,10,9,1227.5,1643.888888888889,416.3888888888889,2.4650455797336375,0.04855508486259852,1.9215937472463338,830.8561840305315,True
275,4,DREADD/CNO__r3__sNA | DREADD/CNO__r5__sNA | DREADD/CNO__r7__sNA | CONTROL/MEDIA__r8__sNA,DREADD_CNO | DREADD_CNO | DREADD_CNO | EYFP_Control_Media,EYFP_Control_Media,LMO7_hCTZ,10,9,1227.5,1357.2222222222222,129.72222222222217,0.7679628323786579,0.7844573831678643,-284.7450729194204,544.1895173638648,False
275,4,DREADD/CNO__r3__sNA | DREADD/CNO__r5__sNA | DREADD/CNO__r7__sNA | CONTROL/MEDIA__r8__sNA,DREADD_CNO | DREADD_CNO | DREADD_CNO | EYFP_Control_Media,EYFP_Control_Media,PSAM_uPSEM,10,12,1227.5,1181.4583333333333,-46.04166666666674,-0.292490447249732,0.9829208536551729,-432.2800570044344,340.1967236711009,False
276,7,DREADD/CNO__r1__sNA | DREADD/CNO__r5__sNA | CONTROL/MEDIA__r5__sNA | LMO7/hCTZ__r6__sNA | LMO7/hCTZ__r8__sNA | PSAM/uPSEM__r2__sNA | PSAM/uPSEM__r9__sNA,DREADD_CNO | DREADD_CNO | EYFP_Control_Media | LMO7_hCTZ | LMO7_hCTZ | PSAM_uPSEM | PSAM_uPSEM,EYFP_Control_Media,DREADD_CNO,10,10,1261.75,1502.0,240.25,1.519154473380496,0.31617305854038114,-150.09596240500935,630.5959624050093,False
276,7,DREADD/CNO__r1__sNA | DREADD/CNO__r5__sNA | CONTROL/MEDIA__r5__sNA | LMO7/hCTZ__r6__sNA | LMO7/hCTZ__r8__sNA | PSAM/uPSEM__r2__sNA | PSAM/uPSEM__r9__sNA,DREADD_CNO | DREADD_CNO | EYFP_Control_Media | LMO7_hCTZ | LMO7_hCTZ | PSAM_uPSEM | PSAM_uPSEM,EYFP_Control_Media,LMO7_hCTZ,10,7,1261.75,1334.2857142857142,72.53571428571422,0.41622675166857626,0.955469850926213,-357.6045864319022,502.67601500333063,False
276,7,DREADD/CNO__r1__sNA | DREADD/CNO__r5__sNA | CONTROL/MEDIA__r5__sNA | LMO7/hCTZ__r6__sNA | LMO7/hCTZ__r8__sNA | PSAM/uPSEM__r2__sNA | PSAM/uPSEM__r9__sNA,DREADD_CNO | DREADD_CNO | EYFP_Control_Media | LMO7_hCTZ | LMO7_hCTZ | PSAM_uPSEM | PSAM_uPSEM,EYFP_Control_Media,PSAM_uPSEM,10,10,1261.75,1022.75,-239.0,-1.5112504438623873,0.3202128486191025,-629.3459624050093,151.34596240500935,False
277,4,DREADD/CNO__r9__sNA | PSAM/uPSEM__r2__sNA | PSAM/uPSEM__r9__sNA | PSAM/uPSEM__r10__sNA,DREADD_CNO | PSAM_uPSEM | PSAM_uPSEM | PSAM_uPSEM,EYFP_Control_Media,DREADD_CNO,11,11,1299.7727272727273,1509.7727272727273,210.0,1.3722371339156652,0.3953750786589221,-166.54503985883935,586.5450398588393,False
277,4,DREADD/CNO__r9__sNA | PSAM/uPSEM__r2__sNA | PSAM/uPSEM__r9__sNA | PSAM/uPSEM__r10__sNA,DREADD_CNO | PSAM_uPSEM | PSAM_uPSEM | PSAM_uPSEM,EYFP_Control_Media,LMO7_hCTZ,11,9,1299.7727272727273,1357.2222222222222,57.44949494949492,0.3561372022061545,0.9713032167180083,-339.4638275814449,454.3628174804347,False
277,4,DREADD/CNO__r9__sNA | PSAM/uPSEM__r2__sNA | PSAM/uPSEM__r9__sNA | PSAM/uPSEM__r10__sNA,DREADD_CNO | PSAM_uPSEM | PSAM_uPSEM | PSAM_uPSEM,EYFP_Control_Media,PSAM_uPSEM,11,9,1299.7727272727273,1023.0555555555555,-276.7171717171717,-1.715407235945074,0.2266617014583031,-673.6304942481115,120.1961508137681,False
278,5,DREADD/CNO__r3__sNA | CONTROL/MEDIA__r1__sNA | CONTROL/MEDIA__r10__sNA | PSAM/uPSEM__r4__sNA | PSAM/uPSEM__r9__sNA,DREADD_CNO | EYFP_Control_Media | EYFP_Control_Media | PSAM_uPSEM | PSAM_uPSEM,EYFP_Control_Media,DREADD_CNO,9,11,1208.0555555555557,1557.5,349.44444444444434,2.2072572933633476,0.08472304528529684,-38.5154828442744,737.4043717331631,False
278,5,DREADD/CNO__r3__sNA | CONTROL/MEDIA__r1__sNA | CONTROL/MEDIA__r10__sNA | PSAM/uPSEM__r4__sNA | PSAM/uPSEM__r9__sNA,DREADD_CNO | EYFP_Control_Media | EYFP_Control_Media | PSAM_uPSEM | PSAM_uPSEM,EYFP_Control_Media,LMO7_hCTZ,9,9,1208.0555555555557,1357.2222222222222,149.16666666666652,0.8983597022503894,0.6926989368052376,-257.7291378091904,556.0624711425235,False
278,5,DREADD/CNO__r3__sNA | CONTROL/MEDIA__r1__sNA | CONTROL/MEDIA__r10__sNA | PSAM/uPSEM__r4__sNA | PSAM/uPSEM__r9__sNA,DREADD_CNO | EYFP_Control_Media | EYFP_Control_Media | PSAM_uPSEM | PSAM_uPSEM,EYFP_Control_Media,PSAM_uPSEM,9,10,1208.0555555555557,1117.0,-91.05555555555566,-0.5626303082682287,0.8943762365184731,-487.64852815473324,305.53741704362193,False
279,6,DREADD/CNO__r9__sNA | CONTROL/MEDIA__r3__sNA | CONTROL/MEDIA__r7__sNA | CONTROL/MEDIA__r10__sNA | LMO7/hCTZ__r3__sNA | PSAM/uPSEM__r9__sNA,DREADD_CNO | EYFP_Control_Media | EYFP_Control_Media | EYFP_Control_Media | LMO7_hCTZ | PSAM_uPSEM,EYFP_Control_Media,DREADD_CNO,8,11,1234.375,1509.7727272727273,275.39772727272725,1.7293385442351181,0.21165852700195187,-114.34081985200947,665.1362743974639,False
279,6,DREADD/CNO__r9__sNA | CONTROL/MEDIA__r3__sNA | CONTROL/MEDIA__r7__sNA | CONTROL/MEDIA__r10__sNA | LMO7/hCTZ__r3__sNA | PSAM/uPSEM__r9__sNA,DREADD_CNO | EYFP_Control_Media | EYFP_Control_Media | EYFP_Control_Media | LMO7_hCTZ | PSAM_uPSEM,EYFP_Control_Media,LMO7_hCTZ,8,8,1234.375,1447.8125,213.4375,1.245534767587077,0.4538199845930616,-205.9426800230916,632.8176800230916,False
279,6,DREADD/CNO__r9__sNA | CONTROL/MEDIA__r3__sNA | CONTROL/MEDIA__r7__sNA | CONTROL/MEDIA__r10__sNA | LMO7/hCTZ__r3__sNA | PSAM/uPSEM__r9__sNA,DREADD_CNO | EYFP_Control_Media | EYFP_Control_Media | EYFP_Control_Media | LMO7_hCTZ | PSAM_uPSEM,EYFP_Control_Media,PSAM_uPSEM,8,11,1234.375,1103.8636363636363,-130.51136363636374,-0.8195359265748029,0.7391663872406653,-520.2499107611004,259.227183488373,False
280,8,DREADD/CNO__r5__sNA | DREADD/CNO__r7__sNA | CONTROL/MEDIA__r3__sNA | LMO7/hCTZ__r4__sNA | LMO7/hCTZ__r8__sNA | LMO7/hCTZ__r9__sNA | PSAM/uPSEM__r9__sNA | PSAM/uPSEM__r12__sNA,DREADD_CNO | DREADD_CNO | EYFP_Control_Media | LMO7_hCTZ | LMO7_hCTZ | LMO7_hCTZ | PSAM_uPSEM | PSAM_uPSEM,EYFP_Control_Media,DREADD_CNO,10,10,1338.0,1573.75,235.75,1.4010422346115605,0.3820063415507189,-180.75189577431644,652.2518957743164,False
280,8,DREADD/CNO__r5__sNA | DREADD/CNO__r7__sNA | CONTROL/MEDIA__r3__sNA | LMO7/hCTZ__r4__sNA | LMO7/hCTZ__r8__sNA | LMO7/hCTZ__r9__sNA | PSAM/uPSEM__r9__sNA | PSAM/uPSEM__r12__sNA,DREADD_CNO | DREADD_CNO | EYFP_Control_Media | LMO7_hCTZ | LMO7_hCTZ | LMO7_hCTZ | PSAM_uPSEM | PSAM_uPSEM,EYFP_Control_Media,LMO7_hCTZ,10,6,1338.0,1246.6666666666667,-91.33333333333326,-0.47006667761597265,0.9388790218868606,-572.2682966199154,389.60162995324885,False
280,8,DREADD/CNO__r5__sNA | DREADD/CNO__r7__sNA | CONTROL/MEDIA__r3__sNA | LMO7/hCTZ__r4__sNA | LMO7/hCTZ__r8__sNA | LMO7/hCTZ__r9__sNA | PSAM/uPSEM__r9__sNA | PSAM/uPSEM__r12__sNA,DREADD_CNO | DREADD_CNO | EYFP_Control_Media | LMO7_hCTZ | LMO7_hCTZ | LMO7_hCTZ | PSAM_uPSEM | PSAM_uPSEM,EYFP_Control_Media,PSAM_uPSEM,10,10,1338.0,1063.75,-274.25,-1.629844465926704,0.26595135722090346,-690.7518957743164,142.25189577431644,False
281,4,CONTROL/MEDIA__r11__sNA | PSAM/uPSEM__r2__sNA | PSAM/uPSEM__r4__sNA | PSAM/uPSEM__r9__sNA,EYFP_Control_Media | PSAM_uPSEM | PSAM_uPSEM | PSAM_uPSEM,EYFP_Control_Media,DREADD_CNO,10,12,1298.5,1506.25,207.75,1.3521082957749324,0.40117967845765534,-169.26194900673067,584.7619490067307,False
281,4,CONTROL/MEDIA__r11__sNA | PSAM/uPSEM__r2__sNA | PSAM/uPSEM__r4__sNA | PSAM/uPSEM__r9__sNA,EYFP_Control_Media | PSAM_uPSEM | PSAM_uPSEM | PSAM_uPSEM,EYFP_Control_Media,LMO7_hCTZ,10,9,1298.5,1357.2222222222222,58.72222222222217,0.3561542234314146,0.9701475904205782,-345.8443010699059,463.28874551435024,False
281,4,CONTROL/MEDIA__r11__sNA | PSAM/uPSEM__r2__sNA | PSAM/uPSEM__r4__sNA | PSAM/uPSEM__r9__sNA,EYFP_Control_Media | PSAM_uPSEM | PSAM_uPSEM | PSAM_uPSEM,EYFP_Control_Media,PSAM_uPSEM,10,9,1298.5,1028.3333333333333,-270.16666666666674,-1.6385789863263682,0.25488010545299866,-674.7331899587948,134.39985662546133,False
282,6,DREADD/CNO__r3__sNA | DREADD/CNO__r9__sNA | LMO7/hCTZ__r3__sNA | LMO7/hCTZ__r7__sNA | LMO7/hCTZ__r8__sNA | PSAM/uPSEM__r9__sNA,DREADD_CNO | DREADD_CNO | LMO7_hCTZ | LMO7_hCTZ | LMO7_hCTZ | PSAM_uPSEM,EYFP_Control_Media,DREADD_CNO,11,10,1299.7727272727273,1566.5,266.72727272727275,1.7000477973261137,0.23660386973364245,-120.64003099644282,654.0945764509884,False
282,6,DREADD/CNO__r3__sNA | DREADD/CNO__r9__sNA | LMO7/hCTZ__r3__sNA | LMO7/hCTZ__r7__sNA | LMO7/hCTZ__r8__sNA | PSAM/uPSEM__r9__sNA,DREADD_CNO | DREADD_CNO | LMO7_hCTZ | LMO7_hCTZ | LMO7_hCTZ | PSAM_uPSEM,EYFP_Control_Media,LMO7_hCTZ,11,6,1299.7727272727273,1442.0833333333333,142.310606060606,0.78089346352137,0.7862658316290652,-307.6372106580965,592.2584227793085,False
282,6,DREADD/CNO__r3__sNA | DREADD/CNO__r9__sNA | LMO7/hCTZ__r3__sNA | LMO7/hCTZ__r7__sNA | LMO7/hCTZ__r8__sNA | PSAM/uPSEM__r9__sNA,DREADD_CNO | DREADD_CNO | LMO7_hCTZ | LMO7_hCTZ | LMO7_hCTZ | PSAM_uPSEM,EYFP_Control_Media,PSAM_uPSEM,11,11,1299.7727272727273,1103.8636363636363,-195.909090909091,-1.2795078255009957,0.4566680600197477,-573.9408708709416,182.12268905275965,False
283,8,DREADD/CNO__r3__sNA | DREADD/CNO__r4__sNA | DREADD/CNO__r7__sNA | CONTROL/MEDIA__r3__sNA | LMO7/hCTZ__r7__sNA | LMO7/hCTZ__r8__sNA | PSAM/uPSEM__r1__sNA | PSAM/uPSEM__r9__sNA,DREADD_CNO | DREADD_CNO | DREADD_CNO | EYFP_Control_Media | LMO7_hCTZ | LMO7_hCTZ | PSAM_uPSEM | PSAM_uPSEM,EYFP_Control_Media,DREADD_CNO,10,9,1338.0,1628.0555555555557,290.05555555555566,1.676295237817875,0.2452147336566476,-138.26909110077435,718.3802022118857,False
283,8,DREADD/CNO__r3__sNA | DREADD/CNO__r4__sNA | DREADD/CNO__r7__sNA | CONTROL/MEDIA__r3__sNA | LMO7/hCTZ__r7__sNA | LMO7/hCTZ__r8__sNA | PSAM/uPSEM__r1__sNA | PSAM/uPSEM__r9__sNA,DREADD_CNO | DREADD_CNO | DREADD_CNO | EYFP_Control_Media | LMO7_hCTZ | LMO7_hCTZ | PSAM_uPSEM | PSAM_uPSEM,EYFP_Control_Media,LMO7_hCTZ,10,7,1338.0,1326.4285714285713,-11.571428571428669,-0.0623499927135063,0.999831769108039,-470.9735117742096,447.8306546313523,False
283,8,DREADD/CNO__r3__sNA | DREADD/CNO__r4__sNA | DREADD/CNO__r7__sNA | CONTROL/MEDIA__r3__sNA | LMO7/hCTZ__r7__sNA | LMO7/hCTZ__r8__sNA | PSAM/uPSEM__r1__sNA | PSAM/uPSEM__r9__sNA,DREADD_CNO | DREADD_CNO | DREADD_CNO | EYFP_Control_Media | LMO7_hCTZ | LMO7_hCTZ | PSAM_uPSEM | PSAM_uPSEM,EYFP_Control_Media,PSAM_uPSEM,10,10,1338.0,1097.75,-240.25,-1.4265048986976503,0.36705197230135844,-657.1505973155295,176.6505973155294,False
284,5,DREADD/CNO__r2__sNA | DREADD/CNO__r4__sNA | CONTROL/MEDIA__r11__sNA | PSAM/uPSEM__r2__sNA | PSAM/uPSEM__r9__sNA,DREADD_CNO | DREADD_CNO | EYFP_Control_Media | PSAM_uPSEM | PSAM_uPSEM,EYFP_Control_Media,DREADD_CNO,10,10,1298.5,1501.75,203.25,1.2642122534510938,0.45590862779968366,-191.92033732633115,598.4203373263312,False
284,5,DREADD/CNO__r2__sNA | DREADD/CNO__r4__sNA | CONTROL/MEDIA__r11__sNA | PSAM/uPSEM__r2__sNA | PSAM/uPSEM__r9__sNA,DREADD_CNO | DREADD_CNO | EYFP_Control_Media | PSAM_uPSEM | PSAM_uPSEM,EYFP_Control_Media,LMO7_hCTZ,10,9,1298.5,1357.2222222222222,58.72222222222217,0.35550963500222765,0.9705335734425191,-347.27670460651285,464.7211490509572,False
284,5,DREADD/CNO__r2__sNA | DREADD/CNO__r4__sNA | CONTROL/MEDIA__r11__sNA | PSAM/uPSEM__r2__sNA | PSAM/uPSEM__r9__sNA,DREADD_CNO | DREADD_CNO | EYFP_Control_Media | PSAM_uPSEM | PSAM_uPSEM,EYFP_Control_Media,PSAM_uPSEM,10,10,1298.5,1022.75,-275.75,-1.7151612737473019,0.22432281461894543,-670.9203373263312,119.42033732633115,False
285,6,DREADD/CNO__r3__sNA | DREADD/CNO__r10__sNA | CONTROL/MEDIA__r7__sNA | LMO7/hCTZ__r3__sNA | PSAM/uPSEM__r9__sNA | PSAM/uPSEM__r10__sNA,DREADD_CNO | DREADD_CNO | EYFP_Control_Media | LMO7_hCTZ | PSAM_uPSEM | PSAM_uPSEM,EYFP_Control_Media,DREADD_CNO,10,10,1285.0,1576.0,291.0,1.8180188677767197,0.18779559906484267,-103.46392829524751,685.4639282952476,False
285,6,DREADD/CNO__r3__sNA | DREADD/CNO__r10__sNA | CONTROL/MEDIA__r7__sNA | LMO7/hCTZ__r3__sNA | PSAM/uPSEM__r9__sNA | PSAM/uPSEM__r10__sNA,DREADD_CNO | DREADD_CNO | EYFP_Control_Media | LMO7_hCTZ | PSAM_uPSEM | PSAM_uPSEM,EYFP_Control_Media,LMO7_hCTZ,10,8,1285.0,1447.8125,162.8125,0.9589961880431472,0.6616802886841201,-255.57967794658038,581.2046779465804,False
285,6,DREADD/CNO__r3__sNA | DREADD/CNO__r10__sNA | CONTROL/MEDIA__r7__sNA | LMO7/hCTZ__r3__sNA | PSAM/uPSEM__r9__sNA | PSAM/uPSEM__r10__sNA,DREADD_CNO | DREADD_CNO | EYFP_Control_Media | LMO7_hCTZ | PSAM_uPSEM | PSAM_uPSEM,EYFP_Control_Media,PSAM_uPSEM,10,10,1285.0,1112.25,-172.75,-1.0792534687574857,0.5795581674573573,-567.2139282952476,221.7139282952475,False
286,5,DREADD/CNO__r3__sNA | DREADD/CNO__r9__sNA | LMO7/hCTZ__r2__sNA | PSAM/uPSEM__r9__sNA | PSAM/uPSEM__r12__sNA,DREADD_CNO | DREADD_CNO | LMO7_hCTZ | PSAM_uPSEM | PSAM_uPSEM,EYFP_Control_Media,DREADD_CNO,11,10,1299.7727272727273,1566.5,266.72727272727275,1.6518445412838232,0.254677619110958,-131.28619596750775,664.7407414220532,False
286,5,DREADD/CNO__r3__sNA | DREADD/CNO__r9__sNA | LMO7/hCTZ__r2__sNA | PSAM/uPSEM__r9__sNA | PSAM/uPSEM__r12__sNA,DREADD_CNO | DREADD_CNO | LMO7_hCTZ | PSAM_uPSEM | PSAM_uPSEM,EYFP_Control_Media,LMO7_hCTZ,11,8,1299.7727272727273,1330.9375,31.164772727272748,0.18148617712284032,0.9959703898596501,-392.1076055230411,454.4371509775866,False
286,5,DREADD/CNO__r3__sNA | DREADD/CNO__r9__sNA | LMO7/hCTZ__r2__sNA | PSAM/uPSEM__r9__sNA | PSAM/uPSEM__r12__sNA,DREADD_CNO | DREADD_CNO | LMO7_hCTZ | PSAM_uPSEM | PSAM_uPSEM,EYFP_Control_Media,PSAM_uPSEM,11,10,1299.7727272727273,1063.75,-236.02272727272725,-1.4616909987416924,0.34727326401039615,-634.0361959675078,161.99074142205325,False
287,7,DREADD/CNO__r3__sNA | DREADD/CNO__r8__sNA | CONTROL/MEDIA__r5__sNA | CONTROL/MEDIA__r7__sNA | CONTROL/MEDIA__r9__sNA | CONTROL/MEDIA__r10__sNA | PSAM/uPSEM__r9__sNA,DREADD_CNO | DREADD_CNO | EYFP_Control_Media | EYFP_Control_Media | EYFP_Control_Media | EYFP_Control_Media | PSAM_uPSEM,EYFP_Control_Media,DREADD_CNO,7,10,1166.0714285714287,1533.75,367.67857142857133,2.1522364300021573,0.09244942320773053,-49.61961342605878,784.9767562832014,False
287,7,DREADD/CNO__r3__sNA | DREADD/CNO__r8__sNA | CONTROL/MEDIA__r5__sNA | CONTROL/MEDIA__r7__sNA | CONTROL/MEDIA__r9__sNA | CONTROL/MEDIA__r10__sNA | PSAM/uPSEM__r9__sNA,DREADD_CNO | DREADD_CNO | EYFP_Control_Media | EYFP_Control_Media | EYFP_Control_Media | EYFP_Control_Media | PSAM_uPSEM,EYFP_Control_Media,LMO7_hCTZ,7,9,1166.0714285714287,1357.2222222222222,191.1507936507935,1.0941666873313052,0.5424485087640072,-235.58666993995223,617.8882572415392,False
287,7,DREADD/CNO__r3__sNA | DREADD/CNO__r8__sNA | CONTROL/MEDIA__r5__sNA | CONTROL/MEDIA__r7__sNA | CONTROL/MEDIA__r9__sNA | CONTROL/MEDIA__r10__sNA | PSAM/uPSEM__r9__sNA,DREADD_CNO | DREADD_CNO | EYFP_Control_Media | EYFP_Control_Media | EYFP_Control_Media | EYFP_Control_Media | PSAM_uPSEM,EYFP_Control_Media,PSAM_uPSEM,7,11,1166.0714285714287,1103.8636363636363,-62.20779220779241,-0.3711513098547948,0.9616143744905075,-471.62109040774686,347.20550599216205,False
288,5,DREADD/CNO__r3__sNA | CONTROL/MEDIA__r1__sNA | LMO7/hCTZ__r3__sNA | LMO7/hCTZ__r6__sNA | PSAM/uPSEM__r2__sNA,DREADD_CNO | EYFP_Control_Media | LMO7_hCTZ | LMO7_hCTZ | PSAM_uPSEM,EYFP_Control_Media,DREADD_CNO,10,11,1293.0,1557.5,264.5,1.6702993609889905,0.2432604729003518,-124.90688606392445,653.9068860639245,False
288,5,DREADD/CNO__r3__sNA | CONTROL/MEDIA__r1__sNA | LMO7/hCTZ__r3__sNA | LMO7/hCTZ__r6__sNA | PSAM/uPSEM__r2__sNA,DREADD_CNO | EYFP_Control_Media | LMO7_hCTZ | LMO7_hCTZ | PSAM_uPSEM,EYFP_Control_Media,LMO7_hCTZ,10,7,1293.0,1471.0714285714287,178.07142857142867,0.9970128265208199,0.634559672302767,-261.13204173906234,617.2748988819196,False
288,5,DREADD/CNO__r3__sNA | CONTROL/MEDIA__r1__sNA | LMO7/hCTZ__r3__sNA | LMO7/hCTZ__r6__sNA | PSAM/uPSEM__r2__sNA,DREADD_CNO | EYFP_Control_Media | LMO7_hCTZ | LMO7_hCTZ | PSAM_uPSEM,EYFP_Control_Media,PSAM_uPSEM,10,11,1293.0,1114.7727272727273,-178.22727272727275,-1.1254930047152145,0.5471846659710944,-567.6341587911973,211.1796133366517,False
289,4,CONTROL/MEDIA__r9__sNA | PSAM/uPSEM__r2__sNA | PSAM/uPSEM__r9__sNA | PSAM/uPSEM__r11__sNA,EYFP_Control_Media | PSAM_uPSEM | PSAM_uPSEM | PSAM_uPSEM,EYFP_Control_Media,DREADD_CNO,10,12,1334.75,1506.25,171.5,1.1346546790789631,0.5381829517269276,-199.37364775075912,542.3736477507591,False
289,4,CONTROL/MEDIA__r9__sNA | PSAM/uPSEM__r2__sNA | PSAM/uPSEM__r9__sNA | PSAM/uPSEM__r11__sNA,EYFP_Control_Media | PSAM_uPSEM | PSAM_uPSEM | PSAM_uPSEM,EYFP_Control_Media,LMO7_hCTZ,10,9,1334.75,1357.2222222222222,22.47222222222217,0.1385513547031843,0.9980870972029895,-375.5073713861367,420.45181583058104,False
289,4,CONTROL/MEDIA__r9__sNA | PSAM/uPSEM__r2__sNA | PSAM/uPSEM__r9__sNA | PSAM/uPSEM__r11__sNA,EYFP_Control_Media | PSAM_uPSEM | PSAM_uPSEM | PSAM_uPSEM,EYFP_Control_Media,PSAM_uPSEM,10,9,1334.75,1036.9444444444443,-297.80555555555566,-1.8361051591753306,0.17923335051860345,-695.7851491639145,100.17403805280321,False
290,8,DREADD/CNO__r3__sNA | DREADD/CNO__r5__sNA | DREADD/CNO__r7__sNA | CONTROL/MEDIA__r4__sNA | CONTROL/MEDIA__r10__sNA | LMO7/hCTZ__r3__sNA | LMO7/hCTZ__r6__sNA | PSAM/uPSEM__r4__sNA,DREADD_CNO | DREADD_CNO | DREADD_CNO | EYFP_Control_Media | EYFP_Control_Media | LMO7_hCTZ | LMO7_hCTZ | PSAM_uPSEM,EYFP_Control_Media,DREADD_CNO,9,9,1249.4444444444443,1643.888888888889,394.44444444444457,2.342898578534122,0.06555549246882231,-20.991885370456203,809.8807742593453,False
290,8,DREADD/CNO__r3__sNA | DREADD/CNO__r5__sNA | DREADD/CNO__r7__sNA | CONTROL/MEDIA__r4__sNA | CONTROL/MEDIA__r10__sNA | LMO7/hCTZ__r3__sNA | LMO7/hCTZ__r6__sNA | PSAM/uPSEM__r4__sNA,DREADD_CNO | DREADD_CNO | DREADD_CNO | EYFP_Control_Media | EYFP_Control_Media | LMO7_hCTZ | LMO7_hCTZ | PSAM_uPSEM,EYFP_Control_Media,LMO7_hCTZ,9,7,1249.4444444444443,1471.0714285714287,221.62698412698433,1.2313862744285702,0.4766775112116832,-222.4931336404954,665.7471018944641,False
290,8,DREADD/CNO__r3__sNA | DREADD/CNO__r5__sNA | DREADD/CNO__r7__sNA | CONTROL/MEDIA__r4__sNA | CONTROL/MEDIA__r10__sNA | LMO7/hCTZ__r3__sNA | LMO7/hCTZ__r6__sNA | PSAM/uPSEM__r4__sNA,DREADD_CNO | DREADD_CNO | DREADD_CNO | EYFP_Control_Media | EYFP_Control_Media | LMO7_hCTZ | LMO7_hCTZ | PSAM_uPSEM,EYFP_Control_Media,PSAM_uPSEM,9,11,1249.4444444444443,1200.4545454545455,-48.98989898989885,-0.30519016347578676,0.9807239375664663,-445.09289768189996,347.11309970210226,False
291,6,DREADD/CNO__r4__sNA | LMO7/hCTZ__r1__sNA | LMO7/hCTZ__r2__sNA | PSAM/uPSEM__r2__sNA | PSAM/uPSEM__r4__sNA | PSAM/uPSEM__r9__sNA,DREADD_CNO | LMO7_hCTZ | LMO7_hCTZ | PSAM_uPSEM | PSAM_uPSEM | PSAM_uPSEM,EYFP_Control_Media,DREADD_CNO,11,11,1299.7727272727273,1525.909090909091,226.13636363636374,1.4535259427425848,0.354001135594629,-157.89446804741715,610.1671953201446,False
291,6,DREADD/CNO__r4__sNA | LMO7/hCTZ__r1__sNA | LMO7/hCTZ__r2__sNA | PSAM/uPSEM__r2__sNA | PSAM/uPSEM__r4__sNA | PSAM/uPSEM__r9__sNA,DREADD_CNO | LMO7_hCTZ | LMO7_hCTZ | PSAM_uPSEM | PSAM_uPSEM | PSAM_uPSEM,EYFP_Control_Media,LMO7_hCTZ,11,7,1299.7727272727273,1343.5714285714287,43.79870129870142,0.2482797970589174,0.9900422095864784,-391.65133145126504,479.24873404866787,False
291,6,DREADD/CNO__r4__sNA | LMO7/hCTZ__r1__sNA | LMO7/hCTZ__r2__sNA | PSAM/uPSEM__r2__sNA | PSAM/uPSEM__r4__sNA | PSAM/uPSEM__r9__sNA,DREADD_CNO | LMO7_hCTZ | LMO7_hCTZ | PSAM_uPSEM | PSAM_uPSEM | PSAM_uPSEM,EYFP_Control_Media,PSAM_uPSEM,11,9,1299.7727272727273,1028.3333333333333,-271.439393939394,-1.6551848972325265,0.2552138008164222,-676.2434338892284,133.36464601044042,False
292,8,DREADD/CNO__r5__sNA | CONTROL/MEDIA__r2__sNA | CONTROL/MEDIA__r3__sNA | LMO7/hCTZ__r1__sNA | LMO7/hCTZ__r4__sNA | LMO7/hCTZ__r6__sNA | PSAM/uPSEM__r9__sNA | PSAM/uPSEM__r12__sNA,DREADD_CNO | EYFP_Control_Media | EYFP_Control_Media | LMO7_hCTZ | LMO7_hCTZ | LMO7_hCTZ | PSAM_uPSEM | PSAM_uPSEM,EYFP_Control_Media,DREADD_CNO,9,11,1415.5555555555557,1538.8636363636363,123.3080808080806,0.7503124343505905,0.7965546532123551,-282.4026514290604,529.0188130452216,False
292,8,DREADD/CNO__r5__sNA | CONTROL/MEDIA__r2__sNA | CONTROL/MEDIA__r3__sNA | LMO7/hCTZ__r1__sNA | LMO7/hCTZ__r4__sNA | LMO7/hCTZ__r6__sNA | PSAM/uPSEM__r9__sNA | PSAM/uPSEM__r12__sNA,DREADD_CNO | EYFP_Control_Media | EYFP_Control_Media | LMO7_hCTZ | LMO7_hCTZ | LMO7_hCTZ | PSAM_uPSEM | PSAM_uPSEM,EYFP_Control_Media,LMO7_hCTZ,9,6,1415.5555555555557,1352.5,-63.05555555555566,-0.3272070201021409,0.976623914246252,-538.7935586592032,412.6824475480919,False
292,8,DREADD/CNO__r5__sNA | CONTROL/MEDIA__r2__sNA | CONTROL/MEDIA__r3__sNA | LMO7/hCTZ__r1__sNA | LMO7/hCTZ__r4__sNA | LMO7/hCTZ__r6__sNA | PSAM/uPSEM__r9__sNA | PSAM/uPSEM__r12__sNA,DREADD_CNO | EYFP_Control_Media | EYFP_Control_Media | LMO7_hCTZ | LMO7_hCTZ | LMO7_hCTZ | PSAM_uPSEM | PSAM_uPSEM,EYFP_Control_Media,PSAM_uPSEM,9,10,1415.5555555555557,1063.75,-351.80555555555566,-2.0940890868512505,0.11061162503646482,-766.5443313816834,62.93322027057212,False
293,8,DREADD/CNO__r4__sNA | DREADD/CNO__r7__sNA | CONTROL/MEDIA__r8__sNA | LMO7/hCTZ__r1__sNA | LMO7/hCTZ__r3__sNA | LMO7/hCTZ__r9__sNA | PSAM/uPSEM__r7__sNA | PSAM/uPSEM__r9__sNA,DREADD_CNO | DREADD_CNO | EYFP_Control_Media | LMO7_hCTZ | LMO7_hCTZ | LMO7_hCTZ | PSAM_uPSEM | PSAM_uPSEM,EYFP_Control_Media,DREADD_CNO,10,10,1227.5,1559.5,332.0,2.1297893809900734,0.10454955106388075,-53.84949378607456,717.8494937860746,False
293,8,DREADD/CNO__r4__sNA | DREADD/CNO__r7__sNA | CONTROL/MEDIA__r8__sNA | LMO7/hCTZ__r1__sNA | LMO7/hCTZ__r3__sNA | LMO7/hCTZ__r9__sNA | PSAM/uPSEM__r7__sNA | PSAM/uPSEM__r9__sNA,DREADD_CNO | DREADD_CNO | EYFP_Control_Media | LMO7_hCTZ | LMO7_hCTZ | LMO7_hCTZ | PSAM_uPSEM | PSAM_uPSEM,EYFP_Control_Media,LMO7_hCTZ,10,6,1227.5,1461.25,233.75,1.2986162255915927,0.4425676002212532,-211.79061820814195,679.290618208142,False
293,8,DREADD/CNO__r4__sNA | DREADD/CNO__r7__sNA | CONTROL/MEDIA__r8__sNA | LMO7/hCTZ__r1__sNA | LMO7/hCTZ__r3__sNA | LMO7/hCTZ__r9__sNA | PSAM/uPSEM__r7__sNA | PSAM/uPSEM__r9__sNA,DREADD_CNO | DREADD_CNO | EYFP_Control_Media | LMO7_hCTZ | LMO7_hCTZ | LMO7_hCTZ | PSAM_uPSEM | PSAM_uPSEM,EYFP_Control_Media,PSAM_uPSEM,10,10,1227.5,1130.0,-97.5,-0.6254652549594343,0.8719451817477971,-483.34949378607456,288.34949378607456,False
294,4,DREADD/CNO__r6__sNA | CONTROL/MEDIA__r4__sNA | PSAM/uPSEM__r2__sNA | PSAM/uPSEM__r9__sNA,DREADD_CNO | EYFP_Control_Media | PSAM_uPSEM | PSAM_uPSEM,EYFP_Control_Media,DREADD_CNO,10,11,1330.25,1449.090909090909,118.84090909090901,0.8054372562662018,0.7602556277196079,-243.15653729378818,480.8383554756062,False
294,4,DREADD/CNO__r6__sNA | CONTROL/MEDIA__r4__sNA | PSAM/uPSEM__r2__sNA | PSAM/uPSEM__r9__sNA,DREADD_CNO | EYFP_Control_Media | PSAM_uPSEM | PSAM_uPSEM,EYFP_Control_Media,LMO7_hCTZ,10,9,1330.25,1357.2222222222222,26.97222222222217,0.17383620695735574,0.9962463357128752,-353.69698522009304,407.6414296645374,False
294,4,DREADD/CNO__r6__sNA | CONTROL/MEDIA__r4__sNA | PSAM/uPSEM__r2__sNA | PSAM/uPSEM__r9__sNA,DREADD_CNO | EYFP_Control_Media | PSAM_uPSEM | PSAM_uPSEM,EYFP_Control_Media,PSAM_uPSEM,10,10,1330.25,1022.75,-307.5,-2.0361472222258317,0.12168896806960117,-678.0161988720805,63.01619887208051,False
295,8,LMO7/hCTZ__r3__sNA | LMO7/hCTZ__r5__sNA | LMO7/hCTZ__r7__sNA | LMO7/hCTZ__r8__sNA | PSAM/uPSEM__r2__sNA | PSAM/uPSEM__r4__sNA | PSAM/uPSEM__r8__sNA | PSAM/uPSEM__r9__sNA,LMO7_hCTZ | LMO7_hCTZ | LMO7_hCTZ | LMO7_hCTZ | PSAM_uPSEM | PSAM_uPSEM | PSAM_uPSEM | PSAM_uPSEM,EYFP_Control_Media,DREADD_CNO,11,12,1299.7727272727273,1506.25,206.47727272727275,1.3970696216675265,0.3912869802044331,-160.3827415104222,573.3372869649677,False
295,8,LMO7/hCTZ__r3__sNA | LMO7/hCTZ__r5__sNA | LMO7/hCTZ__r7__sNA | LMO7/hCTZ__r8__sNA | PSAM/uPSEM__r2__sNA | PSAM/uPSEM__r4__sNA | PSAM/uPSEM__r8__sNA | PSAM/uPSEM__r9__sNA,LMO7_hCTZ | LMO7_hCTZ | LMO7_hCTZ | LMO7_hCTZ | PSAM_uPSEM | PSAM_uPSEM | PSAM_uPSEM | PSAM_uPSEM,EYFP_Control_Media,LMO7_hCTZ,11,5,1299.7727272727273,1448.0,148.22727272727275,0.7761974613040588,0.7932155650505992,-325.7986286832294,622.253174137775,False
295,8,LMO7/hCTZ__r3__sNA | LMO7/hCTZ__r5__sNA | LMO7/hCTZ__r7__sNA | LMO7/hCTZ__r8__sNA | PSAM/uPSEM__r2__sNA | PSAM/uPSEM__r4__sNA | PSAM/uPSEM__r8__sNA | PSAM/uPSEM__r9__sNA,LMO7_hCTZ | LMO7_hCTZ | LMO7_hCTZ | LMO7_hCTZ | PSAM_uPSEM | PSAM_uPSEM | PSAM_uPSEM | PSAM_uPSEM,EYFP_Control_Media,PSAM_uPSEM,11,8,1299.7727272727273,1030.9375,-268.83522727272725,-1.6340805426126184,0.26921563700963,-677.2099856974694,139.53953115201494,False
296,8,DREADD/CNO__r4__sNA | DREADD/CNO__r7__sNA | CONTROL/MEDIA__r8__sNA | CONTROL/MEDIA__r10__sNA | CONTROL/MEDIA__r11__sNA | LMO7/hCTZ__r3__sNA | LMO7/hCTZ__r4__sNA | PSAM/uPSEM__r11__sNA,DREADD_CNO | DREADD_CNO | EYFP_Control_Media | EYFP_Control_Media | EYFP_Control_Media | LMO7_hCTZ | LMO7_hCTZ | PSAM_uPSEM,EYFP_Control_Media,DREADD_CNO,8,10,1113.125,1559.5,446.375,2.6926089930806656,0.02918896046945041,39.007618072056516,853.7423819279435,True
296,8,DREADD/CNO__r4__sNA | DREADD/CNO__r7__sNA | CONTROL/MEDIA__r8__sNA | CONTROL/MEDIA__r10__sNA | CONTROL/MEDIA__r11__sNA | LMO7/hCTZ__r3__sNA | LMO7/hCTZ__r4__sNA | PSAM/uPSEM__r11__sNA,DREADD_CNO | DREADD_CNO | EYFP_Control_Media | EYFP_Control_Media | EYFP_Control_Media | LMO7_hCTZ | LMO7_hCTZ | PSAM_uPSEM,EYFP_Control_Media,LMO7_hCTZ,8,7,1113.125,1430.0,316.875,1.7518666635534763,0.20682480850724572,-127.59925317637777,761.3492531763777,False
296,8,DREADD/CNO__r4__sNA | DREADD/CNO__r7__sNA | CONTROL/MEDIA__r8__sNA | CONTROL/MEDIA__r10__sNA | CONTROL/MEDIA__r11__sNA | LMO7/hCTZ__r3__sNA | LMO7/hCTZ__r4__sNA | PSAM/uPSEM__r11__sNA,DREADD_CNO | DREADD_CNO | EYFP_Control_Media | EYFP_Control_Media | EYFP_Control_Media | LMO7_hCTZ | LMO7_hCTZ | PSAM_uPSEM,EYFP_Control_Media,PSAM_uPSEM,8,11,1113.125,1207.5,94.375,0.5811472513389768,0.8842507054765291,-304.6778871380557,493.4278871380557,False
297,4,CONTROL/MEDIA__r6__sNA | CONTROL/MEDIA__r8__sNA | CONTROL/MEDIA__r10__sNA | PSAM/uPSEM__r2__sNA,EYFP_Control_Media | EYFP_Control_Media | EYFP_Control_Media | PSAM_uPSEM,EYFP_Control_Media,DREADD_CNO,8,12,1163.75,1506.25,342.5,2.204285495152907,0.08271045509045927,-35.867614075404845,720.8676140754048,False
297,4,CONTROL/MEDIA__r6__sNA | CONTROL/MEDIA__r8__sNA | CONTROL/MEDIA__r10__sNA | PSAM/uPSEM__r2__sNA,EYFP_Control_Media | EYFP_Control_Media | EYFP_Control_Media | PSAM_uPSEM,EYFP_Control_Media,LMO7_hCTZ,8,9,1163.75,1357.2222222222222,193.47222222222217,1.1696261133340082,0.49707928322783335,-209.33086229749256,596.2753067419369,False
297,4,CONTROL/MEDIA__r6__sNA | CONTROL/MEDIA__r8__sNA | CONTROL/MEDIA__r10__sNA | PSAM/uPSEM__r2__sNA,EYFP_Control_Media | EYFP_Control_Media | EYFP_Control_Media | PSAM_uPSEM,EYFP_Control_Media,PSAM_uPSEM,8,11,1163.75,1114.7727272727273,-48.97727272727275,-0.3096319600446209,0.9775767970629112,-434.16286975630186,336.20832430175636,False
298,7,DREADD/CNO__r3__sNA | DREADD/CNO__r7__sNA | CONTROL/MEDIA__r3__sNA | CONTROL/MEDIA__r8__sNA | CONTROL/MEDIA__r10__sNA | CONTROL/MEDIA__r11__sNA | PSAM/uPSEM__r1__sNA,DREADD_CNO | DREADD_CNO | EYFP_Control_Media | EYFP_Control_Media | EYFP_Control_Media | EYFP_Control_Media | PSAM_uPSEM,EYFP_Control_Media,DREADD_CNO,7,10,1141.0714285714287,1594.25,453.17857142857133,2.564692977558347,0.03772603064517677,21.557997727625718,884.799145129517,True
298,7,DREADD/CNO__r3__sNA | DREADD/CNO__r7__sNA | CONTROL/MEDIA__r3__sNA | CONTROL/MEDIA__r8__sNA | CONTROL/MEDIA__r10__sNA | CONTROL/MEDIA__r11__sNA | PSAM/uPSEM__r1__sNA,DREADD_CNO | DREADD_CNO | EYFP_Control_Media | EYFP_Control_Media | EYFP_Control_Media | EYFP_Control_Media | PSAM_uPSEM,EYFP_Control_Media,LMO7_hCTZ,7,9,1141.0714285714287,1357.2222222222222,216.1507936507935,1.1962131579083846,0.47592649160411693,-225.23303100899506,657.5346183105821,False
298,7,DREADD/CNO__r3__sNA | DREADD/CNO__r7__sNA | CONTROL/MEDIA__r3__sNA | CONTROL/MEDIA__r8__sNA | CONTROL/MEDIA__r10__sNA | CONTROL/MEDIA__r11__sNA | PSAM/uPSEM__r1__sNA,DREADD_CNO | DREADD_CNO | EYFP_Control_Media | EYFP_Control_Media | EYFP_Control_Media | EYFP_Control_Media | PSAM_uPSEM,EYFP_Control_Media,PSAM_uPSEM,7,11,1141.0714285714287,1182.9545454545455,41.88311688311683,0.24159590072502,0.9886115096284727,-381.58194734049044,465.3481811067241,False
299,5,DREADD/CNO__r3__sNA | CONTROL/MEDIA__r10__sNA | LMO7/hCTZ__r7__sNA | PSAM/uPSEM__r8__sNA | PSAM/uPSEM__r9__sNA,DREADD_CNO | EYFP_Control_Media | LMO7_hCTZ | PSAM_uPSEM | PSAM_uPSEM,EYFP_Control_Media,DREADD_CNO,10,11,1224.0,1557.5,333.5,2.1592078458944415,0.09548868426878221,-46.211023326929364,713.2110233269293,False
299,5,DREADD/CNO__r3__sNA | CONTROL/MEDIA__r10__sNA | LMO7/hCTZ__r7__sNA | PSAM/uPSEM__r8__sNA | PSAM/uPSEM__r9__sNA,DREADD_CNO | EYFP_Control_Media | LMO7_hCTZ | PSAM_uPSEM | PSAM_uPSEM,EYFP_Control_Media,LMO7_hCTZ,10,8,1224.0,1359.375,135.375,0.8073449382492659,0.7610866097672035,-276.84699379822155,547.5969937982215,False
299,5,DREADD/CNO__r3__sNA | CONTROL/MEDIA__r10__sNA | LMO7/hCTZ__r7__sNA | PSAM/uPSEM__r8__sNA | PSAM/uPSEM__r9__sNA,DREADD_CNO | EYFP_Control_Media | LMO7_hCTZ | PSAM_uPSEM | PSAM_uPSEM,EYFP_Control_Media,PSAM_uPSEM,10,10,1224.0,1113.5,-110.5,-0.6989710626647345,0.8275055275933636,-499.14662289194854,278.14662289194854,False
300,5,CONTROL/MEDIA__r1__sNA | CONTROL/MEDIA__r2__sNA | CONTROL/MEDIA__r3__sNA | LMO7/hCTZ__r3__sNA | PSAM/uPSEM__r9__sNA,EYFP_Control_Media | EYFP_Control_Media | EYFP_Control_Media | LMO7_hCTZ | PSAM_uPSEM,EYFP_Control_Media,DREADD_CNO,8,12,1421.5625,1506.25,84.6875,0.5443038169548232,0.8985157057208166,-294.9443314255372,464.3193314255372,False
300,5,CONTROL/MEDIA__r1__sNA | CONTROL/MEDIA__r2__sNA | CONTROL/MEDIA__r3__sNA | LMO7/hCTZ__r3__sNA | PSAM/uPSEM__r9__sNA,EYFP_Control_Media | EYFP_Control_Media | EYFP_Control_Media | LMO7_hCTZ | PSAM_uPSEM,EYFP_Control_Media,LMO7_hCTZ,8,8,1421.5625,1447.8125,26.25,0.15401419562924254,0.9971053598180035,-389.6158352375307,442.1158352375307,False
300,5,CONTROL/MEDIA__r1__sNA | CONTROL/MEDIA__r2__sNA | CONTROL/MEDIA__r3__sNA | LMO7/hCTZ__r3__sNA | PSAM/uPSEM__r9__sNA,EYFP_Control_Media | EYFP_Control_Media | EYFP_Control_Media | LMO7_hCTZ | PSAM_uPSEM,EYFP_Control_Media,PSAM_uPSEM,8,11,1421.5625,1103.8636363636363,-317.69886363636374,-2.005772375117916,0.12533186531356566,-704.1714585390748,68.7737312663474,False
301,3,DREADD/CNO__r3__sNA | DREADD/CNO__r5__sNA | PSAM/uPSEM__r2__sNA,DREADD_CNO | DREADD_CNO | PSAM_uPSEM,EYFP_Control_Media,DREADD_CNO,11,10,1299.7727272727273,1598.5,298.72727272727275,1.8527066191563015,0.17530201103811538,-96.92490571954124,694.3794511740867,False
301,3,DREADD/CNO__r3__sNA | DREADD/CNO__r5__sNA | PSAM/uPSEM__r2__sNA,DREADD_CNO | DREADD_CNO | PSAM_uPSEM,EYFP_Control_Media,LMO7_hCTZ,11,9,1299.7727272727273,1357.2222222222222,57.44949494949492,0.34636491878322306,0.9731872347403395,-349.5535487447902,464.45253864378003,False
301,3,DREADD/CNO__r3__sNA | DREADD/CNO__r5__sNA | PSAM/uPSEM__r2__sNA,DREADD_CNO | DREADD_CNO | PSAM_uPSEM,EYFP_Control_Media,PSAM_uPSEM,11,11,1299.7727272727273,1114.7727272727273,-185.0,-1.1757044368041187,0.5157310681904297,-571.1169898084918,201.11698980849184,False
302,6,CONTROL/MEDIA__r2__sNA | CONTROL/MEDIA__r4__sNA | CONTROL/MEDIA__r8__sNA | LMO7/hCTZ__r3__sNA | LMO7/hCTZ__r9__sNA | PSAM/uPSEM__r9__sNA,EYFP_Control_Media | EYFP_Control_Media | EYFP_Control_Media | LMO7_hCTZ | LMO7_hCTZ | PSAM_uPSEM,EYFP_Control_Media,DREADD_CNO,8,12,1330.0,1506.25,176.25,1.1711791217353476,0.5021603549483338,-192.24381659775787,544.7438165977578,False
302,6,CONTROL/MEDIA__r2__sNA | CONTROL/MEDIA__r4__sNA | CONTROL/MEDIA__r8__sNA | LMO7/hCTZ__r3__sNA | LMO7/hCTZ__r9__sNA | PSAM/uPSEM__r9__sNA,EYFP_Control_Media | EYFP_Control_Media | EYFP_Control_Media | LMO7_hCTZ | LMO7_hCTZ | PSAM_uPSEM,EYFP_Control_Media,LMO7_hCTZ,8,7,1330.0,1430.0,100.0,0.5860328504629355,0.8796874925639321,-317.8327135925912,517.8327135925912,False
302,6,CONTROL/MEDIA__r2__sNA | CONTROL/MEDIA__r4__sNA | CONTROL/MEDIA__r8__sNA | LMO7/hCTZ__r3__sNA | LMO7/hCTZ__r9__sNA | PSAM/uPSEM__r9__sNA,EYFP_Control_Media | EYFP_Control_Media | EYFP_Control_Media | LMO7_hCTZ | LMO7_hCTZ | PSAM_uPSEM,EYFP_Control_Media,PSAM_uPSEM,8,11,1330.0,1103.8636363636363,-226.13636363636374,-1.4760753144399292,0.32415966070539537,-601.2702426142458,148.99751534151835,False
303,7,DREADD/CNO__r5__sNA | DREADD/CNO__r7__sNA | CONTROL/MEDIA__r1__sNA | CONTROL/MEDIA__r7__sNA | CONTROL/MEDIA__r10__sNA | PSAM/uPSEM__r3__sNA | PSAM/uPSEM__r9__sNA,DREADD_CNO | DREADD_CNO | EYFP_Control_Media | EYFP_Control_Media | EYFP_Control_Media | PSAM_uPSEM | PSAM_uPSEM,EYFP_Control_Media,DREADD_CNO,8,10,1178.125,1573.75,395.625,2.299253587510481,0.06961093944236263,-26.298221277927837,817.5482212779278,False
303,7,DREADD/CNO__r5__sNA | DREADD/CNO__r7__sNA | CONTROL/MEDIA__r1__sNA | CONTROL/MEDIA__r7__sNA | CONTROL/MEDIA__r10__sNA | PSAM/uPSEM__r3__sNA | PSAM/uPSEM__r9__sNA,DREADD_CNO | DREADD_CNO | EYFP_Control_Media | EYFP_Control_Media | EYFP_Control_Media | PSAM_uPSEM | PSAM_uPSEM,EYFP_Control_Media,LMO7_hCTZ,8,9,1178.125,1357.2222222222222,179.09722222222217,1.0160733064665066,0.606738205621835,-253.1183217928978,611.3127662373422,False
303,7,DREADD/CNO__r5__sNA | DREADD/CNO__r7__sNA | CONTROL/MEDIA__r1__sNA | CONTROL/MEDIA__r7__sNA | CONTROL/MEDIA__r10__sNA | PSAM/uPSEM__r3__sNA | PSAM/uPSEM__r9__sNA,DREADD_CNO | DREADD_CNO | EYFP_Control_Media | EYFP_Control_Media | EYFP_Control_Media | PSAM_uPSEM | PSAM_uPSEM,EYFP_Control_Media,PSAM_uPSEM,8,10,1178.125,1119.5,-58.625,-0.3407108791603209,0.9716628023480827,-480.54822127792784,363.29822127792784,False
304,6,DREADD/CNO__r10__sNA | CONTROL/MEDIA__r9__sNA | CONTROL/MEDIA__r11__sNA | PSAM/uPSEM__r2__sNA | PSAM/uPSEM__r4__sNA | PSAM/uPSEM__r9__sNA,DREADD_CNO | EYFP_Control_Media | EYFP_Control_Media | PSAM_uPSEM | PSAM_uPSEM | PSAM_uPSEM,EYFP_Control_Media,DREADD_CNO,9,11,1337.2222222222222,1518.409090909091,181.18686868686882,1.1103688659789355,0.5502437438594354,-219.5169174177156,581.8906547914532,False
304,6,DREADD/CNO__r10__sNA | CONTROL/MEDIA__r9__sNA | CONTROL/MEDIA__r11__sNA | PSAM/uPSEM__r2__sNA | PSAM/uPSEM__r4__sNA | PSAM/uPSEM__r9__sNA,DREADD_CNO | EYFP_Control_Media | EYFP_Control_Media | PSAM_uPSEM | PSAM_uPSEM | PSAM_uPSEM,EYFP_Control_Media,LMO7_hCTZ,9,9,1337.2222222222222,1357.2222222222222,20.0,0.11686224080660375,0.9988118543990352,-400.261676361768,440.261676361768,False
304,6,DREADD/CNO__r10__sNA | CONTROL/MEDIA__r9__sNA | CONTROL/MEDIA__r11__sNA | PSAM/uPSEM__r2__sNA | PSAM/uPSEM__r4__sNA | PSAM/uPSEM__r9__sNA,DREADD_CNO | EYFP_Control_Media | EYFP_Control_Media | PSAM_uPSEM | PSAM_uPSEM | PSAM_uPSEM,EYFP_Control_Media,PSAM_uPSEM,9,9,1337.2222222222222,1028.3333333333333,-308.8888888888889,-1.8048723857908802,0.18878263522696526,-729.1505652506569,111.37278747287911,False
305,6,DREADD/CNO__r3__sNA | DREADD/CNO__r5__sNA | CONTROL/MEDIA__r5__sNA | CONTROL/MEDIA__r7__sNA | LMO7/hCTZ__r4__sNA | PSAM/uPSEM__r2__sNA,DREADD_CNO | DREADD_CNO | EYFP_Control_Media | EYFP_Control_Media | LMO7_hCTZ | PSAM_uPSEM,EYFP_Control_Media,DREADD_CNO,9,10,1241.111111111111,1598.5,357.3888888888889,2.0725132911050497,0.11295400314006843,-66.10646224378445,780.8842400215623,False
305,6,DREADD/CNO__r3__sNA | DREADD/CNO__r5__sNA | CONTROL/MEDIA__r5__sNA | CONTROL/MEDIA__r7__sNA | LMO7/hCTZ__r4__sNA | PSAM/uPSEM__r2__sNA,DREADD_CNO | DREADD_CNO | EYFP_Control_Media | EYFP_Control_Media | LMO7_hCTZ | PSAM_uPSEM,EYFP_Control_Media,LMO7_hCTZ,9,8,1241.111111111111,1330.3125,89.20138888888891,0.4891310445892666,0.9273250025677638,-358.6679317580616,537.0707095358395,False
305,6,DREADD/CNO__r3__sNA | DREADD/CNO__r5__sNA | CONTROL/MEDIA__r5__sNA | CONTROL/MEDIA__r7__sNA | LMO7/hCTZ__r4__sNA | PSAM/uPSEM__r2__sNA,DREADD_CNO | DREADD_CNO | EYFP_Control_Media | EYFP_Control_Media | LMO7_hCTZ | PSAM_uPSEM,EYFP_Control_Media,PSAM_uPSEM,9,11,1241.111111111111,1114.7727272727273,-126.33838383838383,-0.74894468013261,0.7927968042937921,-540.6150780414195,287.9383103646518,False
306,6,CONTROL/MEDIA__r4__sNA | LMO7/hCTZ__r6__sNA | PSAM/uPSEM__r1__sNA | PSAM/uPSEM__r2__sNA | PSAM/uPSEM__r8__sNA | PSAM/uPSEM__r9__sNA,EYFP_Control_Media | LMO7_hCTZ | PSAM_uPSEM | PSAM_uPSEM | PSAM_uPSEM | PSAM_uPSEM,EYFP_Control_Media,DREADD_CNO,10,12,1330.25,1506.25,176.0,1.1288322284718693,0.5470155425562353,-208.3160775099542,560.3160775099542,False
306,6,CONTROL/MEDIA__r4__sNA | LMO7/hCTZ__r6__sNA | PSAM/uPSEM__r1__sNA | PSAM/uPSEM__r2__sNA | PSAM/uPSEM__r8__sNA | PSAM/uPSEM__r9__sNA,EYFP_Control_Media | LMO7_hCTZ | PSAM_uPSEM | PSAM_uPSEM | PSAM_uPSEM | PSAM_uPSEM,EYFP_Control_Media,LMO7_hCTZ,10,8,1330.25,1366.25,36.0,0.20842446310218773,0.9937791839592371,-389.7543508922615,461.7543508922615,False
306,6,CONTROL/MEDIA__r4__sNA | LMO7/hCTZ__r6__sNA | PSAM/uPSEM__r1__sNA | PSAM/uPSEM__r2__sNA | PSAM/uPSEM__r8__sNA | PSAM/uPSEM__r9__sNA,EYFP_Control_Media | LMO7_hCTZ | PSAM_uPSEM | PSAM_uPSEM | PSAM_uPSEM | PSAM_uPSEM,EYFP_Control_Media,PSAM_uPSEM,10,8,1330.25,1006.875,-323.375,-1.872201687657499,0.1702291221094252,-749.1293508922615,102.37935089226153,False
307,6,CONTROL/MEDIA__r5__sNA | CONTROL/MEDIA__r8__sNA | CONTROL/MEDIA__r10__sNA | CONTROL/MEDIA__r11__sNA | LMO7/hCTZ__r4__sNA | LMO7/hCTZ__r7__sNA,EYFP_Control_Media | EYFP_Control_Media | EYFP_Control_Media | EYFP_Control_Media | LMO7_hCTZ | LMO7_hCTZ,EYFP_Control_Media,DREADD_CNO,7,12,1032.142857142857,1506.25,474.1071428571429,2.7830212824979017,0.02234770162626043,59.08616963185494,889.1281160824308,True
307,6,CONTROL/MEDIA__r5__sNA | CONTROL/MEDIA__r8__sNA | CONTROL/MEDIA__r10__sNA | CONTROL/MEDIA__r11__sNA | LMO7/hCTZ__r4__sNA | LMO7/hCTZ__r7__sNA,EYFP_Control_Media | EYFP_Control_Media | EYFP_Control_Media | EYFP_Control_Media | LMO7_hCTZ | LMO7_hCTZ,EYFP_Control_Media,LMO7_hCTZ,7,7,1032.142857142857,1328.9285714285713,296.7857142857142,1.5500803154148246,0.2810042054449007,-169.6575917522428,763.2290203236712,False
307,6,CONTROL/MEDIA__r5__sNA | CONTROL/MEDIA__r8__sNA | CONTROL/MEDIA__r10__sNA | CONTROL/MEDIA__r11__sNA | LMO7/hCTZ__r4__sNA | LMO7/hCTZ__r7__sNA,EYFP_Control_Media | EYFP_Control_Media | EYFP_Control_Media | EYFP_Control_Media | LMO7_hCTZ | LMO7_hCTZ,EYFP_Control_Media,PSAM_uPSEM,7,12,1032.142857142857,1181.4583333333333,149.31547619047615,0.8764857359881963,0.6913410372139253,-265.7054970348118,564.336449415764,False
308,8,DREADD/CNO__r4__sNA | DREADD/CNO__r7__sNA | CONTROL/MEDIA__r5__sNA | CONTROL/MEDIA__r7__sNA | CONTROL/MEDIA__r10__sNA | LMO7/hCTZ__r1__sNA | LMO7/hCTZ__r4__sNA | PSAM/uPSEM__r2__sNA,DREADD_CNO | DREADD_CNO | EYFP_Control_Media | EYFP_Control_Media | EYFP_Control_Media | LMO7_hCTZ | LMO7_hCTZ | PSAM_uPSEM,EYFP_Control_Media,DREADD_CNO,8,10,1139.0625,1559.5,420.4375,2.3938790905537046,0.05752500946604622,-11.140118623915498,852.0151186239154,False
308,8,DREADD/CNO__r4__sNA | DREADD/CNO__r7__sNA | CONTROL/MEDIA__r5__sNA | CONTROL/MEDIA__r7__sNA | CONTROL/MEDIA__r10__sNA | LMO7/hCTZ__r1__sNA | LMO7/hCTZ__r4__sNA | PSAM/uPSEM__r2__sNA,DREADD_CNO | DREADD_CNO | EYFP_Control_Media | EYFP_Control_Media | EYFP_Control_Media | LMO7_hCTZ | LMO7_hCTZ | PSAM_uPSEM,EYFP_Control_Media,LMO7_hCTZ,8,7,1139.0625,1342.857142857143,203.7946428571429,1.063489418028882,0.5781596257955997,-267.09514418878,674.6844299030658,False
308,8,DREADD/CNO__r4__sNA | DREADD/CNO__r7__sNA | CONTROL/MEDIA__r5__sNA | CONTROL/MEDIA__r7__sNA | CONTROL/MEDIA__r10__sNA | LMO7/hCTZ__r1__sNA | LMO7/hCTZ__r4__sNA | PSAM/uPSEM__r2__sNA,DREADD_CNO | DREADD_CNO | EYFP_Control_Media | EYFP_Control_Media | EYFP_Control_Media | LMO7_hCTZ | LMO7_hCTZ | PSAM_uPSEM,EYFP_Control_Media,PSAM_uPSEM,8,11,1139.0625,1114.7727272727273,-24.289772727272748,-0.14118222183633783,0.9978545181206375,-447.0587581108484,398.4792126563029,False
309,4,DREADD/CNO__r8__sNA | LMO7/hCTZ__r7__sNA | PSAM/uPSEM__r2__sNA | PSAM/uPSEM__r9__sNA,DREADD_CNO | LMO7_hCTZ | PSAM_uPSEM | PSAM_uPSEM,EYFP_Control_Media,DREADD_CNO,11,11,1299.7727272727273,1480.0,180.22727272727275,1.1892395553252195,0.5091602958694275,-192.67165589159163,553.1262013461371,False
309,4,DREADD/CNO__r8__sNA | LMO7/hCTZ__r7__sNA | PSAM/uPSEM__r2__sNA | PSAM/uPSEM__r9__sNA,DREADD_CNO | LMO7_hCTZ | PSAM_uPSEM | PSAM_uPSEM,EYFP_Control_Media,LMO7_hCTZ,11,8,1299.7727272727273,1359.375,59.60227272727275,0.36090661832805143,0.9702440398515952,-346.7549137737815,465.959459228327,False
309,4,DREADD/CNO__r8__sNA | LMO7/hCTZ__r7__sNA | PSAM/uPSEM__r2__sNA | PSAM/uPSEM__r9__sNA,DREADD_CNO | LMO7_hCTZ | PSAM_uPSEM | PSAM_uPSEM,EYFP_Control_Media,PSAM_uPSEM,11,10,1299.7727272727273,1022.75,-277.02272727272725,-1.783896223284267,0.20058667112855622,-659.1304234963858,105.08496895093128,False
310,5,DREADD/CNO__r4__sNA | DREADD/CNO__r5__sNA | CONTROL/MEDIA__r8__sNA | LMO7/hCTZ__r2__sNA | PSAM/uPSEM__r9__sNA,DREADD_CNO | DREADD_CNO | EYFP_Control_Media | LMO7_hCTZ | PSAM_uPSEM,EYFP_Control_Media,DREADD_CNO,10,10,1227.5,1563.75,336.25,2.090017211540672,0.11009350145490793,-59.26330380208418,731.7633038020842,False
310,5,DREADD/CNO__r4__sNA | DREADD/CNO__r5__sNA | CONTROL/MEDIA__r8__sNA | LMO7/hCTZ__r2__sNA | PSAM/uPSEM__r9__sNA,DREADD_CNO | DREADD_CNO | EYFP_Control_Media | LMO7_hCTZ | PSAM_uPSEM,EYFP_Control_Media,LMO7_hCTZ,10,8,1227.5,1330.9375,103.4375,0.6061628606672734,0.8778013802600064,-316.06770875192325,522.9427087519232,False
310,5,DREADD/CNO__r4__sNA | DREADD/CNO__r5__sNA | CONTROL/MEDIA__r8__sNA | LMO7/hCTZ__r2__sNA | PSAM/uPSEM__r9__sNA,DREADD_CNO | DREADD_CNO | EYFP_Control_Media | LMO7_hCTZ | PSAM_uPSEM,EYFP_Control_Media,PSAM_uPSEM,10,11,1227.5,1103.8636363636363,-123.63636363636374,-0.7865665725286266,0.7742970413991141,-510.05619203625525,262.7834647635278,False
311,4,DREADD/CNO__r7__sNA | CONTROL/MEDIA__r7__sNA | CONTROL/MEDIA__r10__sNA | PSAM/uPSEM__r9__sNA,DREADD_CNO | EYFP_Control_Media | EYFP_Control_Media | PSAM_uPSEM,EYFP_Control_Media,DREADD_CNO,9,11,1199.1666666666667,1535.0,335.83333333333326,2.097951981343699,0.10535645348417999,-55.59761662521964,727.2642832918862,False
311,4,DREADD/CNO__r7__sNA | CONTROL/MEDIA__r7__sNA | CONTROL/MEDIA__r10__sNA | PSAM/uPSEM__r9__sNA,DREADD_CNO | EYFP_Control_Media | EYFP_Control_Media | PSAM_uPSEM,EYFP_Control_Media,LMO7_hCTZ,9,9,1199.1666666666667,1357.2222222222222,158.05555555555543,0.9414237852533813,0.6611896564226621,-252.48068820862267,568.5917993197336,False
311,4,DREADD/CNO__r7__sNA | CONTROL/MEDIA__r7__sNA | CONTROL/MEDIA__r10__sNA | PSAM/uPSEM__r9__sNA,DREADD_CNO | EYFP_Control_Media | EYFP_Control_Media | PSAM_uPSEM,EYFP_Control_Media,PSAM_uPSEM,9,11,1199.1666666666667,1103.8636363636363,-95.30303030303048,-0.5953583560862573,0.8771929570089749,-486.7339802615834,296.1279196555224,False
312,5,DREADD/CNO__r11__sNA | CONTROL/MEDIA__r10__sNA | LMO7/hCTZ__r3__sNA | PSAM/uPSEM__r8__sNA | PSAM/uPSEM__r9__sNA,DREADD_CNO | EYFP_Control_Media | LMO7_hCTZ | PSAM_uPSEM | PSAM_uPSEM,EYFP_Control_Media,DREADD_CNO,10,11,1224.0,1515.909090909091,291.909090909091,1.9478318422971237,0.14599468769601764,-76.51496205880818,660.3331438769901,False
312,5,DREADD/CNO__r11__sNA | CONTROL/MEDIA__r10__sNA | LMO7/hCTZ__r3__sNA | PSAM/uPSEM__r8__sNA | PSAM/uPSEM__r9__sNA,DREADD_CNO | EYFP_Control_Media | LMO7_hCTZ | PSAM_uPSEM | PSAM_uPSEM,EYFP_Control_Media,LMO7_hCTZ,10,8,1224.0,1447.8125,223.8125,1.3756571979274161,0.38955016281209043,-176.156129688392,623.781129688392,False
312,5,DREADD/CNO__r11__sNA | CONTROL/MEDIA__r10__sNA | LMO7/hCTZ__r3__sNA | PSAM/uPSEM__r8__sNA | PSAM/uPSEM__r9__sNA,DREADD_CNO | EYFP_Control_Media | LMO7_hCTZ | PSAM_uPSEM | PSAM_uPSEM,EYFP_Control_Media,PSAM_uPSEM,10,10,1224.0,1113.5,-110.5,-0.7203846093714803,0.8149505900578199,-487.59404041940405,266.59404041940405,False
313,8,DREADD/CNO__r3__sNA | DREADD/CNO__r10__sNA | CONTROL/MEDIA__r8__sNA | LMO7/hCTZ__r2__sNA | PSAM/uPSEM__r4__sNA | PSAM/uPSEM__r8__sNA | PSAM/uPSEM__r9__sNA | PSAM/uPSEM__r12__sNA,DREADD_CNO | DREADD_CNO | EYFP_Control_Media | LMO7_hCTZ | PSAM_uPSEM | PSAM_uPSEM | PSAM_uPSEM | PSAM_uPSEM,EYFP_Control_Media,DREADD_CNO,10,10,1227.5,1576.0,348.5,2.1606315375076126,0.0978875569253691,-50.70229064315669,747.7022906431566,False
313,8,DREADD/CNO__r3__sNA | DREADD/CNO__r10__sNA | CONTROL/MEDIA__r8__sNA | LMO7/hCTZ__r2__sNA | PSAM/uPSEM__r4__sNA | PSAM/uPSEM__r8__sNA | PSAM/uPSEM__r9__sNA | PSAM/uPSEM__r12__sNA,DREADD_CNO | DREADD_CNO | EYFP_Control_Media | LMO7_hCTZ | PSAM_uPSEM | PSAM_uPSEM | PSAM_uPSEM | PSAM_uPSEM,EYFP_Control_Media,LMO7_hCTZ,10,8,1227.5,1330.9375,103.4375,0.6046160654130516,0.8817702151337623,-319.98047016846874,526.8554701684687,False
313,8,DREADD/CNO__r3__sNA | DREADD/CNO__r10__sNA | CONTROL/MEDIA__r8__sNA | LMO7/hCTZ__r2__sNA | PSAM/uPSEM__r4__sNA | PSAM/uPSEM__r8__sNA | PSAM/uPSEM__r9__sNA | PSAM/uPSEM__r12__sNA,DREADD_CNO | DREADD_CNO | EYFP_Control_Media | LMO7_hCTZ | PSAM_uPSEM | PSAM_uPSEM | PSAM_uPSEM | PSAM_uPSEM,EYFP_Control_Media,PSAM_uPSEM,10,8,1227.5,1082.1875,-145.3125,-0.8493851070002083,0.7390904626078793,-568.7304701684687,278.10547016846874,False
314,5,DREADD/CNO__r12__sNA | CONTROL/MEDIA__r7__sNA | LMO7/hCTZ__r4__sNA | PSAM/uPSEM__r2__sNA | PSAM/uPSEM__r9__sNA,DREADD_CNO | EYFP_Control_Media | LMO7_hCTZ | PSAM_uPSEM | PSAM_uPSEM,EYFP_Control_Media,DREADD_CNO,10,11,1285.0,1492.2727272727273,207.27272727272725,1.3176129586565446,0.4236098621449057,-179.45572144149924,594.0011759869537,False
314,5,DREADD/CNO__r12__sNA | CONTROL/MEDIA__r7__sNA | LMO7/hCTZ__r4__sNA | PSAM/uPSEM__r2__sNA | PSAM/uPSEM__r9__sNA,DREADD_CNO | EYFP_Control_Media | LMO7_hCTZ | PSAM_uPSEM | PSAM_uPSEM,EYFP_Control_Media,LMO7_hCTZ,10,8,1285.0,1330.3125,45.3125,0.265329638460757,0.9872405518264501,-374.52775322913425,465.15275322913425,False
314,5,DREADD/CNO__r12__sNA | CONTROL/MEDIA__r7__sNA | LMO7/hCTZ__r4__sNA | PSAM/uPSEM__r2__sNA | PSAM/uPSEM__r9__sNA,DREADD_CNO | EYFP_Control_Media | LMO7_hCTZ | PSAM_uPSEM | PSAM_uPSEM,EYFP_Control_Media,PSAM_uPSEM,10,10,1285.0,1022.75,-262.25,-1.6287690169575701,0.26072397218285714,-658.0791867645308,133.57918676453085,False
315,4,CONTROL/MEDIA__r1__sNA | PSAM/uPSEM__r2__sNA | PSAM/uPSEM__r6__sNA | PSAM/uPSEM__r9__sNA,EYFP_Control_Media | PSAM_uPSEM | PSAM_uPSEM | PSAM_uPSEM,EYFP_Control_Media,DREADD_CNO,10,12,1293.0,1506.25,213.25,1.3905264055590643,0.3790806865158357,-163.05098865920303,589.5509886592031,False
315,4,CONTROL/MEDIA__r1__sNA | PSAM/uPSEM__r2__sNA | PSAM/uPSEM__r6__sNA | PSAM/uPSEM__r9__sNA,EYFP_Control_Media | PSAM_uPSEM | PSAM_uPSEM | PSAM_uPSEM,EYFP_Control_Media,LMO7_hCTZ,10,9,1293.0,1357.2222222222222,64.22222222222217,0.39024801359616196,0.9614868162527441,-339.5813789483243,468.02582339276864,False
315,4,CONTROL/MEDIA__r1__sNA | PSAM/uPSEM__r2__sNA | PSAM/uPSEM__r6__sNA | PSAM/uPSEM__r9__sNA,EYFP_Control_Media | PSAM_uPSEM | PSAM_uPSEM | PSAM_uPSEM,EYFP_Control_Media,PSAM_uPSEM,10,9,1293.0,1035.8333333333333,-257.16666666666674,-1.562679978318889,0.28940790650357495,-660.9702678372132,146.63693450387973,False
316,3,DREADD/CNO__r3__sNA | PSAM/uPSEM__r2__sNA | PSAM/uPSEM__r12__sNA,DREADD_CNO | PSAM_uPSEM | PSAM_uPSEM,EYFP_Control_Media,DREADD_CNO,11,11,1299.7727272727273,1557.5,257.72727272727275,1.6350762333304776,0.25892055526342617,-129.05811351882198,644.5126589733675,False
316,3,DREADD/CNO__r3__sNA | PSAM/uPSEM__r2__sNA | PSAM/uPSEM__r12__sNA,DREADD_CNO | PSAM_uPSEM | PSAM_uPSEM,EYFP_Control_Media,LMO7_hCTZ,11,9,1299.7727272727273,1357.2222222222222,57.44949494949492,0.3457682386282508,0.9733173341996583,-350.2581004523795,465.15709035136933,False
316,3,DREADD/CNO__r3__sNA | PSAM/uPSEM__r2__sNA | PSAM/uPSEM__r12__sNA,DREADD_CNO | PSAM_uPSEM | PSAM_uPSEM,EYFP_Control_Media,PSAM_uPSEM,11,10,1299.7727272727273,1075.75,-224.02272727272725,-1.38699552016194,0.3849547274666192,-620.3598082583673,172.31435371291275,False
317,5,CONTROL/MEDIA__r9__sNA | LMO7/hCTZ__r3__sNA | LMO7/hCTZ__r9__sNA | PSAM/uPSEM__r9__sNA | PSAM/uPSEM__r12__sNA,EYFP_Control_Media | LMO7_hCTZ | LMO7_hCTZ | PSAM_uPSEM | PSAM_uPSEM,EYFP_Control_Media,DREADD_CNO,10,12,1334.75,1506.25,171.5,1.1242834273740285,0.5481717972176466,-203.64669425691397,546.646694256914,False
317,5,CONTROL/MEDIA__r9__sNA | LMO7/hCTZ__r3__sNA | LMO7/hCTZ__r9__sNA | PSAM/uPSEM__r9__sNA | PSAM/uPSEM__r12__sNA,EYFP_Control_Media | LMO7_hCTZ | LMO7_hCTZ | PSAM_uPSEM | PSAM_uPSEM,EYFP_Control_Media,LMO7_hCTZ,10,7,1334.75,1430.0,95.25,0.5425277357627611,0.9081318996551913,-336.5233638556593,527.0233638556592,False
317,5,CONTROL/MEDIA__r9__sNA | LMO7/hCTZ__r3__sNA | LMO7/hCTZ__r9__sNA | PSAM/uPSEM__r9__sNA | PSAM/uPSEM__r12__sNA,EYFP_Control_Media | LMO7_hCTZ | LMO7_hCTZ | PSAM_uPSEM | PSAM_uPSEM,EYFP_Control_Media,PSAM_uPSEM,10,10,1334.75,1063.75,-271.0,-1.7009309946112299,0.2307955553301495,-662.8279430546346,120.8279430546346,False
318,8,DREADD/CNO__r10__sNA | CONTROL/MEDIA__r2__sNA | CONTROL/MEDIA__r10__sNA | CONTROL/MEDIA__r11__sNA | LMO7/hCTZ__r3__sNA | LMO7/hCTZ__r6__sNA | LMO7/hCTZ__r8__sNA | PSAM/uPSEM__r9__sNA,DREADD_CNO | EYFP_Control_Media | EYFP_Control_Media | EYFP_Control_Media | LMO7_hCTZ | LMO7_hCTZ | LMO7_hCTZ | PSAM_uPSEM,EYFP_Control_Media,DREADD_CNO,8,11,1285.9375,1518.409090909091,232.471590909091,1.4724909908526655,0.3306225454459051,-156.02045566153743,620.9636374797194,False
318,8,DREADD/CNO__r10__sNA | CONTROL/MEDIA__r2__sNA | CONTROL/MEDIA__r10__sNA | CONTROL/MEDIA__r11__sNA | LMO7/hCTZ__r3__sNA | LMO7/hCTZ__r6__sNA | LMO7/hCTZ__r8__sNA | PSAM/uPSEM__r9__sNA,DREADD_CNO | EYFP_Control_Media | EYFP_Control_Media | EYFP_Control_Media | LMO7_hCTZ | LMO7_hCTZ | LMO7_hCTZ | PSAM_uPSEM,EYFP_Control_Media,LMO7_hCTZ,8,6,1285.9375,1451.25,165.3125,0.9009081538151513,0.6905904414074957,-286.22109357344544,616.8460935734454,False
318,8,DREADD/CNO__r10__sNA | CONTROL/MEDIA__r2__sNA | CONTROL/MEDIA__r10__sNA | CONTROL/MEDIA__r11__sNA | LMO7/hCTZ__r3__sNA | LMO7/hCTZ__r6__sNA | LMO7/hCTZ__r8__sNA | PSAM/uPSEM__r9__sNA,DREADD_CNO | EYFP_Control_Media | EYFP_Control_Media | EYFP_Control_Media | LMO7_hCTZ | LMO7_hCTZ | LMO7_hCTZ | PSAM_uPSEM,EYFP_Control_Media,PSAM_uPSEM,8,11,1285.9375,1103.8636363636363,-182.07386363636374,-1.1532683319534076,0.5194947556303599,-570.5659102069922,206.41818293426468,False
319,3,DREADD/CNO__r5__sNA | CONTROL/MEDIA__r8__sNA | PSAM/uPSEM__r9__sNA,DREADD_CNO | EYFP_Control_Media | PSAM_uPSEM,EYFP_Control_Media,DREADD_CNO,10,11,1227.5,1538.8636363636363,311.36363636363626,2.0106924556455312,0.12701316287619147,-67.78138133735888,690.5086540646314,False
319,3,DREADD/CNO__r5__sNA | CONTROL/MEDIA__r8__sNA | PSAM/uPSEM__r9__sNA,DREADD_CNO | EYFP_Control_Media | PSAM_uPSEM,EYFP_Control_Media,LMO7_hCTZ,10,9,1227.5,1357.2222222222222,129.72222222222217,0.7966175987850201,0.7643149465187724,-268.97902508039317,528.4234695248375,False
319,3,DREADD/CNO__r5__sNA | CONTROL/MEDIA__r8__sNA | PSAM/uPSEM__r9__sNA,DREADD_CNO | EYFP_Control_Media | PSAM_uPSEM,EYFP_Control_Media,PSAM_uPSEM,10,11,1227.5,1103.8636363636363,-123.63636363636374,-0.7984063473512192,0.763117078217356,-502.7813813373589,255.5086540646314,False
320,8,DREADD/CNO__r7__sNA | CONTROL/MEDIA__r3__sNA | CONTROL/MEDIA__r5__sNA | CONTROL/MEDIA__r10__sNA | LMO7/hCTZ__r3__sNA | LMO7/hCTZ__r6__sNA | PSAM/uPSEM__r2__sNA | PSAM/uPSEM__r6__sNA,DREADD_CNO | EYFP_Control_Media | EYFP_Control_Media | EYFP_Control_Media | LMO7_hCTZ | LMO7_hCTZ | PSAM_uPSEM | PSAM_uPSEM,EYFP_Control_Media,DREADD_CNO,8,11,1205.3125,1535.0,329.6875,2.0441462769008365,0.11936660453336567,-66.63434392985778,726.0093439298578,False
320,8,DREADD/CNO__r7__sNA | CONTROL/MEDIA__r3__sNA | CONTROL/MEDIA__r5__sNA | CONTROL/MEDIA__r10__sNA | LMO7/hCTZ__r3__sNA | LMO7/hCTZ__r6__sNA | PSAM/uPSEM__r2__sNA | PSAM/uPSEM__r6__sNA,DREADD_CNO | EYFP_Control_Media | EYFP_Control_Media | EYFP_Control_Media | LMO7_hCTZ | LMO7_hCTZ | PSAM_uPSEM | PSAM_uPSEM,EYFP_Control_Media,LMO7_hCTZ,8,7,1205.3125,1471.0714285714287,265.75892857142867,1.4793849678918551,0.3261316020921182,-175.67342607600494,707.1912832188623,False
320,8,DREADD/CNO__r7__sNA | CONTROL/MEDIA__r3__sNA | CONTROL/MEDIA__r5__sNA | CONTROL/MEDIA__r10__sNA | LMO7/hCTZ__r3__sNA | LMO7/hCTZ__r6__sNA | PSAM/uPSEM__r2__sNA | PSAM/uPSEM__r6__sNA,DREADD_CNO | EYFP_Control_Media | EYFP_Control_Media | EYFP_Control_Media | LMO7_hCTZ | LMO7_hCTZ | PSAM_uPSEM | PSAM_uPSEM,EYFP_Control_Media,PSAM_uPSEM,8,10,1205.3125,1135.75,-69.5625,-0.4225021039164645,0.9496329151492058,-474.14193587489115,335.01693587489115,False
321,5,DREADD/CNO__r5__sNA | CONTROL/MEDIA__r5__sNA | CONTROL/MEDIA__r8__sNA | PSAM/uPSEM__r8__sNA | PSAM/uPSEM__r9__sNA,DREADD_CNO | EYFP_Control_Media | EYFP_Control_Media | PSAM_uPSEM | PSAM_uPSEM,EYFP_Control_Media,DREADD_CNO,9,11,1177.2222222222222,1538.8636363636363,361.6414141414141,2.2667638940556953,0.07465610741529172,-29.31969837737381,752.602526660202,False
321,5,DREADD/CNO__r5__sNA | CONTROL/MEDIA__r5__sNA | CONTROL/MEDIA__r8__sNA | PSAM/uPSEM__r8__sNA | PSAM/uPSEM__r9__sNA,DREADD_CNO | EYFP_Control_Media | EYFP_Control_Media | PSAM_uPSEM | PSAM_uPSEM,EYFP_Control_Media,LMO7_hCTZ,9,9,1177.2222222222222,1357.2222222222222,180.0,1.0757325009854484,0.5712760068633835,-230.04347410015095,590.0434741001509,False
321,5,DREADD/CNO__r5__sNA | CONTROL/MEDIA__r5__sNA | CONTROL/MEDIA__r8__sNA | PSAM/uPSEM__r8__sNA | PSAM/uPSEM__r9__sNA,DREADD_CNO | EYFP_Control_Media | EYFP_Control_Media | PSAM_uPSEM | PSAM_uPSEM,EYFP_Control_Media,PSAM_uPSEM,9,10,1177.2222222222222,1113.5,-63.72222222222217,-0.3907157292180179,0.9598480635362605,-463.3831636707394,335.93871922629506,False
322,3,DREADD/CNO__r3__sNA | CONTROL/MEDIA__r5__sNA | PSAM/uPSEM__r9__sNA,DREADD_CNO | EYFP_Control_Media | PSAM_uPSEM,EYFP_Control_Media,DREADD_CNO,10,11,1261.75,1557.5,295.75,1.868271867879629,0.167405117337877,-91.83573990394262,683.3357399039426,False
322,3,DREADD/CNO__r3__sNA | CONTROL/MEDIA__r5__sNA | PSAM/uPSEM__r9__sNA,DREADD_CNO | EYFP_Control_Media | PSAM_uPSEM,EYFP_Control_Media,LMO7_hCTZ,10,9,1261.75,1357.2222222222222,95.47222222222217,0.5735220390318729,0.8915526003668129,-312.1051181670338,503.04956261147817,False
322,3,DREADD/CNO__r3__sNA | CONTROL/MEDIA__r5__sNA | PSAM/uPSEM__r9__sNA,DREADD_CNO | EYFP_Control_Media | PSAM_uPSEM,EYFP_Control_Media,PSAM_uPSEM,10,11,1261.75,1103.8636363636363,-157.88636363636374,-0.9973783651855676,0.6290536246108605,-545.4721035403063,229.69937626757888,False
323,5,DREADD/CNO__r3__sNA | CONTROL/MEDIA__r10__sNA | LMO7/hCTZ__r5__sNA | LMO7/hCTZ__r6__sNA | PSAM/uPSEM__r2__sNA,DREADD_CNO | EYFP_Control_Media | LMO7_hCTZ | LMO7_hCTZ | PSAM_uPSEM,EYFP_Control_Media,DREADD_CNO,10,11,1224.0,1557.5,333.5,2.1091660994420214,0.10606122175781751,-55.32781210672101,722.327812106721,False
323,5,DREADD/CNO__r3__sNA | CONTROL/MEDIA__r10__sNA | LMO7/hCTZ__r5__sNA | LMO7/hCTZ__r6__sNA | PSAM/uPSEM__r2__sNA,DREADD_CNO | EYFP_Control_Media | LMO7_hCTZ | LMO7_hCTZ | PSAM_uPSEM,EYFP_Control_Media,LMO7_hCTZ,10,7,1224.0,1359.642857142857,135.6428571428571,0.7605884694882539,0.7911908545347435,-302.9074883753609,574.1932026610751,False
323,5,DREADD/CNO__r3__sNA | CONTROL/MEDIA__r10__sNA | LMO7/hCTZ__r5__sNA | LMO7/hCTZ__r6__sNA | PSAM/uPSEM__r2__sNA,DREADD_CNO | EYFP_Control_Media | LMO7_hCTZ | LMO7_hCTZ | PSAM_uPSEM,EYFP_Control_Media,PSAM_uPSEM,10,11,1224.0,1114.7727272727273,-109.22727272727275,-0.6907899873189558,0.8327191774682182,-498.05508483399376,279.60053937944826,False
324,7,DREADD/CNO__r3__sNA | DREADD/CNO__r4__sNA | CONTROL/MEDIA__r8__sNA | LMO7/hCTZ__r1__sNA | LMO7/hCTZ__r5__sNA | LMO7/hCTZ__r9__sNA | PSAM/uPSEM__r2__sNA,DREADD_CNO | DREADD_CNO | EYFP_Control_Media | LMO7_hCTZ | LMO7_hCTZ | LMO7_hCTZ | PSAM_uPSEM,EYFP_Control_Media,DREADD_CNO,10,10,1227.5,1584.25,356.75,2.159355201449569,0.09753290043822938,-51.13066856907545,764.6306685690754,False
324,7,DREADD/CNO__r3__sNA | DREADD/CNO__r4__sNA | CONTROL/MEDIA__r8__sNA | LMO7/hCTZ__r1__sNA | LMO7/hCTZ__r5__sNA | LMO7/hCTZ__r9__sNA | PSAM/uPSEM__r2__sNA,DREADD_CNO | DREADD_CNO | EYFP_Control_Media | LMO7_hCTZ | LMO7_hCTZ | LMO7_hCTZ | PSAM_uPSEM,EYFP_Control_Media,LMO7_hCTZ,10,6,1227.5,1331.25,103.75,0.5438496363023808,0.9094607181579113,-367.23002759120044,574.7300275912005,False
324,7,DREADD/CNO__r3__sNA | DREADD/CNO__r4__sNA | CONTROL/MEDIA__r8__sNA | LMO7/hCTZ__r1__sNA | LMO7/hCTZ__r5__sNA | LMO7/hCTZ__r9__sNA | PSAM/uPSEM__r2__sNA,DREADD_CNO | DREADD_CNO | EYFP_Control_Media | LMO7_hCTZ | LMO7_hCTZ | LMO7_hCTZ | PSAM_uPSEM,EYFP_Control_Media,PSAM_uPSEM,10,11,1227.5,1114.7727272727273,-112.72727272727275,-0.6983783995213414,0.8315725049092728,-511.23012064908414,285.77557519453865,False
325,6,DREADD/CNO__r5__sNA | CONTROL/MEDIA__r10__sNA | CONTROL/MEDIA__r11__sNA | LMO7/hCTZ__r6__sNA | PSAM/uPSEM__r2__sNA | PSAM/uPSEM__r12__sNA,DREADD_CNO | EYFP_Control_Media | EYFP_Control_Media | LMO7_hCTZ | PSAM_uPSEM | PSAM_uPSEM,EYFP_Control_Media,DREADD_CNO,9,11,1214.1666666666667,1538.8636363636363,324.6969696969695,1.9605518388341903,0.14090674195759534,-82.03579662568063,731.4297360196197,False
325,6,DREADD/CNO__r5__sNA | CONTROL/MEDIA__r10__sNA | CONTROL/MEDIA__r11__sNA | LMO7/hCTZ__r6__sNA | PSAM/uPSEM__r2__sNA | PSAM/uPSEM__r12__sNA,DREADD_CNO | EYFP_Control_Media | EYFP_Control_Media | LMO7_hCTZ | PSAM_uPSEM | PSAM_uPSEM,EYFP_Control_Media,LMO7_hCTZ,9,8,1214.1666666666667,1366.25,152.08333333333326,0.8494169152220644,0.7280462648336581,-287.63034181852714,591.7970084851936,False
325,6,DREADD/CNO__r5__sNA | CONTROL/MEDIA__r10__sNA | CONTROL/MEDIA__r11__sNA | LMO7/hCTZ__r6__sNA | PSAM/uPSEM__r2__sNA | PSAM/uPSEM__r12__sNA,DREADD_CNO | EYFP_Control_Media | EYFP_Control_Media | LMO7_hCTZ | PSAM_uPSEM | PSAM_uPSEM,EYFP_Control_Media,PSAM_uPSEM,9,10,1214.1666666666667,1075.75,-138.41666666666674,-0.8175801442107286,0.7490020399750048,-554.2002193049318,277.3668859715984,False
326,5,CONTROL/MEDIA__r1__sNA | CONTROL/MEDIA__r10__sNA | PSAM/uPSEM__r1__sNA | PSAM/uPSEM__r9__sNA | PSAM/uPSEM__r12__sNA,EYFP_Control_Media | EYFP_Control_Media | PSAM_uPSEM | PSAM_uPSEM | PSAM_uPSEM,EYFP_Control_Media,DREADD_CNO,9,12,1208.0555555555557,1506.25,298.19444444444434,1.8818463701915082,0.16252568485449603,-89.9470751316639,686.3359640205526,False
326,5,CONTROL/MEDIA__r1__sNA | CONTROL/MEDIA__r10__sNA | PSAM/uPSEM__r1__sNA | PSAM/uPSEM__r9__sNA | PSAM/uPSEM__r12__sNA,EYFP_Control_Media | EYFP_Control_Media | PSAM_uPSEM | PSAM_uPSEM | PSAM_uPSEM,EYFP_Control_Media,LMO7_hCTZ,9,9,1208.0555555555557,1357.2222222222222,149.16666666666652,0.8805629920021004,0.7051930010467813,-265.77407157207864,564.1074049054116,False
326,5,CONTROL/MEDIA__r1__sNA | CONTROL/MEDIA__r10__sNA | PSAM/uPSEM__r1__sNA | PSAM/uPSEM__r9__sNA | PSAM/uPSEM__r12__sNA,EYFP_Control_Media | EYFP_Control_Media | PSAM_uPSEM | PSAM_uPSEM | PSAM_uPSEM,EYFP_Control_Media,PSAM_uPSEM,9,9,1208.0555555555557,1052.5,-155.55555555555566,-0.9182779804863633,0.6795061440545562,-570.4962937943008,259.3851826831895,False
327,7,DREADD/CNO__r6__sNA | LMO7/hCTZ__r9__sNA | PSAM/uPSEM__r1__sNA | PSAM/uPSEM__r2__sNA | PSAM/uPSEM__r7__sNA | PSAM/uPSEM__r9__sNA | PSAM/uPSEM__r12__sNA,DREADD_CNO | LMO7_hCTZ | PSAM_uPSEM | PSAM_uPSEM | PSAM_uPSEM | PSAM_uPSEM | PSAM_uPSEM,EYFP_Control_Media,DREADD_CNO,11,11,1299.7727272727273,1449.090909090909,149.31818181818176,1.0263155073070334,0.6254009945364984,-210.73793302613313,509.37429666249665,False
327,7,DREADD/CNO__r6__sNA | LMO7/hCTZ__r9__sNA | PSAM/uPSEM__r1__sNA | PSAM/uPSEM__r2__sNA | PSAM/uPSEM__r7__sNA | PSAM/uPSEM__r9__sNA | PSAM/uPSEM__r12__sNA,DREADD_CNO | LMO7_hCTZ | PSAM_uPSEM | PSAM_uPSEM | PSAM_uPSEM | PSAM_uPSEM | PSAM_uPSEM,EYFP_Control_Media,LMO7_hCTZ,11,8,1299.7727272727273,1330.3125,30.539772727272748,0.19262701270049454,0.9953180301789994,-361.8222819252881,422.9018273798336,False
327,7,DREADD/CNO__r6__sNA | LMO7/hCTZ__r9__sNA | PSAM/uPSEM__r1__sNA | PSAM/uPSEM__r2__sNA | PSAM/uPSEM__r7__sNA | PSAM/uPSEM__r9__sNA | PSAM/uPSEM__r12__sNA,DREADD_CNO | LMO7_hCTZ | PSAM_uPSEM | PSAM_uPSEM | PSAM_uPSEM | PSAM_uPSEM | PSAM_uPSEM,EYFP_Control_Media,PSAM_uPSEM,11,7,1299.7727272727273,959.2857142857143,-340.4870129870129,-2.0639373709472704,0.12010899994260027,-748.7522720896567,67.77824611563085,False
328,8,DREADD/CNO__r3__sNA | CONTROL/MEDIA__r6__sNA | CONTROL/MEDIA__r8__sNA | LMO7/hCTZ__r3__sNA | LMO7/hCTZ__r5__sNA | LMO7/hCTZ__r6__sNA | PSAM/uPSEM__r2__sNA | PSAM/uPSEM__r11__sNA,DREADD_CNO | EYFP_Control_Media | EYFP_Control_Media | LMO7_hCTZ | LMO7_hCTZ | LMO7_hCTZ | PSAM_uPSEM | PSAM_uPSEM,EYFP_Control_Media,DREADD_CNO,9,11,1263.0555555555557,1557.5,294.44444444444434,1.8869605615100669,0.16541808195768082,-90.77450527310782,679.6633941619965,False
328,8,DREADD/CNO__r3__sNA | CONTROL/MEDIA__r6__sNA | CONTROL/MEDIA__r8__sNA | LMO7/hCTZ__r3__sNA | LMO7/hCTZ__r5__sNA | LMO7/hCTZ__r6__sNA | PSAM/uPSEM__r2__sNA | PSAM/uPSEM__r11__sNA,DREADD_CNO | EYFP_Control_Media | EYFP_Control_Media | LMO7_hCTZ | LMO7_hCTZ | LMO7_hCTZ | PSAM_uPSEM | PSAM_uPSEM,EYFP_Control_Media,LMO7_hCTZ,9,6,1263.0555555555557,1480.8333333333333,217.7777777777776,1.1902047292973776,0.5040785144381585,-233.93148040668143,669.4870359622366,False
328,8,DREADD/CNO__r3__sNA | CONTROL/MEDIA__r6__sNA | CONTROL/MEDIA__r8__sNA | LMO7/hCTZ__r3__sNA | LMO7/hCTZ__r5__sNA | LMO7/hCTZ__r6__sNA | PSAM/uPSEM__r2__sNA | PSAM/uPSEM__r11__sNA,DREADD_CNO | EYFP_Control_Media | EYFP_Control_Media | LMO7_hCTZ | LMO7_hCTZ | LMO7_hCTZ | PSAM_uPSEM | PSAM_uPSEM,EYFP_Control_Media,PSAM_uPSEM,9,10,1263.0555555555557,1136.75,-126.30555555555566,-0.7918150771192518,0.7706497256537803,-520.0965572131115,267.48544610200025,False
329,5,CONTROL/MEDIA__r6__sNA | CONTROL/MEDIA__r8__sNA | LMO7/hCTZ__r2__sNA | LMO7/hCTZ__r3__sNA | PSAM/uPSEM__r9__sNA,EYFP_Control_Media | EYFP_Control_Media | LMO7_hCTZ | LMO7_hCTZ | PSAM_uPSEM,EYFP_Control_Media,DREADD_CNO,9,12,1263.0555555555557,1506.25,243.19444444444434,1.6179282300491167,0.26124818714425224,-125.19440365765024,611.5832925465389,False
329,5,CONTROL/MEDIA__r6__sNA | CONTROL/MEDIA__r8__sNA | LMO7/hCTZ__r2__sNA | LMO7/hCTZ__r3__sNA | PSAM/uPSEM__r9__sNA,EYFP_Control_Media | EYFP_Control_Media | LMO7_hCTZ | LMO7_hCTZ | PSAM_uPSEM,EYFP_Control_Media,LMO7_hCTZ,9,7,1263.0555555555557,1430.7142857142858,167.65873015873012,0.9759775516786862,0.6411272006616788,-253.35709624366376,588.6745565611241,False
329,5,CONTROL/MEDIA__r6__sNA | CONTROL/MEDIA__r8__sNA | LMO7/hCTZ__r2__sNA | LMO7/hCTZ__r3__sNA | PSAM/uPSEM__r9__sNA,EYFP_Control_Media | EYFP_Control_Media | LMO7_hCTZ | LMO7_hCTZ | PSAM_uPSEM,EYFP_Control_Media,PSAM_uPSEM,9,11,1263.0555555555557,1103.8636363636363,-159.1919191919194,-1.039027376907202,0.597839787053197,-534.6886027762685,216.30476439242972,False
330,5,CONTROL/MEDIA__r6__sNA | CONTROL/MEDIA__r7__sNA | CONTROL/MEDIA__r10__sNA | PSAM/uPSEM__r9__sNA | PSAM/uPSEM__r12__sNA,EYFP_Control_Media | EYFP_Control_Media | EYFP_Control_Media | PSAM_uPSEM | PSAM_uPSEM,EYFP_Control_Media,DREADD_CNO,8,12,1235.625,1506.25,270.625,1.6717180896814783,0.23230645907495928,-124.28969846332308,665.539698463323,False
330,5,CONTROL/MEDIA__r6__sNA | CONTROL/MEDIA__r7__sNA | CONTROL/MEDIA__r10__sNA | PSAM/uPSEM__r9__sNA | PSAM/uPSEM__r12__sNA,EYFP_Control_Media | EYFP_Control_Media | EYFP_Control_Media | PSAM_uPSEM | PSAM_uPSEM,EYFP_Control_Media,LMO7_hCTZ,8,9,1235.625,1357.2222222222222,121.59722222222217,0.7055697470301622,0.8100757237776885,-298.82157882108794,542.0160232655323,False
330,5,CONTROL/MEDIA__r6__sNA | CONTROL/MEDIA__r7__sNA | CONTROL/MEDIA__r10__sNA | PSAM/uPSEM__r9__sNA | PSAM/uPSEM__r12__sNA,EYFP_Control_Media | EYFP_Control_Media | EYFP_Control_Media | PSAM_uPSEM | PSAM_uPSEM,EYFP_Control_Media,PSAM_uPSEM,8,10,1235.625,1063.75,-171.875,-1.0216354676630535,0.5985319813181575,-582.282393436531,238.53239343653104,False
331,5,CONTROL/MEDIA__r4__sNA | LMO7/hCTZ__r3__sNA | LMO7/hCTZ__r8__sNA | PSAM/uPSEM__r9__sNA | PSAM/uPSEM__r12__sNA,EYFP_Control_Media | LMO7_hCTZ | LMO7_hCTZ | PSAM_uPSEM | PSAM_uPSEM,EYFP_Control_Media,DREADD_CNO,10,12,1330.25,1506.25,176.0,1.1502850888445673,0.5308307821351543,-200.28766857644882,552.2876685764488,False
331,5,CONTROL/MEDIA__r4__sNA | LMO7/hCTZ__r3__sNA | LMO7/hCTZ__r8__sNA | PSAM/uPSEM__r9__sNA | PSAM/uPSEM__r12__sNA,EYFP_Control_Media | LMO7_hCTZ | LMO7_hCTZ | PSAM_uPSEM | PSAM_uPSEM,EYFP_Control_Media,LMO7_hCTZ,10,7,1330.25,1427.5,97.25,0.5522398074490392,0.9038408377616931,-335.836563005646,530.336563005646,False
331,5,CONTROL/MEDIA__r4__sNA | LMO7/hCTZ__r3__sNA | LMO7/hCTZ__r8__sNA | PSAM/uPSEM__r9__sNA | PSAM/uPSEM__r12__sNA,EYFP_Control_Media | LMO7_hCTZ | LMO7_hCTZ | PSAM_uPSEM | PSAM_uPSEM,EYFP_Control_Media,PSAM_uPSEM,10,10,1330.25,1063.75,-266.5,-1.6676148551198928,0.24454677750657416,-659.5196518649362,126.51965186493624,False
332,8,DREADD/CNO__r1__sNA | DREADD/CNO__r3__sNA | DREADD/CNO__r6__sNA | DREADD/CNO__r7__sNA | LMO7/hCTZ__r2__sNA | LMO7/hCTZ__r8__sNA | PSAM/uPSEM__r2__sNA | PSAM/uPSEM__r9__sNA,DREADD_CNO | DREADD_CNO | DREADD_CNO | DREADD_CNO | LMO7_hCTZ | LMO7_hCTZ | PSAM_uPSEM | PSAM_uPSEM,EYFP_Control_Media,DREADD_CNO,11,8,1299.7727272727273,1487.5,187.72727272727275,1.2154928440772796,0.5005397583090797,-195.3715172074521,570.8260626619976,False
332,8,DREADD/CNO__r1__sNA | DREADD/CNO__r3__sNA | DREADD/CNO__r6__sNA | DREADD/CNO__r7__sNA | LMO7/hCTZ__r2__sNA | LMO7/hCTZ__r8__sNA | PSAM/uPSEM__r2__sNA | PSAM/uPSEM__r9__sNA,DREADD_CNO | DREADD_CNO | DREADD_CNO | DREADD_CNO | LMO7_hCTZ | LMO7_hCTZ | PSAM_uPSEM | PSAM_uPSEM,EYFP_Control_Media,LMO7_hCTZ,11,7,1299.7727272727273,1293.9285714285713,-5.844155844155921,-0.03636565368651637,0.9999679398776473,-404.4706919221877,392.78238023387587,False
332,8,DREADD/CNO__r1__sNA | DREADD/CNO__r3__sNA | DREADD/CNO__r6__sNA | DREADD/CNO__r7__sNA | LMO7/hCTZ__r2__sNA | LMO7/hCTZ__r8__sNA | PSAM/uPSEM__r2__sNA | PSAM/uPSEM__r9__sNA,DREADD_CNO | DREADD_CNO | DREADD_CNO | DREADD_CNO | LMO7_hCTZ | LMO7_hCTZ | PSAM_uPSEM | PSAM_uPSEM,EYFP_Control_Media,PSAM_uPSEM,11,10,1299.7727272727273,1022.75,-277.02272727272725,-1.907491431289014,0.16413422158697633,-637.259978909593,83.21452436413841,False
333,8,DREADD/CNO__r2__sNA | DREADD/CNO__r3__sNA | CONTROL/MEDIA__r2__sNA | LMO7/hCTZ__r1__sNA | LMO7/hCTZ__r3__sNA | LMO7/hCTZ__r5__sNA | LMO7/hCTZ__r8__sNA | PSAM/uPSEM__r9__sNA,DREADD_CNO | DREADD_CNO | EYFP_Control_Media | LMO7_hCTZ | LMO7_hCTZ | LMO7_hCTZ | LMO7_hCTZ | PSAM_uPSEM,EYFP_Control_Media,DREADD_CNO,10,10,1365.75,1536.5,170.75,1.1033371138792614,0.5704023436855128,-212.22595532085677,553.7259553208568,False
333,8,DREADD/CNO__r2__sNA | DREADD/CNO__r3__sNA | CONTROL/MEDIA__r2__sNA | LMO7/hCTZ__r1__sNA | LMO7/hCTZ__r3__sNA | LMO7/hCTZ__r5__sNA | LMO7/hCTZ__r8__sNA | PSAM/uPSEM__r9__sNA,DREADD_CNO | DREADD_CNO | EYFP_Control_Media | LMO7_hCTZ | LMO7_hCTZ | LMO7_hCTZ | LMO7_hCTZ | PSAM_uPSEM,EYFP_Control_Media,LMO7_hCTZ,10,5,1365.75,1467.5,101.75,0.5368294133307238,0.9137252990879436,-367.29783714551377,570.7978371455138,False
333,8,DREADD/CNO__r2__sNA | DREADD/CNO__r3__sNA | CONTROL/MEDIA__r2__sNA | LMO7/hCTZ__r1__sNA | LMO7/hCTZ__r3__sNA | LMO7/hCTZ__r5__sNA | LMO7/hCTZ__r8__sNA | PSAM/uPSEM__r9__sNA,DREADD_CNO | DREADD_CNO | EYFP_Control_Media | LMO7_hCTZ | LMO7_hCTZ | LMO7_hCTZ | LMO7_hCTZ | PSAM_uPSEM,EYFP_Control_Media,PSAM_uPSEM,10,11,1365.75,1103.8636363636363,-261.88636363636374,-1.7320566538043183,0.2238749865430384,-636.0570969941076,112.28436972138013,False
334,8,CONTROL/MEDIA__r3__sNA | CONTROL/MEDIA__r6__sNA | CONTROL/MEDIA__r8__sNA | CONTROL/MEDIA__r10__sNA | LMO7/hCTZ__r4__sNA | LMO7/hCTZ__r8__sNA | PSAM/uPSEM__r2__sNA | PSAM/uPSEM__r12__sNA,EYFP_Control_Media | EYFP_Control_Media | EYFP_Control_Media | EYFP_Control_Media | LMO7_hCTZ | LMO7_hCTZ | PSAM_uPSEM | PSAM_uPSEM,EYFP_Control_Media,DREADD_CNO,7,12,1198.9285714285713,1506.25,307.32142857142867,1.8737233456663756,0.1616445575109231,-94.40660363230904,709.0494607751664,False
334,8,CONTROL/MEDIA__r3__sNA | CONTROL/MEDIA__r6__sNA | CONTROL/MEDIA__r8__sNA | CONTROL/MEDIA__r10__sNA | LMO7/hCTZ__r4__sNA | LMO7/hCTZ__r8__sNA | PSAM/uPSEM__r2__sNA | PSAM/uPSEM__r12__sNA,EYFP_Control_Media | EYFP_Control_Media | EYFP_Control_Media | EYFP_Control_Media | LMO7_hCTZ | LMO7_hCTZ | PSAM_uPSEM | PSAM_uPSEM,EYFP_Control_Media,LMO7_hCTZ,7,7,1198.9285714285713,1293.2142857142858,94.28571428571445,0.5114812286524488,0.9116863174037045,-357.2176158062711,545.7890443777001,False
334,8,CONTROL/MEDIA__r3__sNA | CONTROL/MEDIA__r6__sNA | CONTROL/MEDIA__r8__sNA | CONTROL/MEDIA__r10__sNA | LMO7/hCTZ__r4__sNA | LMO7/hCTZ__r8__sNA | PSAM/uPSEM__r2__sNA | PSAM/uPSEM__r12__sNA,EYFP_Control_Media | EYFP_Control_Media | EYFP_Control_Media | EYFP_Control_Media | LMO7_hCTZ | LMO7_hCTZ | PSAM_uPSEM | PSAM_uPSEM,EYFP_Control_Media,PSAM_uPSEM,7,10,1198.9285714285713,1075.75,-123.17857142857133,-0.724785513500618,0.7956538244755514,-539.4440738684559,293.08693101131325,False
335,3,DREADD/CNO__r3__sNA | DREADD/CNO__r7__sNA | PSAM/uPSEM__r2__sNA,DREADD_CNO | DREADD_CNO | PSAM_uPSEM,EYFP_Control_Media,DREADD_CNO,11,10,1299.7727272727273,1594.25,294.47727272727275,1.8197959951840623,0.18639402554560525,-102.59943996132813,691.5539854158736,False
335,3,DREADD/CNO__r3__sNA | DREADD/CNO__r7__sNA | PSAM/uPSEM__r2__sNA,DREADD_CNO | DREADD_CNO | PSAM_uPSEM,EYFP_Control_Media,LMO7_hCTZ,11,9,1299.7727272727273,1357.2222222222222,57.44949494949492,0.34512231585236974,0.9734577671280614,-351.01895144907974,465.9179413480696,False
335,3,DREADD/CNO__r3__sNA | DREADD/CNO__r7__sNA | PSAM/uPSEM__r2__sNA,DREADD_CNO | DREADD_CNO | PSAM_uPSEM,EYFP_Control_Media,PSAM_uPSEM,11,11,1299.7727272727273,1114.7727272727273,-185.0,-1.1714865333740534,0.5185113354441737,-572.5071928789694,202.50719287896936,False
336,6,DREADD/CNO__r5__sNA | DREADD/CNO__r7__sNA | DREADD/CNO__r10__sNA | CONTROL/MEDIA__r9__sNA | CONTROL/MEDIA__r10__sNA | PSAM/uPSEM__r2__sNA,DREADD_CNO | DREADD_CNO | DREADD_CNO | EYFP_Control_Media | EYFP_Control_Media | PSAM_uPSEM,EYFP_Control_Media,DREADD_CNO,9,9,1254.4444444444443,1596.111111111111,341.66666666666674,1.9843264753273056,0.1344526995999129,-81.14171857779206,764.4750519111255,False
336,6,DREADD/CNO__r5__sNA | DREADD/CNO__r7__sNA | DREADD/CNO__r10__sNA | CONTROL/MEDIA__r9__sNA | CONTROL/MEDIA__r10__sNA | PSAM/uPSEM__r2__sNA,DREADD_CNO | DREADD_CNO | DREADD_CNO | EYFP_Control_Media | EYFP_Control_Media | PSAM_uPSEM,EYFP_Control_Media,LMO7_hCTZ,9,9,1254.4444444444443,1357.2222222222222,102.77777777777783,0.5969112161553686,0.8787973446796092,-320.030607466681,525.5861630222366,False
336,6,DREADD/CNO__r5__sNA | DREADD/CNO__r7__sNA | DREADD/CNO__r10__sNA | CONTROL/MEDIA__r9__sNA | CONTROL/MEDIA__r10__sNA | PSAM/uPSEM__r2__sNA,DREADD_CNO | DREADD_CNO | DREADD_CNO | EYFP_Control_Media | EYFP_Control_Media | PSAM_uPSEM,EYFP_Control_Media,PSAM_uPSEM,9,11,1254.4444444444443,1114.7727272727273,-139.6717171717171,-0.8507761981901734,0.7268397363673784,-542.8036949216466,263.46026057821246,False
337,5,DREADD/CNO__r7__sNA | DREADD/CNO__r10__sNA | LMO7/hCTZ__r3__sNA | LMO7/hCTZ__r7__sNA | PSAM/uPSEM__r9__sNA,DREADD_CNO | DREADD_CNO | LMO7_hCTZ | LMO7_hCTZ | PSAM_uPSEM,EYFP_Control_Media,DREADD_CNO,11,10,1299.7727272727273,1551.25,251.47727272727275,1.5841305213139958,0.28588262732314096,-140.01121181166974,642.9657572662152,False
337,5,DREADD/CNO__r7__sNA | DREADD/CNO__r10__sNA | LMO7/hCTZ__r3__sNA | LMO7/hCTZ__r7__sNA | PSAM/uPSEM__r9__sNA,DREADD_CNO | DREADD_CNO | LMO7_hCTZ | LMO7_hCTZ | PSAM_uPSEM,EYFP_Control_Media,LMO7_hCTZ,11,7,1299.7727272727273,1463.2142857142858,163.44155844155853,0.9304159124767893,0.6866572021607424,-269.76655037309973,596.6496672562168,False
337,5,DREADD/CNO__r7__sNA | DREADD/CNO__r10__sNA | LMO7/hCTZ__r3__sNA | LMO7/hCTZ__r7__sNA | PSAM/uPSEM__r9__sNA,DREADD_CNO | DREADD_CNO | LMO7_hCTZ | LMO7_hCTZ | PSAM_uPSEM,EYFP_Control_Media,PSAM_uPSEM,11,11,1299.7727272727273,1103.8636363636363,-195.909090909091,-1.264565877040196,0.4633000210237027,-577.9627315291557,186.1445497109737,False
338,5,DREADD/CNO__r5__sNA | DREADD/CNO__r7__sNA | CONTROL/MEDIA__r2__sNA | LMO7/hCTZ__r9__sNA | PSAM/uPSEM__r9__sNA,DREADD_CNO | DREADD_CNO | EYFP_Control_Media | LMO7_hCTZ | PSAM_uPSEM,EYFP_Control_Media,DREADD_CNO,10,10,1365.75,1573.75,208.0,1.2889381065352017,0.441043944949458,-188.71620188283316,604.7162018828332,False
338,5,DREADD/CNO__r5__sNA | DREADD/CNO__r7__sNA | CONTROL/MEDIA__r2__sNA | LMO7/hCTZ__r9__sNA | PSAM/uPSEM__r9__sNA,DREADD_CNO | DREADD_CNO | EYFP_Control_Media | LMO7_hCTZ | PSAM_uPSEM,EYFP_Control_Media,LMO7_hCTZ,10,8,1365.75,1330.3125,-35.4375,-0.20704061237967458,0.9938054516597007,-456.2185748368841,385.3435748368841,False
338,5,DREADD/CNO__r5__sNA | DREADD/CNO__r7__sNA | CONTROL/MEDIA__r2__sNA | LMO7/hCTZ__r9__sNA | PSAM/uPSEM__r9__sNA,DREADD_CNO | DREADD_CNO | EYFP_Control_Media | LMO7_hCTZ | PSAM_uPSEM,EYFP_Control_Media,PSAM_uPSEM,10,11,1365.75,1103.8636363636363,-261.88636363636374,-1.6610523002863116,0.24675442368017675,-649.4814335906535,125.7087063179261,False
339,8,DREADD/CNO__r7__sNA | DREADD/CNO__r10__sNA | CONTROL/MEDIA__r4__sNA | CONTROL/MEDIA__r6__sNA | CONTROL/MEDIA__r9__sNA | LMO7/hCTZ__r1__sNA | PSAM/uPSEM__r9__sNA | PSAM/uPSEM__r12__sNA,DREADD_CNO | DREADD_CNO | EYFP_Control_Media | EYFP_Control_Media | EYFP_Control_Media | LMO7_hCTZ | PSAM_uPSEM | PSAM_uPSEM,EYFP_Control_Media,DREADD_CNO,8,10,1430.625,1551.25,120.625,0.676150353816348,0.8324734581477979,-317.62243502314135,558.8724350231414,False
339,8,DREADD/CNO__r7__sNA | DREADD/CNO__r10__sNA | CONTROL/MEDIA__r4__sNA | CONTROL/MEDIA__r6__sNA | CONTROL/MEDIA__r9__sNA | LMO7/hCTZ__r1__sNA | PSAM/uPSEM__r9__sNA | PSAM/uPSEM__r12__sNA,DREADD_CNO | DREADD_CNO | EYFP_Control_Media | EYFP_Control_Media | EYFP_Control_Media | LMO7_hCTZ | PSAM_uPSEM | PSAM_uPSEM,EYFP_Control_Media,LMO7_hCTZ,8,8,1430.625,1371.5625,-59.0625,-0.31407909715881166,0.9778065109017092,-521.0158577999244,402.89085779992445,False
339,8,DREADD/CNO__r7__sNA | DREADD/CNO__r10__sNA | CONTROL/MEDIA__r4__sNA | CONTROL/MEDIA__r6__sNA | CONTROL/MEDIA__r9__sNA | LMO7/hCTZ__r1__sNA | PSAM/uPSEM__r9__sNA | PSAM/uPSEM__r12__sNA,DREADD_CNO | DREADD_CNO | EYFP_Control_Media | EYFP_Control_Media | EYFP_Control_Media | LMO7_hCTZ | PSAM_uPSEM | PSAM_uPSEM,EYFP_Control_Media,PSAM_uPSEM,8,10,1430.625,1063.75,-366.875,-2.056478019120188,0.11628825113593999,-805.1224350231414,71.37243502314135,False
340,4,CONTROL/MEDIA__r2__sNA | CONTROL/MEDIA__r5__sNA | LMO7/hCTZ__r3__sNA | PSAM/uPSEM__r9__sNA,EYFP_Control_Media | EYFP_Control_Media | LMO7_hCTZ | PSAM_uPSEM,EYFP_Control_Media,DREADD_CNO,9,12,1330.8333333333333,1506.25,175.41666666666674,1.1670198968136027,0.5088372787768156,-192.12236486780262,542.9556982011361,False
340,4,CONTROL/MEDIA__r2__sNA | CONTROL/MEDIA__r5__sNA | LMO7/hCTZ__r3__sNA | PSAM/uPSEM__r9__sNA,EYFP_Control_Media | EYFP_Control_Media | LMO7_hCTZ | PSAM_uPSEM,EYFP_Control_Media,LMO7_hCTZ,9,8,1330.8333333333333,1447.8125,116.97916666666674,0.7062451635717968,0.8159338264661389,-288.0291202787123,521.9874536120458,False
340,4,CONTROL/MEDIA__r2__sNA | CONTROL/MEDIA__r5__sNA | LMO7/hCTZ__r3__sNA | PSAM/uPSEM__r9__sNA,EYFP_Control_Media | EYFP_Control_Media | LMO7_hCTZ | PSAM_uPSEM,EYFP_Control_Media,PSAM_uPSEM,9,11,1330.8333333333333,1103.8636363636363,-226.969696969697,-1.4814113007675913,0.3239425029449694,-601.6001673001914,147.6607733607974,False
341,7,DREADD/CNO__r1__sNA | DREADD/CNO__r3__sNA | DREADD/CNO__r5__sNA | DREADD/CNO__r7__sNA | CONTROL/MEDIA__r10__sNA | PSAM/uPSEM__r2__sNA | PSAM/uPSEM__r11__sNA,DREADD_CNO | DREADD_CNO | DREADD_CNO | DREADD_CNO | EYFP_Control_Media | PSAM_uPSEM | PSAM_uPSEM,EYFP_Control_Media,DREADD_CNO,10,8,1224.0,1610.9375,386.9375,2.317006246319126,0.06961701690724453,-25.34145395926936,799.2164539592693,False
341,7,DREADD/CNO__r1__sNA | DREADD/CNO__r3__sNA | DREADD/CNO__r5__sNA | DREADD/CNO__r7__sNA | CONTROL/MEDIA__r10__sNA | PSAM/uPSEM__r2__sNA | PSAM/uPSEM__r11__sNA,DREADD_CNO | DREADD_CNO | DREADD_CNO | DREADD_CNO | EYFP_Control_Media | PSAM_uPSEM | PSAM_uPSEM,EYFP_Control_Media,LMO7_hCTZ,10,9,1224.0,1357.2222222222222,133.22222222222217,0.8235666850201793,0.7539609663256089,-266.1293993015808,532.5738437460252,False
341,7,DREADD/CNO__r1__sNA | DREADD/CNO__r3__sNA | DREADD/CNO__r5__sNA | DREADD/CNO__r7__sNA | CONTROL/MEDIA__r10__sNA | PSAM/uPSEM__r2__sNA | PSAM/uPSEM__r11__sNA,DREADD_CNO | DREADD_CNO | DREADD_CNO | DREADD_CNO | EYFP_Control_Media | PSAM_uPSEM | PSAM_uPSEM,EYFP_Control_Media,PSAM_uPSEM,10,10,1224.0,1136.75,-87.25,-0.5541509474329067,0.9042591417327451,-475.9503254467944,301.4503254467944,False
342,7,DREADD/CNO__r1__sNA | DREADD/CNO__r4__sNA | CONTROL/MEDIA__r1__sNA | CONTROL/MEDIA__r6__sNA | CONTROL/MEDIA__r11__sNA | PSAM/uPSEM__r2__sNA | PSAM/uPSEM__r9__sNA,DREADD_CNO | DREADD_CNO | EYFP_Control_Media | EYFP_Control_Media | EYFP_Control_Media | PSAM_uPSEM | PSAM_uPSEM,EYFP_Control_Media,DREADD_CNO,8,10,1338.75,1487.75,149.0,0.8746051889684795,0.7036561837434099,-268.7445496969013,566.7445496969012,False
342,7,DREADD/CNO__r1__sNA | DREADD/CNO__r4__sNA | CONTROL/MEDIA__r1__sNA | CONTROL/MEDIA__r6__sNA | CONTROL/MEDIA__r11__sNA | PSAM/uPSEM__r2__sNA | PSAM/uPSEM__r9__sNA,DREADD_CNO | DREADD_CNO | EYFP_Control_Media | EYFP_Control_Media | EYFP_Control_Media | PSAM_uPSEM | PSAM_uPSEM,EYFP_Control_Media,LMO7_hCTZ,8,9,1338.75,1357.2222222222222,18.47222222222217,0.10584685838555385,0.9990700419271148,-409.4627164135977,446.40716085804206,False
342,7,DREADD/CNO__r1__sNA | DREADD/CNO__r4__sNA | CONTROL/MEDIA__r1__sNA | CONTROL/MEDIA__r6__sNA | CONTROL/MEDIA__r11__sNA | PSAM/uPSEM__r2__sNA | PSAM/uPSEM__r9__sNA,DREADD_CNO | DREADD_CNO | EYFP_Control_Media | EYFP_Control_Media | EYFP_Control_Media | PSAM_uPSEM | PSAM_uPSEM,EYFP_Control_Media,PSAM_uPSEM,8,10,1338.75,1022.75,-316.0,-1.8548673806311378,0.16964185034864077,-733.7445496969012,101.74454969690129,False
343,3,CONTROL/MEDIA__r5__sNA | CONTROL/MEDIA__r8__sNA | PSAM/uPSEM__r9__sNA,EYFP_Control_Media | EYFP_Control_Media | PSAM_uPSEM,EYFP_Control_Media,DREADD_CNO,9,12,1177.2222222222222,1506.25,329.0277777777778,2.1253689691627313,0.0987992609229954,-48.54927386227496,706.6048294178306,False
343,3,CONTROL/MEDIA__r5__sNA | CONTROL/MEDIA__r8__sNA | PSAM/uPSEM__r9__sNA,EYFP_Control_Media | EYFP_Control_Media | PSAM_uPSEM,EYFP_Control_Media,LMO7_hCTZ,9,9,1177.2222222222222,1357.2222222222222,180.0,1.0876227990715337,0.5590185593782269,-223.64684695580843,583.6468469558084,False
343,3,CONTROL/MEDIA__r5__sNA | CONTROL/MEDIA__r8__sNA | PSAM/uPSEM__r9__sNA,EYFP_Control_Media | EYFP_Control_Media | PSAM_uPSEM,EYFP_Control_Media,PSAM_uPSEM,9,11,1177.2222222222222,1103.8636363636363,-73.35858585858591,-0.46489309006388113,0.934369934040481,-458.2207536978903,311.5035819807185,False
344,6,CONTROL/MEDIA__r7__sNA | CONTROL/MEDIA__r11__sNA | LMO7/hCTZ__r2__sNA | PSAM/uPSEM__r2__sNA | PSAM/uPSEM__r8__sNA | PSAM/uPSEM__r9__sNA,EYFP_Control_Media | EYFP_Control_Media | LMO7_hCTZ | PSAM_uPSEM | PSAM_uPSEM | PSAM_uPSEM,EYFP_Control_Media,DREADD_CNO,9,12,1281.9444444444443,1506.25,224.30555555555566,1.3883988907143687,0.3778001388164317,-172.5313419473676,621.1424530584788,False
344,6,CONTROL/MEDIA__r7__sNA | CONTROL/MEDIA__r11__sNA | LMO7/hCTZ__r2__sNA | PSAM/uPSEM__r2__sNA | PSAM/uPSEM__r8__sNA | PSAM/uPSEM__r9__sNA,EYFP_Control_Media | EYFP_Control_Media | LMO7_hCTZ | PSAM_uPSEM | PSAM_uPSEM | PSAM_uPSEM,EYFP_Control_Media,LMO7_hCTZ,9,8,1281.9444444444443,1330.9375,48.99305555555566,0.27519992482002714,0.9853159223818508,-388.2999072717262,486.28601838283754,False
344,6,CONTROL/MEDIA__r7__sNA | CONTROL/MEDIA__r11__sNA | LMO7/hCTZ__r2__sNA | PSAM/uPSEM__r2__sNA | PSAM/uPSEM__r8__sNA | PSAM/uPSEM__r9__sNA,EYFP_Control_Media | EYFP_Control_Media | LMO7_hCTZ | PSAM_uPSEM | PSAM_uPSEM | PSAM_uPSEM,EYFP_Control_Media,PSAM_uPSEM,9,9,1281.9444444444443,1024.4444444444443,-257.5,-1.4909239376991825,0.3228787246642443,-681.736488253219,166.73648825321897,False
345,5,DREADD/CNO__r1__sNA | DREADD/CNO__r4__sNA | LMO7/hCTZ__r4__sNA | PSAM/uPSEM__r2__sNA | PSAM/uPSEM__r9__sNA,DREADD_CNO | DREADD_CNO | LMO7_hCTZ | PSAM_uPSEM | PSAM_uPSEM,EYFP_Control_Media,DREADD_CNO,11,10,1299.7727272727273,1487.75,187.97727272727275,1.216792962192913,0.4930915867858814,-192.81503970508783,568.7695851596334,False
345,5,DREADD/CNO__r1__sNA | DREADD/CNO__r4__sNA | LMO7/hCTZ__r4__sNA | PSAM/uPSEM__r2__sNA | PSAM/uPSEM__r9__sNA,DREADD_CNO | DREADD_CNO | LMO7_hCTZ | PSAM_uPSEM | PSAM_uPSEM,EYFP_Control_Media,LMO7_hCTZ,11,8,1299.7727272727273,1330.3125,30.539772727272748,0.18588955422695122,0.995675177212515,-374.41855250539163,435.4980979599371,False
345,5,DREADD/CNO__r1__sNA | DREADD/CNO__r4__sNA | LMO7/hCTZ__r4__sNA | PSAM/uPSEM__r2__sNA | PSAM/uPSEM__r9__sNA,DREADD_CNO | DREADD_CNO | LMO7_hCTZ | PSAM_uPSEM | PSAM_uPSEM,EYFP_Control_Media,PSAM_uPSEM,11,10,1299.7727272727273,1022.75,-277.02272727272725,-1.7931918046390298,0.19843471820169112,-657.8150397050879,103.76958515963332,False
346,8,DREADD/CNO__r3__sNA | DREADD/CNO__r9__sNA | DREADD/CNO__r11__sNA | CONTROL/MEDIA__r9__sNA | CONTROL/MEDIA__r10__sNA | CONTROL/MEDIA__r11__sNA | LMO7/hCTZ__r7__sNA | PSAM/uPSEM__r9__sNA,DREADD_CNO | DREADD_CNO | DREADD_CNO | EYFP_Control_Media | EYFP_Control_Media | EYFP_Control_Media | LMO7_hCTZ | PSAM_uPSEM,EYFP_Control_Media,DREADD_CNO,8,9,1247.1875,1585.0,337.8125,1.9060904433844408,0.15561363313608534,-97.59757554505308,773.2225755450531,False
346,8,DREADD/CNO__r3__sNA | DREADD/CNO__r9__sNA | DREADD/CNO__r11__sNA | CONTROL/MEDIA__r9__sNA | CONTROL/MEDIA__r10__sNA | CONTROL/MEDIA__r11__sNA | LMO7/hCTZ__r7__sNA | PSAM/uPSEM__r9__sNA,DREADD_CNO | DREADD_CNO | DREADD_CNO | EYFP_Control_Media | EYFP_Control_Media | EYFP_Control_Media | LMO7_hCTZ | PSAM_uPSEM,EYFP_Control_Media,LMO7_hCTZ,8,8,1247.1875,1359.375,112.1875,0.6151775337732115,0.8664901446483647,-335.84577147661696,560.220771476617,False
346,8,DREADD/CNO__r3__sNA | DREADD/CNO__r9__sNA | DREADD/CNO__r11__sNA | CONTROL/MEDIA__r9__sNA | CONTROL/MEDIA__r10__sNA | CONTROL/MEDIA__r11__sNA | LMO7/hCTZ__r7__sNA | PSAM/uPSEM__r9__sNA,DREADD_CNO | DREADD_CNO | DREADD_CNO | EYFP_Control_Media | EYFP_Control_Media | EYFP_Control_Media | LMO7_hCTZ | PSAM_uPSEM,EYFP_Control_Media,PSAM_uPSEM,8,11,1247.1875,1103.8636363636363,-143.32386363636374,-0.8456858099152177,0.7258747711791393,-559.6903125210604,273.0425852483329,False
347,8,DREADD/CNO__r2__sNA | DREADD/CNO__r4__sNA | DREADD/CNO__r5__sNA | LMO7/hCTZ__r7__sNA | LMO7/hCTZ__r9__sNA | PSAM/uPSEM__r2__sNA | PSAM/uPSEM__r9__sNA | PSAM/uPSEM__r10__sNA,DREADD_CNO | DREADD_CNO | DREADD_CNO | LMO7_hCTZ | LMO7_hCTZ | PSAM_uPSEM | PSAM_uPSEM | PSAM_uPSEM,EYFP_Control_Media,DREADD_CNO,11,9,1299.7727272727273,1541.111111111111,241.33838383838383,1.459380071052649,0.35422305775508467,-168.81729481784805,651.4940624946157,False
347,8,DREADD/CNO__r2__sNA | DREADD/CNO__r4__sNA | DREADD/CNO__r5__sNA | LMO7/hCTZ__r7__sNA | LMO7/hCTZ__r9__sNA | PSAM/uPSEM__r2__sNA | PSAM/uPSEM__r9__sNA | PSAM/uPSEM__r10__sNA,DREADD_CNO | DREADD_CNO | DREADD_CNO | LMO7_hCTZ | LMO7_hCTZ | PSAM_uPSEM | PSAM_uPSEM | PSAM_uPSEM,EYFP_Control_Media,LMO7_hCTZ,11,7,1299.7727272727273,1328.9285714285713,29.15584415584408,0.16389818414852927,0.9971158571860467,-412.05097711395916,470.3626654256473,False
347,8,DREADD/CNO__r2__sNA | DREADD/CNO__r4__sNA | DREADD/CNO__r5__sNA | LMO7/hCTZ__r7__sNA | LMO7/hCTZ__r9__sNA | PSAM/uPSEM__r2__sNA | PSAM/uPSEM__r9__sNA | PSAM/uPSEM__r10__sNA,DREADD_CNO | DREADD_CNO | DREADD_CNO | LMO7_hCTZ | LMO7_hCTZ | PSAM_uPSEM | PSAM_uPSEM | PSAM_uPSEM,EYFP_Control_Media,PSAM_uPSEM,11,9,1299.7727272727273,1023.0555555555555,-276.7171717171717,-1.6733166075750683,0.25028268124662323,-686.8728503734036,133.43850693906018,False
348,8,DREADD/CNO__r2__sNA | DREADD/CNO__r5__sNA | CONTROL/MEDIA__r10__sNA | LMO7/hCTZ__r3__sNA | LMO7/hCTZ__r8__sNA | PSAM/uPSEM__r7__sNA | PSAM/uPSEM__r9__sNA | PSAM/uPSEM__r12__sNA,DREADD_CNO | DREADD_CNO | EYFP_Control_Media | LMO7_hCTZ | LMO7_hCTZ | PSAM_uPSEM | PSAM_uPSEM | PSAM_uPSEM,EYFP_Control_Media,DREADD_CNO,10,10,1224.0,1516.0,292.0,1.9233980573014096,0.15674641381871912,-83.80146803393541,667.8014680339354,False
348,8,DREADD/CNO__r2__sNA | DREADD/CNO__r5__sNA | CONTROL/MEDIA__r10__sNA | LMO7/hCTZ__r3__sNA | LMO7/hCTZ__r8__sNA | PSAM/uPSEM__r7__sNA | PSAM/uPSEM__r9__sNA | PSAM/uPSEM__r12__sNA,DREADD_CNO | DREADD_CNO | EYFP_Control_Media | LMO7_hCTZ | LMO7_hCTZ | PSAM_uPSEM | PSAM_uPSEM | PSAM_uPSEM,EYFP_Control_Media,LMO7_hCTZ,10,7,1224.0,1427.5,203.5,1.216438878997376,0.4934416340211928,-210.61304852314322,617.6130485231432,False
348,8,DREADD/CNO__r2__sNA | DREADD/CNO__r5__sNA | CONTROL/MEDIA__r10__sNA | LMO7/hCTZ__r3__sNA | LMO7/hCTZ__r8__sNA | PSAM/uPSEM__r7__sNA | PSAM/uPSEM__r9__sNA | PSAM/uPSEM__r12__sNA,DREADD_CNO | DREADD_CNO | EYFP_Control_Media | LMO7_hCTZ | LMO7_hCTZ | PSAM_uPSEM | PSAM_uPSEM | PSAM_uPSEM,EYFP_Control_Media,PSAM_uPSEM,10,9,1224.0,1088.3333333333333,-135.66666666666674,-0.8697990483974121,0.7259443152479099,-521.7659719807816,250.4326386474482,False
349,6,DREADD/CNO__r3__sNA | DREADD/CNO__r5__sNA | DREADD/CNO__r10__sNA | LMO7/hCTZ__r4__sNA | LMO7/hCTZ__r7__sNA | PSAM/uPSEM__r2__sNA,DREADD_CNO | DREADD_CNO | DREADD_CNO | LMO7_hCTZ | LMO7_hCTZ | PSAM_uPSEM,EYFP_Control_Media,DREADD_CNO,11,9,1299.7727272727273,1623.611111111111,323.83838383838383,1.8921846159813325,0.16647596007774368,-98.61014775548284,746.2869154322505,False
349,6,DREADD/CNO__r3__sNA | DREADD/CNO__r5__sNA | DREADD/CNO__r10__sNA | LMO7/hCTZ__r4__sNA | LMO7/hCTZ__r7__sNA | PSAM/uPSEM__r2__sNA,DREADD_CNO | DREADD_CNO | DREADD_CNO | LMO7_hCTZ | LMO7_hCTZ | PSAM_uPSEM,EYFP_Control_Media,LMO7_hCTZ,11,7,1299.7727272727273,1328.9285714285713,29.15584415584408,0.15836795711732998,0.9973448284394593,-425.27446968322045,483.5861579949086,False
349,6,DREADD/CNO__r3__sNA | DREADD/CNO__r5__sNA | DREADD/CNO__r10__sNA | LMO7/hCTZ__r4__sNA | LMO7/hCTZ__r7__sNA | PSAM/uPSEM__r2__sNA,DREADD_CNO | DREADD_CNO | DREADD_CNO | LMO7_hCTZ | LMO7_hCTZ | PSAM_uPSEM,EYFP_Control_Media,PSAM_uPSEM,11,11,1299.7727272727273,1114.7727272727273,-185.0,-1.13942477292251,0.5467171433995881,-585.7698662090661,215.76986620906615,False
350,7,DREADD/CNO__r2__sNA | DREADD/CNO__r3__sNA | DREADD/CNO__r4__sNA | DREADD/CNO__r9__sNA | CONTROL/MEDIA__r11__sNA | LMO7/hCTZ__r3__sNA | PSAM/uPSEM__r9__sNA,DREADD_CNO | DREADD_CNO | DREADD_CNO | DREADD_CNO | EYFP_Control_Media | LMO7_hCTZ | PSAM_uPSEM,EYFP_Control_Media,DREADD_CNO,10,8,1298.5,1575.9375,277.4375,1.620636842233249,0.26776452797861827,-145.0879561644515,699.9629561644515,False
350,7,DREADD/CNO__r2__sNA | DREADD/CNO__r3__sNA | DREADD/CNO__r4__sNA | DREADD/CNO__r9__sNA | CONTROL/MEDIA__r11__sNA | LMO7/hCTZ__r3__sNA | PSAM/uPSEM__r9__sNA,DREADD_CNO | DREADD_CNO | DREADD_CNO | DREADD_CNO | EYFP_Control_Media | LMO7_hCTZ | PSAM_uPSEM,EYFP_Control_Media,LMO7_hCTZ,10,8,1298.5,1447.8125,149.3125,0.872201265171262,0.7225455371907572,-273.2129561644515,571.8379561644515,False
350,7,DREADD/CNO__r2__sNA | DREADD/CNO__r3__sNA | DREADD/CNO__r4__sNA | DREADD/CNO__r9__sNA | CONTROL/MEDIA__r11__sNA | LMO7/hCTZ__r3__sNA | PSAM/uPSEM__r9__sNA,DREADD_CNO | DREADD_CNO | DREADD_CNO | DREADD_CNO | EYFP_Control_Media | LMO7_hCTZ | PSAM_uPSEM,EYFP_Control_Media,PSAM_uPSEM,10,11,1298.5,1103.8636363636363,-194.63636363636374,-1.2343049811022933,0.47977156897725415,-583.8382397022344,194.5655124295069,False
351,8,DREADD/CNO__r3__sNA | DREADD/CNO__r12__sNA | CONTROL/MEDIA__r11__sNA | LMO7/hCTZ__r9__sNA | PSAM/uPSEM__r2__sNA | PSAM/uPSEM__r5__sNA | PSAM/uPSEM__r8__sNA | PSAM/uPSEM__r9__sNA,DREADD_CNO | DREADD_CNO | EYFP_Control_Media | LMO7_hCTZ | PSAM_uPSEM | PSAM_uPSEM | PSAM_uPSEM | PSAM_uPSEM,EYFP_Control_Media,DREADD_CNO,10,10,1298.5,1547.25,248.75,1.530905059325847,0.3118689349980043,-153.39788062488037,650.8978806248804,False
351,8,DREADD/CNO__r3__sNA | DREADD/CNO__r12__sNA | CONTROL/MEDIA__r11__sNA | LMO7/hCTZ__r9__sNA | PSAM/uPSEM__r2__sNA | PSAM/uPSEM__r5__sNA | PSAM/uPSEM__r8__sNA | PSAM/uPSEM__r9__sNA,DREADD_CNO | DREADD_CNO | EYFP_Control_Media | LMO7_hCTZ | PSAM_uPSEM | PSAM_uPSEM | PSAM_uPSEM | PSAM_uPSEM,EYFP_Control_Media,LMO7_hCTZ,10,8,1298.5,1330.3125,31.8125,0.1845893784054503,0.9957281607921402,-394.7297401444767,458.3547401444767,False
351,8,DREADD/CNO__r3__sNA | DREADD/CNO__r12__sNA | CONTROL/MEDIA__r11__sNA | LMO7/hCTZ__r9__sNA | PSAM/uPSEM__r2__sNA | PSAM/uPSEM__r5__sNA | PSAM/uPSEM__r8__sNA | PSAM/uPSEM__r9__sNA,DREADD_CNO | DREADD_CNO | EYFP_Control_Media | LMO7_hCTZ | PSAM_uPSEM | PSAM_uPSEM | PSAM_uPSEM | PSAM_uPSEM,EYFP_Control_Media,PSAM_uPSEM,10,8,1298.5,1031.5625,-266.9375,-1.548882583830409,0.3030368909106521,-693.4797401444766,159.6047401444767,False
352,4,DREADD/CNO__r1__sNA | LMO7/hCTZ__r5__sNA | PSAM/uPSEM__r2__sNA | PSAM/uPSEM__r9__sNA,DREADD_CNO | LMO7_hCTZ | PSAM_uPSEM | PSAM_uPSEM,EYFP_Control_Media,DREADD_CNO,11,11,1299.7727272727273,1469.7727272727273,170.0,1.1327410611163164,0.5466086540231011,-199.2820927273973,539.2820927273973,False
352,4,DREADD/CNO__r1__sNA | LMO7/hCTZ__r5__sNA | PSAM/uPSEM__r2__sNA | PSAM/uPSEM__r9__sNA,DREADD_CNO | LMO7_hCTZ | PSAM_uPSEM | PSAM_uPSEM,EYFP_Control_Media,LMO7_hCTZ,11,8,1299.7727272727273,1350.3125,50.53977272727275,0.30902826084233026,0.9808336083569413,-351.8760582372126,452.9556036917581,False
352,4,DREADD/CNO__r1__sNA | LMO7/hCTZ__r5__sNA | PSAM/uPSEM__r2__sNA | PSAM/uPSEM__r9__sNA,DREADD_CNO | LMO7_hCTZ | PSAM_uPSEM | PSAM_uPSEM,EYFP_Control_Media,PSAM_uPSEM,11,10,1299.7727272727273,1022.75,-277.02272727272725,-1.8013681235309706,0.19428775248599073,-655.4242695655439,101.37881502008946,False
353,4,DREADD/CNO__r3__sNA | CONTROL/MEDIA__r8__sNA | CONTROL/MEDIA__r10__sNA | PSAM/uPSEM__r7__sNA,DREADD_CNO | EYFP_Control_Media | EYFP_Control_Media | PSAM_uPSEM,EYFP_Control_Media,DREADD_CNO,9,11,1135.2777777777778,1557.5,422.2222222222222,2.7039028678535795,0.027273688861015,40.38619204834964,804.0582523960948,True
353,4,DREADD/CNO__r3__sNA | CONTROL/MEDIA__r8__sNA | CONTROL/MEDIA__r10__sNA | PSAM/uPSEM__r7__sNA,DREADD_CNO | EYFP_Control_Media | EYFP_Control_Media | PSAM_uPSEM,EYFP_Control_Media,LMO7_hCTZ,9,9,1135.2777777777778,1357.2222222222222,221.94444444444434,1.3551829692976,0.3919954139807107,-178.52856255207814,622.4174514409668,False
353,4,DREADD/CNO__r3__sNA | CONTROL/MEDIA__r8__sNA | CONTROL/MEDIA__r10__sNA | PSAM/uPSEM__r7__sNA,DREADD_CNO | EYFP_Control_Media | EYFP_Control_Media | PSAM_uPSEM,EYFP_Control_Media,PSAM_uPSEM,9,11,1135.2777777777778,1212.2727272727273,76.99494949494942,0.4930741533543993,0.9240642765263092,-304.8410806789231,458.83097966882195,False
354,6,DREADD/CNO__r6__sNA | CONTROL/MEDIA__r1__sNA | CONTROL/MEDIA__r9__sNA | LMO7/hCTZ__r1__sNA | PSAM/uPSEM__r2__sNA | PSAM/uPSEM__r9__sNA,DREADD_CNO | EYFP_Control_Media | EYFP_Control_Media | LMO7_hCTZ | PSAM_uPSEM | PSAM_uPSEM,EYFP_Control_Media,DREADD_CNO,9,11,1331.111111111111,1449.090909090909,117.97979797979792,0.7598934617424806,0.7859815176121744,-263.31791057333936,499.2775065329352,False
354,6,DREADD/CNO__r6__sNA | CONTROL/MEDIA__r1__sNA | CONTROL/MEDIA__r9__sNA | LMO7/hCTZ__r1__sNA | PSAM/uPSEM__r2__sNA | PSAM/uPSEM__r9__sNA,DREADD_CNO | EYFP_Control_Media | EYFP_Control_Media | LMO7_hCTZ | PSAM_uPSEM | PSAM_uPSEM,EYFP_Control_Media,LMO7_hCTZ,9,8,1331.111111111111,1371.5625,40.451388888888914,0.24100035664301095,0.9899702814808163,-371.76476539527647,452.6675431730543,False
354,6,DREADD/CNO__r6__sNA | CONTROL/MEDIA__r1__sNA | CONTROL/MEDIA__r9__sNA | LMO7/hCTZ__r1__sNA | PSAM/uPSEM__r2__sNA | PSAM/uPSEM__r9__sNA,DREADD_CNO | EYFP_Control_Media | EYFP_Control_Media | LMO7_hCTZ | PSAM_uPSEM | PSAM_uPSEM,EYFP_Control_Media,PSAM_uPSEM,9,10,1331.111111111111,1022.75,-308.3611111111111,-1.9428824094664539,0.1458471690080232,-698.1436145184953,81.42139229627315,False
355,5,CONTROL/MEDIA__r10__sNA | CONTROL/MEDIA__r11__sNA | LMO7/hCTZ__r4__sNA | PSAM/uPSEM__r9__sNA | PSAM/uPSEM__r12__sNA,EYFP_Control_Media | EYFP_Control_Media | LMO7_hCTZ | PSAM_uPSEM | PSAM_uPSEM,EYFP_Control_Media,DREADD_CNO,9,12,1214.1666666666667,1506.25,292.08333333333326,1.8487223244616398,0.1730519034376028,-95.02060160095527,679.1872682676218,False
355,5,CONTROL/MEDIA__r10__sNA | CONTROL/MEDIA__r11__sNA | LMO7/hCTZ__r4__sNA | PSAM/uPSEM__r9__sNA | PSAM/uPSEM__r12__sNA,EYFP_Control_Media | EYFP_Control_Media | LMO7_hCTZ | PSAM_uPSEM | PSAM_uPSEM,EYFP_Control_Media,LMO7_hCTZ,9,8,1214.1666666666667,1330.3125,116.14583333333326,0.6671263595440097,0.840206901852673,-310.4219271110378,542.7135937777043,False
355,5,CONTROL/MEDIA__r10__sNA | CONTROL/MEDIA__r11__sNA | LMO7/hCTZ__r4__sNA | PSAM/uPSEM__r9__sNA | PSAM/uPSEM__r12__sNA,EYFP_Control_Media | EYFP_Control_Media | LMO7_hCTZ | PSAM_uPSEM | PSAM_uPSEM,EYFP_Control_Media,PSAM_uPSEM,9,10,1214.1666666666667,1063.75,-150.41666666666674,-0.9136988818355951,0.6829016063573463,-553.7697323116132,252.93639897827973,False
356,5,DREADD/CNO__r10__sNA | CONTROL/MEDIA__r5__sNA | CONTROL/MEDIA__r10__sNA | LMO7/hCTZ__r1__sNA | PSAM/uPSEM__r9__sNA,DREADD_CNO | EYFP_Control_Media | EYFP_Control_Media | LMO7_hCTZ | PSAM_uPSEM,EYFP_Control_Media,DREADD_CNO,9,11,1173.3333333333333,1518.409090909091,345.07575757575773,2.1493832124676127,0.09571962172727788,-48.183517186446636,738.335032337962,False
356,5,DREADD/CNO__r10__sNA | CONTROL/MEDIA__r5__sNA | CONTROL/MEDIA__r10__sNA | LMO7/hCTZ__r1__sNA | PSAM/uPSEM__r9__sNA,DREADD_CNO | EYFP_Control_Media | EYFP_Control_Media | LMO7_hCTZ | PSAM_uPSEM,EYFP_Control_Media,LMO7_hCTZ,9,8,1173.3333333333333,1371.5625,198.22916666666674,1.1421052969533154,0.5272840603268347,-226.91848631605404,623.3768196493875,False
356,5,DREADD/CNO__r10__sNA | CONTROL/MEDIA__r5__sNA | CONTROL/MEDIA__r10__sNA | LMO7/hCTZ__r1__sNA | PSAM/uPSEM__r9__sNA,DREADD_CNO | EYFP_Control_Media | EYFP_Control_Media | LMO7_hCTZ | PSAM_uPSEM,EYFP_Control_Media,PSAM_uPSEM,9,11,1173.3333333333333,1103.8636363636363,-69.469696969697,-0.43270788272948424,0.9470722882495463,-462.72897173190137,323.7895777925074,False
357,4,DREADD/CNO__r7__sNA | CONTROL/MEDIA__r5__sNA | PSAM/uPSEM__r9__sNA | PSAM/uPSEM__r12__sNA,DREADD_CNO | EYFP_Control_Media | PSAM_uPSEM | PSAM_uPSEM,EYFP_Control_Media,DREADD_CNO,10,11,1261.75,1535.0,273.25,1.69212814377411,0.23209698007133994,-122.93513611708926,669.4351361170893,False
357,4,DREADD/CNO__r7__sNA | CONTROL/MEDIA__r5__sNA | PSAM/uPSEM__r9__sNA | PSAM/uPSEM__r12__sNA,DREADD_CNO | EYFP_Control_Media | PSAM_uPSEM | PSAM_uPSEM,EYFP_Control_Media,LMO7_hCTZ,10,9,1261.75,1357.2222222222222,95.47222222222217,0.5622220424959379,0.8978009716831744,-321.14806963985217,512.0925140842965,False
357,4,DREADD/CNO__r7__sNA | CONTROL/MEDIA__r5__sNA | PSAM/uPSEM__r9__sNA | PSAM/uPSEM__r12__sNA,DREADD_CNO | EYFP_Control_Media | PSAM_uPSEM | PSAM_uPSEM,EYFP_Control_Media,PSAM_uPSEM,10,10,1261.75,1063.75,-198.0,-1.1979441619637066,0.4961217136857714,-603.5084149066726,207.50841490667256,False
358,8,DREADD/CNO__r7__sNA | CONTROL/MEDIA__r8__sNA | CONTROL/MEDIA__r10__sNA | LMO7/hCTZ__r1__sNA | LMO7/hCTZ__r7__sNA | LMO7/hCTZ__r8__sNA | PSAM/uPSEM__r2__sNA | PSAM/uPSEM__r7__sNA,DREADD_CNO | EYFP_Control_Media | EYFP_Control_Media | LMO7_hCTZ | LMO7_hCTZ | LMO7_hCTZ | PSAM_uPSEM | PSAM_uPSEM,EYFP_Control_Media,DREADD_CNO,9,11,1135.2777777777778,1535.0,399.7222222222222,2.524805164872189,0.04387864285019227,8.88355394740006,790.5608904970443,True
358,8,DREADD/CNO__r7__sNA | CONTROL/MEDIA__r8__sNA | CONTROL/MEDIA__r10__sNA | LMO7/hCTZ__r1__sNA | LMO7/hCTZ__r7__sNA | LMO7/hCTZ__r8__sNA | PSAM/uPSEM__r2__sNA | PSAM/uPSEM__r7__sNA,DREADD_CNO | EYFP_Control_Media | EYFP_Control_Media | LMO7_hCTZ | LMO7_hCTZ | LMO7_hCTZ | PSAM_uPSEM | PSAM_uPSEM,EYFP_Control_Media,LMO7_hCTZ,9,6,1135.2777777777778,1340.4166666666667,205.1388888888889,1.1050100465712782,0.5604211956352232,-253.16007341726794,663.4378511950458,False
358,8,DREADD/CNO__r7__sNA | CONTROL/MEDIA__r8__sNA | CONTROL/MEDIA__r10__sNA | LMO7/hCTZ__r1__sNA | LMO7/hCTZ__r7__sNA | LMO7/hCTZ__r8__sNA | PSAM/uPSEM__r2__sNA | PSAM/uPSEM__r7__sNA,DREADD_CNO | EYFP_Control_Media | EYFP_Control_Media | LMO7_hCTZ | LMO7_hCTZ | LMO7_hCTZ | PSAM_uPSEM | PSAM_uPSEM,EYFP_Control_Media,PSAM_uPSEM,9,10,1135.2777777777778,1142.0,6.722222222222172,0.04153596422882528,0.9999479892545792,-392.81355030219663,406.257994746641,False
359,5,DREADD/CNO__r3__sNA | DREADD/CNO__r4__sNA | CONTROL/MEDIA__r1__sNA | CONTROL/MEDIA__r7__sNA | PSAM/uPSEM__r9__sNA,DREADD_CNO | DREADD_CNO | EYFP_Control_Media | EYFP_Control_Media | PSAM_uPSEM,EYFP_Control_Media,DREADD_CNO,9,10,1275.8333333333333,1584.25,308.41666666666674,1.7929794306563838,0.1914259284320874,-113.12119284137918,729.9545261747127,False
359,5,DREADD/CNO__r3__sNA | DREADD/CNO__r4__sNA | CONTROL/MEDIA__r1__sNA | CONTROL/MEDIA__r7__sNA | PSAM/uPSEM__r9__sNA,DREADD_CNO | DREADD_CNO | EYFP_Control_Media | EYFP_Control_Media | PSAM_uPSEM,EYFP_Control_Media,LMO7_hCTZ,9,9,1275.8333333333333,1357.2222222222222,81.38888888888891,0.46117354950000616,0.9370463606435688,-351.0998295506792,513.8776073284571,False
359,5,DREADD/CNO__r3__sNA | DREADD/CNO__r4__sNA | CONTROL/MEDIA__r1__sNA | CONTROL/MEDIA__r7__sNA | PSAM/uPSEM__r9__sNA,DREADD_CNO | DREADD_CNO | EYFP_Control_Media | EYFP_Control_Media | PSAM_uPSEM,EYFP_Control_Media,PSAM_uPSEM,9,11,1275.8333333333333,1103.8636363636363,-171.969696969697,-1.0219921017513312,0.6078866025542413,-584.3315102725956,240.39211633320156,False
360,8,DREADD/CNO__r5__sNA | DREADD/CNO__r6__sNA | DREADD/CNO__r8__sNA | CONTROL/MEDIA__r5__sNA | CONTROL/MEDIA__r8__sNA | CONTROL/MEDIA__r11__sNA | LMO7/hCTZ__r3__sNA | PSAM/uPSEM__r9__sNA,DREADD_CNO | DREADD_CNO | DREADD_CNO | EYFP_Control_Media | EYFP_Control_Media | EYFP_Control_Media | LMO7_hCTZ | PSAM_uPSEM,EYFP_Control_Media,DREADD_CNO,8,9,1160.3125,1444.1666666666667,283.85416666666674,1.817211294459522,0.18349587068160744,-99.90265537964012,667.6109887129736,False
360,8,DREADD/CNO__r5__sNA | DREADD/CNO__r6__sNA | DREADD/CNO__r8__sNA | CONTROL/MEDIA__r5__sNA | CONTROL/MEDIA__r8__sNA | CONTROL/MEDIA__r11__sNA | LMO7/hCTZ__r3__sNA | PSAM/uPSEM__r9__sNA,DREADD_CNO | DREADD_CNO | DREADD_CNO | EYFP_Control_Media | EYFP_Control_Media | EYFP_Control_Media | LMO7_hCTZ | PSAM_uPSEM,EYFP_Control_Media,LMO7_hCTZ,8,8,1160.3125,1447.8125,287.5,1.7886946622939424,0.19332685395459437,-107.38251211836302,682.382512118363,False
360,8,DREADD/CNO__r5__sNA | DREADD/CNO__r6__sNA | DREADD/CNO__r8__sNA | CONTROL/MEDIA__r5__sNA | CONTROL/MEDIA__r8__sNA | CONTROL/MEDIA__r11__sNA | LMO7/hCTZ__r3__sNA | PSAM/uPSEM__r9__sNA,DREADD_CNO | DREADD_CNO | DREADD_CNO | EYFP_Control_Media | EYFP_Control_Media | EYFP_Control_Media | LMO7_hCTZ | PSAM_uPSEM,EYFP_Control_Media,PSAM_uPSEM,8,11,1160.3125,1103.8636363636363,-56.44886363636374,-0.3779097576247754,0.9627709412899216,-423.42122878128566,310.5235015085582,False
361,5,DREADD/CNO__r3__sNA | DREADD/CNO__r12__sNA | CONTROL/MEDIA__r9__sNA | PSAM/uPSEM__r9__sNA | PSAM/uPSEM__r12__sNA,DREADD_CNO | DREADD_CNO | EYFP_Control_Media | PSAM_uPSEM | PSAM_uPSEM,EYFP_Control_Media,DREADD_CNO,10,10,1334.75,1547.25,212.5,1.2976862109318095,0.4352470015141434,-189.9973481350204,614.9973481350204,False
361,5,DREADD/CNO__r3__sNA | DREADD/CNO__r12__sNA | CONTROL/MEDIA__r9__sNA | PSAM/uPSEM__r9__sNA | PSAM/uPSEM__r12__sNA,DREADD_CNO | DREADD_CNO | EYFP_Control_Media | PSAM_uPSEM | PSAM_uPSEM,EYFP_Control_Media,LMO7_hCTZ,10,9,1334.75,1357.2222222222222,22.47222222222217,0.13357224593505415,0.9982989205127021,-391.0544926113443,435.99893705578864,False
361,5,DREADD/CNO__r3__sNA | DREADD/CNO__r12__sNA | CONTROL/MEDIA__r9__sNA | PSAM/uPSEM__r9__sNA | PSAM/uPSEM__r12__sNA,DREADD_CNO | DREADD_CNO | EYFP_Control_Media | PSAM_uPSEM | PSAM_uPSEM,EYFP_Control_Media,PSAM_uPSEM,10,10,1334.75,1063.75,-271.0,-1.654931591353037,0.2490759279079725,-673.4973481350204,131.4973481350204,False
362,5,DREADD/CNO__r9__sNA | CONTROL/MEDIA__r10__sNA | LMO7/hCTZ__r3__sNA | LMO7/hCTZ__r7__sNA | PSAM/uPSEM__r2__sNA,DREADD_CNO | EYFP_Control_Media | LMO7_hCTZ | LMO7_hCTZ | PSAM_uPSEM,EYFP_Control_Media,DREADD_CNO,10,11,1224.0,1509.7727272727273,285.77272727272725,1.8588892996052588,0.17324605626608414,-92.26880757000026,663.8142621154548,False
362,5,DREADD/CNO__r9__sNA | CONTROL/MEDIA__r10__sNA | LMO7/hCTZ__r3__sNA | LMO7/hCTZ__r7__sNA | PSAM/uPSEM__r2__sNA,DREADD_CNO | EYFP_Control_Media | LMO7_hCTZ | LMO7_hCTZ | PSAM_uPSEM,EYFP_Control_Media,LMO7_hCTZ,10,7,1224.0,1463.2142857142858,239.21428571428578,1.3796144164061945,0.3879518680487064,-187.17045468594927,665.5990261145208,False
362,5,DREADD/CNO__r9__sNA | CONTROL/MEDIA__r10__sNA | LMO7/hCTZ__r3__sNA | LMO7/hCTZ__r7__sNA | PSAM/uPSEM__r2__sNA,DREADD_CNO | EYFP_Control_Media | LMO7_hCTZ | LMO7_hCTZ | PSAM_uPSEM,EYFP_Control_Media,PSAM_uPSEM,10,11,1224.0,1114.7727272727273,-109.22727272727275,-0.710499600278581,0.8213139462861676,-487.26880757000026,268.81426211545477,False
363,7,DREADD/CNO__r1__sNA | DREADD/CNO__r3__sNA | DREADD/CNO__r7__sNA | CONTROL/MEDIA__r1__sNA | CONTROL/MEDIA__r8__sNA | CONTROL/MEDIA__r10__sNA | LMO7/hCTZ__r1__sNA,DREADD_CNO | DREADD_CNO | DREADD_CNO | EYFP_Control_Media | EYFP_Control_Media | EYFP_Control_Media | LMO7_hCTZ,EYFP_Control_Media,DREADD_CNO,8,9,1106.25,1559.4444444444443,453.19444444444434,2.634006495996462,0.03296498614640064,31.14461045239335,875.2442784364953,True
363,7,DREADD/CNO__r1__sNA | DREADD/CNO__r3__sNA | DREADD/CNO__r7__sNA | CONTROL/MEDIA__r1__sNA | CONTROL/MEDIA__r8__sNA | CONTROL/MEDIA__r10__sNA | LMO7/hCTZ__r1__sNA,DREADD_CNO | DREADD_CNO | DREADD_CNO | EYFP_Control_Media | EYFP_Control_Media | EYFP_Control_Media | LMO7_hCTZ,EYFP_Control_Media,LMO7_hCTZ,8,8,1106.25,1371.5625,265.3125,1.4985739689358022,0.31424357310281736,-168.97319633560488,699.5981963356048,False
363,7,DREADD/CNO__r1__sNA | DREADD/CNO__r3__sNA | DREADD/CNO__r7__sNA | CONTROL/MEDIA__r1__sNA | CONTROL/MEDIA__r8__sNA | CONTROL/MEDIA__r10__sNA | LMO7/hCTZ__r1__sNA,DREADD_CNO | DREADD_CNO | DREADD_CNO | EYFP_Control_Media | EYFP_Control_Media | EYFP_Control_Media | LMO7_hCTZ,EYFP_Control_Media,PSAM_uPSEM,8,12,1106.25,1181.4583333333333,75.20833333333326,0.4653471516958029,0.9338985200819676,-321.23845380808245,471.65512047474897,False
364,7,DREADD/CNO__r3__sNA | DREADD/CNO__r4__sNA | CONTROL/MEDIA__r1__sNA | CONTROL/MEDIA__r5__sNA | CONTROL/MEDIA__r7__sNA | CONTROL/MEDIA__r10__sNA | LMO7/hCTZ__r1__sNA,DREADD_CNO | DREADD_CNO | EYFP_Control_Media | EYFP_Control_Media | EYFP_Control_Media | EYFP_Control_Media | LMO7_hCTZ,EYFP_Control_Media,DREADD_CNO,7,10,1106.4285714285713,1584.25,477.82142857142867,2.5664174704396476,0.037646497815804536,22.88737264480858,932.7554844980488,True
364,7,DREADD/CNO__r3__sNA | DREADD/CNO__r4__sNA | CONTROL/MEDIA__r1__sNA | CONTROL/MEDIA__r5__sNA | CONTROL/MEDIA__r7__sNA | CONTROL/MEDIA__r10__sNA | LMO7/hCTZ__r1__sNA,DREADD_CNO | DREADD_CNO | EYFP_Control_Media | EYFP_Control_Media | EYFP_Control_Media | EYFP_Control_Media | LMO7_hCTZ,EYFP_Control_Media,LMO7_hCTZ,7,8,1106.4285714285713,1371.5625,265.13392857142867,1.3559722825545393,0.38111245575113095,-212.64239497366947,742.9102521165269,False
364,7,DREADD/CNO__r3__sNA | DREADD/CNO__r4__sNA | CONTROL/MEDIA__r1__sNA | CONTROL/MEDIA__r5__sNA | CONTROL/MEDIA__r7__sNA | CONTROL/MEDIA__r10__sNA | LMO7/hCTZ__r1__sNA,DREADD_CNO | DREADD_CNO | EYFP_Control_Media | EYFP_Control_Media | EYFP_Control_Media | EYFP_Control_Media | LMO7_hCTZ,EYFP_Control_Media,PSAM_uPSEM,7,12,1106.4285714285713,1181.4583333333333,75.02976190476193,0.4175740792094237,0.9473325576476563,-364.016380517909,514.0759043274329,False
365,5,DREADD/CNO__r3__sNA | CONTROL/MEDIA__r6__sNA | CONTROL/MEDIA__r10__sNA | LMO7/hCTZ__r4__sNA | PSAM/uPSEM__r2__sNA,DREADD_CNO | EYFP_Control_Media | EYFP_Control_Media | LMO7_hCTZ | PSAM_uPSEM,EYFP_Control_Media,DREADD_CNO,9,11,1259.1666666666667,1557.5,298.33333333333326,1.8659883073808312,0.16747562520059855,-93.2924160768074,689.9590827434739,False
365,5,DREADD/CNO__r3__sNA | CONTROL/MEDIA__r6__sNA | CONTROL/MEDIA__r10__sNA | LMO7/hCTZ__r4__sNA | PSAM/uPSEM__r2__sNA,DREADD_CNO | EYFP_Control_Media | EYFP_Control_Media | LMO7_hCTZ | PSAM_uPSEM,EYFP_Control_Media,LMO7_hCTZ,9,8,1259.1666666666667,1330.3125,71.14583333333326,0.4116193629288848,0.9538091339780004,-352.2358359483353,494.5275026150018,False
365,5,DREADD/CNO__r3__sNA | CONTROL/MEDIA__r6__sNA | CONTROL/MEDIA__r10__sNA | LMO7/hCTZ__r4__sNA | PSAM/uPSEM__r2__sNA,DREADD_CNO | EYFP_Control_Media | EYFP_Control_Media | LMO7_hCTZ | PSAM_uPSEM,EYFP_Control_Media,PSAM_uPSEM,9,11,1259.1666666666667,1114.7727272727273,-144.3939393939395,-0.9031421315052991,0.6898923196749953,-536.0196888040801,247.23181001620117,False
366,4,DREADD/CNO__r3__sNA | CONTROL/MEDIA__r1__sNA | PSAM/uPSEM__r2__sNA | PSAM/uPSEM__r12__sNA,DREADD_CNO | EYFP_Control_Media | PSAM_uPSEM | PSAM_uPSEM,EYFP_Control_Media,DREADD_CNO,10,11,1293.0,1557.5,264.5,1.6161283707002585,0.2644645878551002,-137.0328470364015,666.0328470364016,False
366,4,DREADD/CNO__r3__sNA | CONTROL/MEDIA__r1__sNA | PSAM/uPSEM__r2__sNA | PSAM/uPSEM__r12__sNA,DREADD_CNO | EYFP_Control_Media | PSAM_uPSEM | PSAM_uPSEM,EYFP_Control_Media,LMO7_hCTZ,10,9,1293.0,1357.2222222222222,64.22222222222217,0.3731584374827323,0.965917196277567,-358.0216144952538,486.46605893969814,False
366,4,DREADD/CNO__r3__sNA | CONTROL/MEDIA__r1__sNA | PSAM/uPSEM__r2__sNA | PSAM/uPSEM__r12__sNA,DREADD_CNO | EYFP_Control_Media | PSAM_uPSEM | PSAM_uPSEM,EYFP_Control_Media,PSAM_uPSEM,10,10,1293.0,1075.75,-217.25,-1.2969053146144724,0.43380318054359746,-628.2319715360876,193.7319715360876,False
367,4,DREADD/CNO__r7__sNA | DREADD/CNO__r10__sNA | CONTROL/MEDIA__r8__sNA | PSAM/uPSEM__r9__sNA,DREADD_CNO | DREADD_CNO | EYFP_Control_Media | PSAM_uPSEM,EYFP_Control_Media,DREADD_CNO,10,10,1227.5,1551.25,323.75,2.014332659214761,0.12705171448907804,-70.57122696354025,718.0712269635403,False
367,4,DREADD/CNO__r7__sNA | DREADD/CNO__r10__sNA | CONTROL/MEDIA__r8__sNA | PSAM/uPSEM__r9__sNA,DREADD_CNO | DREADD_CNO | EYFP_Control_Media | PSAM_uPSEM,EYFP_Control_Media,LMO7_hCTZ,10,9,1227.5,1357.2222222222222,129.72222222222217,0.7855887381513598,0.7730061402719903,-275.4043266381038,534.8487710825482,False
367,4,DREADD/CNO__r7__sNA | DREADD/CNO__r10__sNA | CONTROL/MEDIA__r8__sNA | PSAM/uPSEM__r9__sNA,DREADD_CNO | DREADD_CNO | EYFP_Control_Media | PSAM_uPSEM,EYFP_Control_Media,PSAM_uPSEM,10,11,1227.5,1103.8636363636363,-123.63636363636374,-0.7873527221897911,0.7718385473758258,-508.891522926616,261.6187956538885,False
368,6,DREADD/CNO__r11__sNA | CONTROL/MEDIA__r2__sNA | PSAM/uPSEM__r2__sNA | PSAM/uPSEM__r9__sNA | PSAM/uPSEM__r10__sNA | PSAM/uPSEM__r11__sNA,DREADD_CNO | EYFP_Control_Media | PSAM_uPSEM | PSAM_uPSEM | PSAM_uPSEM | PSAM_uPSEM,EYFP_Control_Media,DREADD_CNO,10,11,1365.75,1515.909090909091,150.159090909091,0.9861620951330794,0.643287767906666,-225.1091819646213,525.4273637828032,False
368,6,DREADD/CNO__r11__sNA | CONTROL/MEDIA__r2__sNA | PSAM/uPSEM__r2__sNA | PSAM/uPSEM__r9__sNA | PSAM/uPSEM__r10__sNA | PSAM/uPSEM__r11__sNA,DREADD_CNO | EYFP_Control_Media | PSAM_uPSEM | PSAM_uPSEM | PSAM_uPSEM | PSAM_uPSEM,EYFP_Control_Media,LMO7_hCTZ,10,9,1365.75,1357.2222222222222,-8.527777777777828,-0.053258669047034524,0.9998924552111419,-403.15231847487325,386.0967629193176,False
368,6,DREADD/CNO__r11__sNA | CONTROL/MEDIA__r2__sNA | PSAM/uPSEM__r2__sNA | PSAM/uPSEM__r9__sNA | PSAM/uPSEM__r10__sNA | PSAM/uPSEM__r11__sNA,DREADD_CNO | EYFP_Control_Media | PSAM_uPSEM | PSAM_uPSEM | PSAM_uPSEM | PSAM_uPSEM,EYFP_Control_Media,PSAM_uPSEM,10,8,1365.75,1039.0625,-326.6875,-1.976292572776504,0.1392850082419319,-734.0863537331088,80.71135373310881,False
369,8,DREADD/CNO__r4__sNA | CONTROL/MEDIA__r6__sNA | CONTROL/MEDIA__r8__sNA | CONTROL/MEDIA__r9__sNA | CONTROL/MEDIA__r10__sNA | LMO7/hCTZ__r8__sNA | PSAM/uPSEM__r1__sNA | PSAM/uPSEM__r9__sNA,DREADD_CNO | EYFP_Control_Media | EYFP_Control_Media | EYFP_Control_Media | EYFP_Control_Media | LMO7_hCTZ | PSAM_uPSEM | PSAM_uPSEM,EYFP_Control_Media,DREADD_CNO,7,11,1194.2857142857142,1525.909090909091,331.62337662337677,1.9914901230919506,0.12881991759835631,-75.99737081518612,739.2441240619396,False
369,8,DREADD/CNO__r4__sNA | CONTROL/MEDIA__r6__sNA | CONTROL/MEDIA__r8__sNA | CONTROL/MEDIA__r9__sNA | CONTROL/MEDIA__r10__sNA | LMO7/hCTZ__r8__sNA | PSAM/uPSEM__r1__sNA | PSAM/uPSEM__r9__sNA,DREADD_CNO | EYFP_Control_Media | EYFP_Control_Media | EYFP_Control_Media | EYFP_Control_Media | LMO7_hCTZ | PSAM_uPSEM | PSAM_uPSEM,EYFP_Control_Media,LMO7_hCTZ,7,8,1194.2857142857142,1328.125,133.83928571428578,0.7508547006077265,0.7781362024801093,-302.49265634718574,570.1712277757573,False
369,8,DREADD/CNO__r4__sNA | CONTROL/MEDIA__r6__sNA | CONTROL/MEDIA__r8__sNA | CONTROL/MEDIA__r9__sNA | CONTROL/MEDIA__r10__sNA | LMO7/hCTZ__r8__sNA | PSAM/uPSEM__r1__sNA | PSAM/uPSEM__r9__sNA,DREADD_CNO | EYFP_Control_Media | EYFP_Control_Media | EYFP_Control_Media | EYFP_Control_Media | LMO7_hCTZ | PSAM_uPSEM | PSAM_uPSEM,EYFP_Control_Media,PSAM_uPSEM,7,10,1194.2857142857142,1097.75,-96.53571428571422,-0.5687697409175329,0.8838726167960805,-512.0068256615948,318.93539709016636,False
370,5,CONTROL/MEDIA__r8__sNA | CONTROL/MEDIA__r10__sNA | LMO7/hCTZ__r3__sNA | LMO7/hCTZ__r6__sNA | PSAM/uPSEM__r8__sNA,EYFP_Control_Media | EYFP_Control_Media | LMO7_hCTZ | LMO7_hCTZ | PSAM_uPSEM,EYFP_Control_Media,DREADD_CNO,9,12,1135.2777777777778,1506.25,370.9722222222222,2.439339878167305,0.0512647370987479,-1.746452967727521,743.6908974121718,False
370,5,CONTROL/MEDIA__r8__sNA | CONTROL/MEDIA__r10__sNA | LMO7/hCTZ__r3__sNA | LMO7/hCTZ__r6__sNA | PSAM/uPSEM__r8__sNA,EYFP_Control_Media | EYFP_Control_Media | LMO7_hCTZ | LMO7_hCTZ | PSAM_uPSEM,EYFP_Control_Media,LMO7_hCTZ,9,7,1135.2777777777778,1471.0714285714287,335.79365079365084,1.9320192857592418,0.14821395223889755,-90.17054942343464,761.7578510107363,False
370,5,CONTROL/MEDIA__r8__sNA | CONTROL/MEDIA__r10__sNA | LMO7/hCTZ__r3__sNA | LMO7/hCTZ__r6__sNA | PSAM/uPSEM__r8__sNA,EYFP_Control_Media | EYFP_Control_Media | LMO7_hCTZ | LMO7_hCTZ | PSAM_uPSEM,EYFP_Control_Media,PSAM_uPSEM,9,11,1135.2777777777778,1197.2727272727273,61.994949494949424,0.39993333408071735,0.9575251666090259,-317.91510251887155,441.9050015087704,False
371,4,LMO7/hCTZ__r4__sNA | PSAM/uPSEM__r2__sNA | PSAM/uPSEM__r7__sNA | PSAM/uPSEM__r9__sNA,LMO7_hCTZ | PSAM_uPSEM | PSAM_uPSEM | PSAM_uPSEM,EYFP_Control_Media,DREADD_CNO,11,12,1299.7727272727273,1506.25,206.47727272727275,1.3912881665991181,0.3849149262773519,-158.70933279230331,571.6638782468488,False
371,4,LMO7/hCTZ__r4__sNA | PSAM/uPSEM__r2__sNA | PSAM/uPSEM__r7__sNA | PSAM/uPSEM__r9__sNA,LMO7_hCTZ | PSAM_uPSEM | PSAM_uPSEM | PSAM_uPSEM,EYFP_Control_Media,LMO7_hCTZ,11,8,1299.7727272727273,1330.3125,30.539772727272748,0.18486390596013555,0.995712439252948,-375.9722101032754,437.0517555578209,False
371,4,LMO7/hCTZ__r4__sNA | PSAM/uPSEM__r2__sNA | PSAM/uPSEM__r7__sNA | PSAM/uPSEM__r9__sNA,LMO7_hCTZ | PSAM_uPSEM | PSAM_uPSEM | PSAM_uPSEM,EYFP_Control_Media,PSAM_uPSEM,11,9,1299.7727272727273,1042.7777777777778,-256.9949494949494,-1.6082330269700869,0.2730048506910403,-650.214668066538,136.22476907663923,False
372,5,DREADD/CNO__r3__sNA | DREADD/CNO__r11__sNA | CONTROL/MEDIA__r5__sNA | LMO7/hCTZ__r1__sNA | PSAM/uPSEM__r9__sNA,DREADD_CNO | DREADD_CNO | EYFP_Control_Media | LMO7_hCTZ | PSAM_uPSEM,EYFP_Control_Media,DREADD_CNO,10,10,1261.75,1573.25,311.5,1.8779976830588747,0.16683017520184695,-96.26661389065464,719.2666138906546,False
372,5,DREADD/CNO__r3__sNA | DREADD/CNO__r11__sNA | CONTROL/MEDIA__r5__sNA | LMO7/hCTZ__r1__sNA | PSAM/uPSEM__r9__sNA,DREADD_CNO | DREADD_CNO | EYFP_Control_Media | LMO7_hCTZ | PSAM_uPSEM,EYFP_Control_Media,LMO7_hCTZ,10,8,1261.75,1371.5625,109.8125,0.6241838372333939,0.8686189474469564,-322.6893067353378,542.3143067353378,False
372,5,DREADD/CNO__r3__sNA | DREADD/CNO__r11__sNA | CONTROL/MEDIA__r5__sNA | LMO7/hCTZ__r1__sNA | PSAM/uPSEM__r9__sNA,DREADD_CNO | DREADD_CNO | EYFP_Control_Media | LMO7_hCTZ | PSAM_uPSEM,EYFP_Control_Media,PSAM_uPSEM,10,11,1261.75,1103.8636363636363,-157.88636363636374,-0.9742789436293786,0.6493123820344496,-556.2777791769129,240.5050519041854,False
373,5,CONTROL/MEDIA__r1__sNA | CONTROL/MEDIA__r2__sNA | CONTROL/MEDIA__r8__sNA | LMO7/hCTZ__r3__sNA | PSAM/uPSEM__r2__sNA,EYFP_Control_Media | EYFP_Control_Media | EYFP_Control_Media | LMO7_hCTZ | PSAM_uPSEM,EYFP_Control_Media,DREADD_CNO,8,12,1283.4375,1506.25,222.8125,1.441289407249302,0.33941128338211113,-154.38868122727854,600.0136812272785,False
373,5,CONTROL/MEDIA__r1__sNA | CONTROL/MEDIA__r2__sNA | CONTROL/MEDIA__r8__sNA | LMO7/hCTZ__r3__sNA | PSAM/uPSEM__r2__sNA,EYFP_Control_Media | EYFP_Control_Media | EYFP_Control_Media | LMO7_hCTZ | PSAM_uPSEM,EYFP_Control_Media,LMO7_hCTZ,8,8,1283.4375,1447.8125,164.375,0.9706368743529273,0.63427470564081,-248.82819135154932,577.5781913515493,False
373,5,CONTROL/MEDIA__r1__sNA | CONTROL/MEDIA__r2__sNA | CONTROL/MEDIA__r8__sNA | LMO7/hCTZ__r3__sNA | PSAM/uPSEM__r2__sNA,EYFP_Control_Media | EYFP_Control_Media | EYFP_Control_Media | LMO7_hCTZ | PSAM_uPSEM,EYFP_Control_Media,PSAM_uPSEM,8,11,1283.4375,1114.7727272727273,-168.66477272727275,-1.0717165703870957,0.5649867055728781,-552.6629184092892,215.3333729547437,False
374,2,DREADD/CNO__r3__sNA | PSAM/uPSEM__r9__sNA,DREADD_CNO | PSAM_uPSEM,EYFP_Control_Media,DREADD_CNO,11,11,1299.7727272727273,1557.5,257.72727272727275,1.6636612338571244,0.24512859838303813,-121.98742351964427,637.4419689741898,False
374,2,DREADD/CNO__r3__sNA | PSAM/uPSEM__r9__sNA,DREADD_CNO | PSAM_uPSEM,EYFP_Control_Media,LMO7_hCTZ,11,9,1299.7727272727273,1357.2222222222222,57.44949494949492,0.35181308539551986,0.9717079206673332,-342.8049387769209,457.70392867591073,False
374,2,DREADD/CNO__r3__sNA | PSAM/uPSEM__r9__sNA,DREADD_CNO | PSAM_uPSEM,EYFP_Control_Media,PSAM_uPSEM,11,11,1299.7727272727273,1103.8636363636363,-195.909090909091,-1.2646172694751692,0.4565936888147256,-575.623787156008,183.80560533782602,False
375,8,DREADD/CNO__r5__sNA | DREADD/CNO__r7__sNA | DREADD/CNO__r10__sNA | CONTROL/MEDIA__r4__sNA | CONTROL/MEDIA__r6__sNA | LMO7/hCTZ__r3__sNA | LMO7/hCTZ__r4__sNA | PSAM/uPSEM__r2__sNA,DREADD_CNO | DREADD_CNO | DREADD_CNO | EYFP_Control_Media | EYFP_Control_Media | LMO7_hCTZ | LMO7_hCTZ | PSAM_uPSEM,EYFP_Control_Media,DREADD_CNO,9,9,1377.2222222222222,1596.111111111111,218.8888888888889,1.2606134246838603,0.4582255402995413,-209.5746860316487,647.3524638094266,False
375,8,DREADD/CNO__r5__sNA | DREADD/CNO__r7__sNA | DREADD/CNO__r10__sNA | CONTROL/MEDIA__r4__sNA | CONTROL/MEDIA__r6__sNA | LMO7/hCTZ__r3__sNA | LMO7/hCTZ__r4__sNA | PSAM/uPSEM__r2__sNA,DREADD_CNO | DREADD_CNO | DREADD_CNO | EYFP_Control_Media | EYFP_Control_Media | LMO7_hCTZ | LMO7_hCTZ | PSAM_uPSEM,EYFP_Control_Media,LMO7_hCTZ,9,7,1377.2222222222222,1430.0,52.77777777777783,0.2843238804389611,0.9842669670256183,-405.26905081222213,510.8246063677778,False
375,8,DREADD/CNO__r5__sNA | DREADD/CNO__r7__sNA | DREADD/CNO__r10__sNA | CONTROL/MEDIA__r4__sNA | CONTROL/MEDIA__r6__sNA | LMO7/hCTZ__r3__sNA | LMO7/hCTZ__r4__sNA | PSAM/uPSEM__r2__sNA,DREADD_CNO | DREADD_CNO | DREADD_CNO | EYFP_Control_Media | EYFP_Control_Media | LMO7_hCTZ | LMO7_hCTZ | PSAM_uPSEM,EYFP_Control_Media,PSAM_uPSEM,9,11,1377.2222222222222,1114.7727272727273,-262.4494949494949,-1.5852592463405382,0.2809313952582988,-670.9734844906535,146.07449459166367,False
376,5,DREADD/CNO__r1__sNA | LMO7/hCTZ__r6__sNA | LMO7/hCTZ__r7__sNA | PSAM/uPSEM__r2__sNA | PSAM/uPSEM__r9__sNA,DREADD_CNO | LMO7_hCTZ | LMO7_hCTZ | PSAM_uPSEM | PSAM_uPSEM,EYFP_Control_Media,DREADD_CNO,11,11,1299.7727272727273,1469.7727272727273,170.0,1.1173009281780324,0.5595343493609006,-205.2254578867056,545.2254578867056,False
376,5,DREADD/CNO__r1__sNA | LMO7/hCTZ__r6__sNA | LMO7/hCTZ__r7__sNA | PSAM/uPSEM__r2__sNA | PSAM/uPSEM__r9__sNA,DREADD_CNO | LMO7_hCTZ | LMO7_hCTZ | PSAM_uPSEM | PSAM_uPSEM,EYFP_Control_Media,LMO7_hCTZ,11,7,1299.7727272727273,1370.0,70.22727272727275,0.407056605273815,0.9589031829683242,-355.23840462211126,495.69295007665676,False
376,5,DREADD/CNO__r1__sNA | LMO7/hCTZ__r6__sNA | LMO7/hCTZ__r7__sNA | PSAM/uPSEM__r2__sNA | PSAM/uPSEM__r9__sNA,DREADD_CNO | LMO7_hCTZ | LMO7_hCTZ | PSAM_uPSEM | PSAM_uPSEM,EYFP_Control_Media,PSAM_uPSEM,11,10,1299.7727272727273,1022.75,-277.02272727272725,-1.7768140888509747,0.20476692318548229,-661.5144065826992,107.46895203724466,False
377,7,DREADD/CNO__r3__sNA | DREADD/CNO__r8__sNA | DREADD/CNO__r10__sNA | CONTROL/MEDIA__r10__sNA | LMO7/hCTZ__r7__sNA | PSAM/uPSEM__r2__sNA | PSAM/uPSEM__r12__sNA,DREADD_CNO | DREADD_CNO | DREADD_CNO | EYFP_Control_Media | LMO7_hCTZ | PSAM_uPSEM | PSAM_uPSEM,EYFP_Control_Media,DREADD_CNO,10,9,1224.0,1551.6666666666667,327.66666666666674,1.9680219885701618,0.14256115574913075,-83.36933783181257,738.7026711651461,False
377,7,DREADD/CNO__r3__sNA | DREADD/CNO__r8__sNA | DREADD/CNO__r10__sNA | CONTROL/MEDIA__r10__sNA | LMO7/hCTZ__r7__sNA | PSAM/uPSEM__r2__sNA | PSAM/uPSEM__r12__sNA,DREADD_CNO | DREADD_CNO | DREADD_CNO | EYFP_Control_Media | LMO7_hCTZ | PSAM_uPSEM | PSAM_uPSEM,EYFP_Control_Media,LMO7_hCTZ,10,8,1224.0,1359.375,135.375,0.7875904468541273,0.7768713651808989,-288.96656978658973,559.7165697865897,False
377,7,DREADD/CNO__r3__sNA | DREADD/CNO__r8__sNA | DREADD/CNO__r10__sNA | CONTROL/MEDIA__r10__sNA | LMO7/hCTZ__r7__sNA | PSAM/uPSEM__r2__sNA | PSAM/uPSEM__r12__sNA,DREADD_CNO | DREADD_CNO | DREADD_CNO | EYFP_Control_Media | LMO7_hCTZ | PSAM_uPSEM | PSAM_uPSEM,EYFP_Control_Media,PSAM_uPSEM,10,10,1224.0,1075.75,-148.25,-0.9148142760127418,0.6935847501284269,-548.3230687139229,251.8230687139229,False
378,8,DREADD/CNO__r5__sNA | DREADD/CNO__r8__sNA | DREADD/CNO__r9__sNA | CONTROL/MEDIA__r2__sNA | LMO7/hCTZ__r7__sNA | PSAM/uPSEM__r2__sNA | PSAM/uPSEM__r7__sNA | PSAM/uPSEM__r9__sNA,DREADD_CNO | DREADD_CNO | DREADD_CNO | EYFP_Control_Media | LMO7_hCTZ | PSAM_uPSEM | PSAM_uPSEM | PSAM_uPSEM,EYFP_Control_Media,DREADD_CNO,10,9,1365.75,1518.3333333333333,152.58333333333326,0.9502046403287112,0.6715857857409311,-244.4279694871659,549.5946361538324,False
378,8,DREADD/CNO__r5__sNA | DREADD/CNO__r8__sNA | DREADD/CNO__r9__sNA | CONTROL/MEDIA__r2__sNA | LMO7/hCTZ__r7__sNA | PSAM/uPSEM__r2__sNA | PSAM/uPSEM__r7__sNA | PSAM/uPSEM__r9__sNA,DREADD_CNO | DREADD_CNO | DREADD_CNO | EYFP_Control_Media | LMO7_hCTZ | PSAM_uPSEM | PSAM_uPSEM | PSAM_uPSEM,EYFP_Control_Media,LMO7_hCTZ,10,8,1365.75,1359.375,-6.375,-0.0384551513101565,0.9999603411709692,-416.2378772616269,403.4878772616269,False
378,8,DREADD/CNO__r5__sNA | DREADD/CNO__r8__sNA | DREADD/CNO__r9__sNA | CONTROL/MEDIA__r2__sNA | LMO7/hCTZ__r7__sNA | PSAM/uPSEM__r2__sNA | PSAM/uPSEM__r7__sNA | PSAM/uPSEM__r9__sNA,DREADD_CNO | DREADD_CNO | DREADD_CNO | EYFP_Control_Media | LMO7_hCTZ | PSAM_uPSEM | PSAM_uPSEM | PSAM_uPSEM,EYFP_Control_Media,PSAM_uPSEM,10,9,1365.75,1042.7777777777778,-322.9722222222222,-2.0112924363921225,0.13215596300702392,-719.9835250427213,74.039080598277,False
379,7,DREADD/CNO__r11__sNA | CONTROL/MEDIA__r5__sNA | CONTROL/MEDIA__r6__sNA | CONTROL/MEDIA__r10__sNA | LMO7/hCTZ__r3__sNA | LMO7/hCTZ__r8__sNA | PSAM/uPSEM__r2__sNA,DREADD_CNO | EYFP_Control_Media | EYFP_Control_Media | EYFP_Control_Media | LMO7_hCTZ | LMO7_hCTZ | PSAM_uPSEM,EYFP_Control_Media,DREADD_CNO,8,11,1206.5625,1515.909090909091,309.346590909091,1.9117774843556448,0.1529734197992988,-87.64389176256708,706.3370735807491,False
379,7,DREADD/CNO__r11__sNA | CONTROL/MEDIA__r5__sNA | CONTROL/MEDIA__r6__sNA | CONTROL/MEDIA__r10__sNA | LMO7/hCTZ__r3__sNA | LMO7/hCTZ__r8__sNA | PSAM/uPSEM__r2__sNA,DREADD_CNO | EYFP_Control_Media | EYFP_Control_Media | EYFP_Control_Media | LMO7_hCTZ | LMO7_hCTZ | PSAM_uPSEM,EYFP_Control_Media,LMO7_hCTZ,8,7,1206.5625,1427.5,220.9375,1.2258724699936694,0.46923899854313256,-221.23959980524432,663.1145998052443,False
379,7,DREADD/CNO__r11__sNA | CONTROL/MEDIA__r5__sNA | CONTROL/MEDIA__r6__sNA | CONTROL/MEDIA__r10__sNA | LMO7/hCTZ__r3__sNA | LMO7/hCTZ__r8__sNA | PSAM/uPSEM__r2__sNA,DREADD_CNO | EYFP_Control_Media | EYFP_Control_Media | EYFP_Control_Media | LMO7_hCTZ | LMO7_hCTZ | PSAM_uPSEM,EYFP_Control_Media,PSAM_uPSEM,8,11,1206.5625,1114.7727272727273,-91.78977272727275,-0.5672654102261996,0.8899860422085283,-488.7802553989308,305.2007099443853,False
380,4,CONTROL/MEDIA__r2__sNA | CONTROL/MEDIA__r11__sNA | LMO7/hCTZ__r3__sNA | PSAM/uPSEM__r9__sNA,EYFP_Control_Media | EYFP_Control_Media | LMO7_hCTZ | PSAM_uPSEM,EYFP_Control_Media,DREADD_CNO,9,12,1371.6666666666667,1506.25,134.58333333333326,0.8841695207252865,0.7009907542969644,-237.60830659197882,506.77497325864533,False
380,4,CONTROL/MEDIA__r2__sNA | CONTROL/MEDIA__r11__sNA | LMO7/hCTZ__r3__sNA | PSAM/uPSEM__r9__sNA,EYFP_Control_Media | EYFP_Control_Media | LMO7_hCTZ | PSAM_uPSEM,EYFP_Control_Media,LMO7_hCTZ,9,8,1371.6666666666667,1447.8125,76.14583333333326,0.4539729332926956,0.9392245360515831,-333.9893783534421,486.2810450201086,False
380,4,CONTROL/MEDIA__r2__sNA | CONTROL/MEDIA__r11__sNA | LMO7/hCTZ__r3__sNA | PSAM/uPSEM__r9__sNA,EYFP_Control_Media | EYFP_Control_Media | LMO7_hCTZ | PSAM_uPSEM,EYFP_Control_Media,PSAM_uPSEM,9,11,1371.6666666666667,1103.8636363636363,-267.8030303030305,-1.7260767993803088,0.21487893026927218,-647.1758782320292,111.56981762596814,False
381,6,DREADD/CNO__r11__sNA | CONTROL/MEDIA__r10__sNA | LMO7/hCTZ__r1__sNA | LMO7/hCTZ__r7__sNA | PSAM/uPSEM__r9__sNA | PSAM/uPSEM__r12__sNA,DREADD_CNO | EYFP_Control_Media | LMO7_hCTZ | LMO7_hCTZ | PSAM_uPSEM | PSAM_uPSEM,EYFP_Control_Media,DREADD_CNO,10,11,1224.0,1515.909090909091,291.909090909091,1.8311905740686567,0.18363284731433072,-101.01271569282488,684.8308975110069,False
381,6,DREADD/CNO__r11__sNA | CONTROL/MEDIA__r10__sNA | LMO7/hCTZ__r1__sNA | LMO7/hCTZ__r7__sNA | PSAM/uPSEM__r9__sNA | PSAM/uPSEM__r12__sNA,DREADD_CNO | EYFP_Control_Media | LMO7_hCTZ | LMO7_hCTZ | PSAM_uPSEM | PSAM_uPSEM,EYFP_Control_Media,LMO7_hCTZ,10,7,1224.0,1376.0714285714287,152.07142857142867,0.8458072697914076,0.7383719702553802,-291.09644338012123,595.2393005229785,False
381,6,DREADD/CNO__r11__sNA | CONTROL/MEDIA__r10__sNA | LMO7/hCTZ__r1__sNA | LMO7/hCTZ__r7__sNA | PSAM/uPSEM__r9__sNA | PSAM/uPSEM__r12__sNA,DREADD_CNO | EYFP_Control_Media | LMO7_hCTZ | LMO7_hCTZ | PSAM_uPSEM | PSAM_uPSEM,EYFP_Control_Media,PSAM_uPSEM,10,10,1224.0,1063.75,-160.25,-0.9821600589668333,0.6465564281607811,-562.4182906607568,241.91829066075678,False
382,5,CONTROL/MEDIA__r3__sNA | CONTROL/MEDIA__r10__sNA | LMO7/hCTZ__r7__sNA | PSAM/uPSEM__r9__sNA | PSAM/uPSEM__r12__sNA,EYFP_Control_Media | EYFP_Control_Media | LMO7_hCTZ | PSAM_uPSEM | PSAM_uPSEM,EYFP_Control_Media,DREADD_CNO,9,12,1258.0555555555557,1506.25,248.19444444444434,1.5786570192421767,0.2783834497913418,-137.01485806278896,633.4037469516777,False
382,5,CONTROL/MEDIA__r3__sNA | CONTROL/MEDIA__r10__sNA | LMO7/hCTZ__r7__sNA | PSAM/uPSEM__r9__sNA | PSAM/uPSEM__r12__sNA,EYFP_Control_Media | EYFP_Control_Media | LMO7_hCTZ | PSAM_uPSEM | PSAM_uPSEM,EYFP_Control_Media,LMO7_hCTZ,9,8,1258.0555555555557,1359.375,101.31944444444434,0.58482790375587,0.8840097678638358,-323.16053275016094,525.7994216390496,False
382,5,CONTROL/MEDIA__r3__sNA | CONTROL/MEDIA__r10__sNA | LMO7/hCTZ__r7__sNA | PSAM/uPSEM__r9__sNA | PSAM/uPSEM__r12__sNA,EYFP_Control_Media | EYFP_Control_Media | LMO7_hCTZ | PSAM_uPSEM | PSAM_uPSEM,EYFP_Control_Media,PSAM_uPSEM,9,10,1258.0555555555557,1063.75,-194.30555555555566,-1.1861050932517994,0.49858458684237517,-595.684459408908,207.0733482977966,False
383,4,DREADD/CNO__r3__sNA | DREADD/CNO__r10__sNA | CONTROL/MEDIA__r9__sNA | PSAM/uPSEM__r9__sNA,DREADD_CNO | DREADD_CNO | EYFP_Control_Media | PSAM_uPSEM,EYFP_Control_Media,DREADD_CNO,10,10,1334.75,1576.0,241.25,1.4706928620713935,0.33504295037830156,-161.20461420101117,643.7046142010112,False
383,4,DREADD/CNO__r3__sNA | DREADD/CNO__r10__sNA | CONTROL/MEDIA__r9__sNA | PSAM/uPSEM__r9__sNA,DREADD_CNO | DREADD_CNO | EYFP_Control_Media | PSAM_uPSEM,EYFP_Control_Media,LMO7_hCTZ,10,9,1334.75,1357.2222222222222,22.47222222222217,0.13333990319921268,0.9982889676858273,-391.01058766780955,435.9550321122539,False
383,4,DREADD/CNO__r3__sNA | DREADD/CNO__r10__sNA | CONTROL/MEDIA__r9__sNA | PSAM/uPSEM__r9__sNA,DREADD_CNO | DREADD_CNO | EYFP_Control_Media | PSAM_uPSEM,EYFP_Control_Media,PSAM_uPSEM,10,11,1334.75,1103.8636363636363,-230.88636363636374,-1.440637248330123,0.35107148950158273,-624.0879107482153,162.31518347548786,False
384,8,DREADD/CNO__r7__sNA | DREADD/CNO__r10__sNA | CONTROL/MEDIA__r1__sNA | CONTROL/MEDIA__r4__sNA | LMO7/hCTZ__r3__sNA | PSAM/uPSEM__r9__sNA | PSAM/uPSEM__r10__sNA | PSAM/uPSEM__r12__sNA,DREADD_CNO | DREADD_CNO | EYFP_Control_Media | EYFP_Control_Media | LMO7_hCTZ | PSAM_uPSEM | PSAM_uPSEM | PSAM_uPSEM,EYFP_Control_Media,DREADD_CNO,9,10,1326.111111111111,1551.25,225.1388888888889,1.3289096049755091,0.41590447068863357,-192.80656653292755,643.0843443107053,False
384,8,DREADD/CNO__r7__sNA | DREADD/CNO__r10__sNA | CONTROL/MEDIA__r1__sNA | CONTROL/MEDIA__r4__sNA | LMO7/hCTZ__r3__sNA | PSAM/uPSEM__r9__sNA | PSAM/uPSEM__r10__sNA | PSAM/uPSEM__r12__sNA,DREADD_CNO | DREADD_CNO | EYFP_Control_Media | EYFP_Control_Media | LMO7_hCTZ | PSAM_uPSEM | PSAM_uPSEM | PSAM_uPSEM,EYFP_Control_Media,LMO7_hCTZ,9,8,1326.111111111111,1447.8125,121.70138888888891,0.6792627355678058,0.8372812176922801,-320.2986158020897,563.7013935798675,False
384,8,DREADD/CNO__r7__sNA | DREADD/CNO__r10__sNA | CONTROL/MEDIA__r1__sNA | CONTROL/MEDIA__r4__sNA | LMO7/hCTZ__r3__sNA | PSAM/uPSEM__r9__sNA | PSAM/uPSEM__r10__sNA | PSAM/uPSEM__r12__sNA,DREADD_CNO | DREADD_CNO | EYFP_Control_Media | EYFP_Control_Media | LMO7_hCTZ | PSAM_uPSEM | PSAM_uPSEM | PSAM_uPSEM,EYFP_Control_Media,PSAM_uPSEM,9,9,1326.111111111111,1068.611111111111,-257.5,-1.4814396290058434,0.33117687288072273,-686.3029896151545,171.30298961515444,False
385,6,DREADD/CNO__r9__sNA | DREADD/CNO__r10__sNA | DREADD/CNO__r11__sNA | CONTROL/MEDIA__r10__sNA | LMO7/hCTZ__r3__sNA | PSAM/uPSEM__r2__sNA,DREADD_CNO | DREADD_CNO | DREADD_CNO | EYFP_Control_Media | LMO7_hCTZ | PSAM_uPSEM,EYFP_Control_Media,DREADD_CNO,10,9,1224.0,1537.2222222222222,313.2222222222222,1.9150245795793273,0.1566993593264211,-89.87761195143776,716.3220563958821,False
385,6,DREADD/CNO__r9__sNA | DREADD/CNO__r10__sNA | DREADD/CNO__r11__sNA | CONTROL/MEDIA__r10__sNA | LMO7/hCTZ__r3__sNA | PSAM/uPSEM__r2__sNA,DREADD_CNO | DREADD_CNO | DREADD_CNO | EYFP_Control_Media | LMO7_hCTZ | PSAM_uPSEM,EYFP_Control_Media,LMO7_hCTZ,10,8,1224.0,1447.8125,223.8125,1.3254715522658318,0.4210607043501856,-192.33599926023373,639.9609992602337,False
385,6,DREADD/CNO__r9__sNA | DREADD/CNO__r10__sNA | DREADD/CNO__r11__sNA | CONTROL/MEDIA__r10__sNA | LMO7/hCTZ__r3__sNA | PSAM/uPSEM__r2__sNA,DREADD_CNO | DREADD_CNO | DREADD_CNO | EYFP_Control_Media | LMO7_hCTZ | PSAM_uPSEM,EYFP_Control_Media,PSAM_uPSEM,10,11,1224.0,1114.7727272727273,-109.22727272727275,-0.7022554479996181,0.8270376180704624,-492.5551273478017,274.1005818932562,False
386,7,DREADD/CNO__r7__sNA | CONTROL/MEDIA__r2__sNA | CONTROL/MEDIA__r3__sNA | CONTROL/MEDIA__r6__sNA | CONTROL/MEDIA__r7__sNA | PSAM/uPSEM__r1__sNA | PSAM/uPSEM__r9__sNA,DREADD_CNO | EYFP_Control_Media | EYFP_Control_Media | EYFP_Control_Media | EYFP_Control_Media | PSAM_uPSEM | PSAM_uPSEM,EYFP_Control_Media,DREADD_CNO,7,11,1483.5714285714287,1535.0,51.42857142857133,0.29620183709534015,0.9795812787821012,-372.6871492989869,475.5442921561296,False
386,7,DREADD/CNO__r7__sNA | CONTROL/MEDIA__r2__sNA | CONTROL/MEDIA__r3__sNA | CONTROL/MEDIA__r6__sNA | CONTROL/MEDIA__r7__sNA | PSAM/uPSEM__r1__sNA | PSAM/uPSEM__r9__sNA,DREADD_CNO | EYFP_Control_Media | EYFP_Control_Media | EYFP_Control_Media | EYFP_Control_Media | PSAM_uPSEM | PSAM_uPSEM,EYFP_Control_Media,LMO7_hCTZ,7,9,1483.5714285714287,1357.2222222222222,-126.3492063492065,-0.6981632403922406,0.8089788534084221,-568.411219791298,315.71280709288504,False
386,7,DREADD/CNO__r7__sNA | CONTROL/MEDIA__r2__sNA | CONTROL/MEDIA__r3__sNA | CONTROL/MEDIA__r6__sNA | CONTROL/MEDIA__r7__sNA | PSAM/uPSEM__r1__sNA | PSAM/uPSEM__r9__sNA,DREADD_CNO | EYFP_Control_Media | EYFP_Control_Media | EYFP_Control_Media | EYFP_Control_Media | PSAM_uPSEM | PSAM_uPSEM,EYFP_Control_Media,PSAM_uPSEM,7,10,1483.5714285714287,1097.75,-385.82142857142867,-2.1801435032416925,0.08734119841556176,-818.10518976349,46.462332620632594,False
387,4,DREADD/CNO__r3__sNA | PSAM/uPSEM__r3__sNA | PSAM/uPSEM__r9__sNA | PSAM/uPSEM__r12__sNA,DREADD_CNO | PSAM_uPSEM | PSAM_uPSEM | PSAM_uPSEM,EYFP_Control_Media,DREADD_CNO,11,11,1299.7727272727273,1557.5,257.72727272727275,1.6512036282925506,0.2534045942074139,-126.32164690151234,641.7761923560579,False
387,4,DREADD/CNO__r3__sNA | PSAM/uPSEM__r3__sNA | PSAM/uPSEM__r9__sNA | PSAM/uPSEM__r12__sNA,DREADD_CNO | PSAM_uPSEM | PSAM_uPSEM | PSAM_uPSEM,EYFP_Control_Media,LMO7_hCTZ,11,9,1299.7727272727273,1357.2222222222222,57.44949494949492,0.3491786856985624,0.9728546766831357,-347.3736113684745,462.2726012674643,False
387,4,DREADD/CNO__r3__sNA | PSAM/uPSEM__r3__sNA | PSAM/uPSEM__r9__sNA | PSAM/uPSEM__r12__sNA,DREADD_CNO | PSAM_uPSEM | PSAM_uPSEM | PSAM_uPSEM,EYFP_Control_Media,PSAM_uPSEM,11,9,1299.7727272727273,1076.6666666666667,-223.1060606060605,-1.3560411816029887,0.4048770162178994,-627.9291669240299,181.7170457119089,False
388,5,DREADD/CNO__r3__sNA | DREADD/CNO__r11__sNA | LMO7/hCTZ__r5__sNA | PSAM/uPSEM__r2__sNA | PSAM/uPSEM__r12__sNA,DREADD_CNO | DREADD_CNO | LMO7_hCTZ | PSAM_uPSEM | PSAM_uPSEM,EYFP_Control_Media,DREADD_CNO,11,10,1299.7727272727273,1573.25,273.47727272727275,1.6518133251042015,0.2546912181862101,-134.61633476542914,681.5708802199747,False
388,5,DREADD/CNO__r3__sNA | DREADD/CNO__r11__sNA | LMO7/hCTZ__r5__sNA | PSAM/uPSEM__r2__sNA | PSAM/uPSEM__r12__sNA,DREADD_CNO | DREADD_CNO | LMO7_hCTZ | PSAM_uPSEM | PSAM_uPSEM,EYFP_Control_Media,LMO7_hCTZ,11,8,1299.7727272727273,1350.3125,50.53977272727275,0.2870455708279977,0.9846344471993616,-383.4524546177996,484.5320000723451,False
388,5,DREADD/CNO__r3__sNA | DREADD/CNO__r11__sNA | LMO7/hCTZ__r5__sNA | PSAM/uPSEM__r2__sNA | PSAM/uPSEM__r12__sNA,DREADD_CNO | DREADD_CNO | LMO7_hCTZ | PSAM_uPSEM | PSAM_uPSEM,EYFP_Control_Media,PSAM_uPSEM,11,10,1299.7727272727273,1075.75,-224.02272727272725,-1.3531059540889314,0.40858288775341267,-632.1163347654292,184.07088021997464,False
389,6,DREADD/CNO__r7__sNA | LMO7/hCTZ__r5__sNA | PSAM/uPSEM__r2__sNA | PSAM/uPSEM__r6__sNA | PSAM/uPSEM__r9__sNA | PSAM/uPSEM__r10__sNA,DREADD_CNO | LMO7_hCTZ | PSAM_uPSEM | PSAM_uPSEM | PSAM_uPSEM | PSAM_uPSEM,EYFP_Control_Media,DREADD_CNO,11,11,1299.7727272727273,1535.0,235.22727272727275,1.514592962926085,0.32158462973366186,-148.0777476256372,618.5322930801826,False
389,6,DREADD/CNO__r7__sNA | LMO7/hCTZ__r5__sNA | PSAM/uPSEM__r2__sNA | PSAM/uPSEM__r6__sNA | PSAM/uPSEM__r9__sNA | PSAM/uPSEM__r10__sNA,DREADD_CNO | LMO7_hCTZ | PSAM_uPSEM | PSAM_uPSEM | PSAM_uPSEM | PSAM_uPSEM,EYFP_Control_Media,LMO7_hCTZ,11,8,1299.7727272727273,1350.3125,50.53977272727275,0.298624019522017,0.9829967719746858,-367.15718934026114,468.23673479480664,False
389,6,DREADD/CNO__r7__sNA | LMO7/hCTZ__r5__sNA | PSAM/uPSEM__r2__sNA | PSAM/uPSEM__r6__sNA | PSAM/uPSEM__r9__sNA | PSAM/uPSEM__r10__sNA,DREADD_CNO | LMO7_hCTZ | PSAM_uPSEM | PSAM_uPSEM | PSAM_uPSEM | PSAM_uPSEM,EYFP_Control_Media,PSAM_uPSEM,11,8,1299.7727272727273,1037.8125,-261.96022727272725,-1.5478426554314317,0.3049219013802691,-679.6571893402611,155.73673479480664,False
390,8,DREADD/CNO__r3__sNA | DREADD/CNO__r9__sNA | CONTROL/MEDIA__r3__sNA | CONTROL/MEDIA__r4__sNA | CONTROL/MEDIA__r6__sNA | PSAM/uPSEM__r6__sNA | PSAM/uPSEM__r9__sNA | PSAM/uPSEM__r12__sNA,DREADD_CNO | DREADD_CNO | EYFP_Control_Media | EYFP_Control_Media | EYFP_Control_Media | PSAM_uPSEM | PSAM_uPSEM | PSAM_uPSEM,EYFP_Control_Media,DREADD_CNO,8,10,1434.6875,1566.5,131.8125,0.7613166837483547,0.78044364138617,-293.4674922220661,557.0924922220661,False
390,8,DREADD/CNO__r3__sNA | DREADD/CNO__r9__sNA | CONTROL/MEDIA__r3__sNA | CONTROL/MEDIA__r4__sNA | CONTROL/MEDIA__r6__sNA | PSAM/uPSEM__r6__sNA | PSAM/uPSEM__r9__sNA | PSAM/uPSEM__r12__sNA,DREADD_CNO | DREADD_CNO | EYFP_Control_Media | EYFP_Control_Media | EYFP_Control_Media | PSAM_uPSEM | PSAM_uPSEM | PSAM_uPSEM,EYFP_Control_Media,LMO7_hCTZ,8,9,1434.6875,1357.2222222222222,-77.46527777777783,-0.43676605610525343,0.9445862483399642,-513.1194772320569,358.18892167650125,False
390,8,DREADD/CNO__r3__sNA | DREADD/CNO__r9__sNA | CONTROL/MEDIA__r3__sNA | CONTROL/MEDIA__r4__sNA | CONTROL/MEDIA__r6__sNA | PSAM/uPSEM__r6__sNA | PSAM/uPSEM__r9__sNA | PSAM/uPSEM__r12__sNA,DREADD_CNO | DREADD_CNO | EYFP_Control_Media | EYFP_Control_Media | EYFP_Control_Media | PSAM_uPSEM | PSAM_uPSEM | PSAM_uPSEM,EYFP_Control_Media,PSAM_uPSEM,8,9,1434.6875,1081.388888888889,-353.2986111111111,-1.9919742809820487,0.13189694238992744,-788.9528105653901,82.355588343168,False
391,4,DREADD/CNO__r7__sNA | CONTROL/MEDIA__r8__sNA | LMO7/hCTZ__r1__sNA | PSAM/uPSEM__r9__sNA,DREADD_CNO | EYFP_Control_Media | LMO7_hCTZ | PSAM_uPSEM,EYFP_Control_Media,DREADD_CNO,10,11,1227.5,1535.0,307.5,1.9552585855556595,0.14286336001344901,-78.39925593641362,693.3992559364136,False
391,4,DREADD/CNO__r7__sNA | CONTROL/MEDIA__r8__sNA | LMO7/hCTZ__r1__sNA | PSAM/uPSEM__r9__sNA,DREADD_CNO | EYFP_Control_Media | LMO7_hCTZ | PSAM_uPSEM,EYFP_Control_Media,LMO7_hCTZ,10,8,1227.5,1371.5625,144.0625,0.8437855315762874,0.7356681095413629,-274.8775647196771,563.0025647196771,False
391,4,DREADD/CNO__r7__sNA | CONTROL/MEDIA__r8__sNA | LMO7/hCTZ__r1__sNA | PSAM/uPSEM__r9__sNA,DREADD_CNO | EYFP_Control_Media | LMO7_hCTZ | PSAM_uPSEM,EYFP_Control_Media,PSAM_uPSEM,10,11,1227.5,1103.8636363636363,-123.63636363636374,-0.786149793453274,0.7729903743001427,-509.53561957277736,262.2628923000499,False
392,8,DREADD/CNO__r2__sNA | CONTROL/MEDIA__r1__sNA | CONTROL/MEDIA__r8__sNA | LMO7/hCTZ__r2__sNA | LMO7/hCTZ__r9__sNA | PSAM/uPSEM__r2__sNA | PSAM/uPSEM__r5__sNA | PSAM/uPSEM__r9__sNA,DREADD_CNO | EYFP_Control_Media | EYFP_Control_Media | LMO7_hCTZ | LMO7_hCTZ | PSAM_uPSEM | PSAM_uPSEM | PSAM_uPSEM,EYFP_Control_Media,DREADD_CNO,9,11,1211.9444444444443,1482.5,270.55555555555566,1.735842605694987,0.21725479103809453,-114.05624097297357,655.1673520840849,False
392,8,DREADD/CNO__r2__sNA | CONTROL/MEDIA__r1__sNA | CONTROL/MEDIA__r8__sNA | LMO7/hCTZ__r2__sNA | LMO7/hCTZ__r9__sNA | PSAM/uPSEM__r2__sNA | PSAM/uPSEM__r5__sNA | PSAM/uPSEM__r9__sNA,DREADD_CNO | EYFP_Control_Media | EYFP_Control_Media | LMO7_hCTZ | LMO7_hCTZ | PSAM_uPSEM | PSAM_uPSEM | PSAM_uPSEM,EYFP_Control_Media,LMO7_hCTZ,9,7,1211.9444444444443,1296.4285714285713,84.48412698412699,0.483433444653952,0.9312165653953016,-346.7517811838708,515.7200351521248,False
392,8,DREADD/CNO__r2__sNA | CONTROL/MEDIA__r1__sNA | CONTROL/MEDIA__r8__sNA | LMO7/hCTZ__r2__sNA | LMO7/hCTZ__r9__sNA | PSAM/uPSEM__r2__sNA | PSAM/uPSEM__r5__sNA | PSAM/uPSEM__r9__sNA,DREADD_CNO | EYFP_Control_Media | EYFP_Control_Media | LMO7_hCTZ | LMO7_hCTZ | PSAM_uPSEM | PSAM_uPSEM | PSAM_uPSEM,EYFP_Control_Media,PSAM_uPSEM,9,9,1211.9444444444443,1028.888888888889,-183.05555555555543,-1.1197999890604007,0.5494719024917419,-586.4398108652949,220.32869975418402,False
393,8,DREADD/CNO__r3__sNA | DREADD/CNO__r6__sNA | CONTROL/MEDIA__r8__sNA | CONTROL/MEDIA__r10__sNA | LMO7/hCTZ__r5__sNA | LMO7/hCTZ__r6__sNA | PSAM/uPSEM__r2__sNA | PSAM/uPSEM__r10__sNA,DREADD_CNO | DREADD_CNO | EYFP_Control_Media | EYFP_Control_Media | LMO7_hCTZ | LMO7_hCTZ | PSAM_uPSEM | PSAM_uPSEM,EYFP_Control_Media,DREADD_CNO,9,10,1135.2777777777778,1499.75,364.4722222222222,2.399081364103342,0.05796101629632078,-10.382189303120924,739.3266337475652,False
393,8,DREADD/CNO__r3__sNA | DREADD/CNO__r6__sNA | CONTROL/MEDIA__r8__sNA | CONTROL/MEDIA__r10__sNA | LMO7/hCTZ__r5__sNA | LMO7/hCTZ__r6__sNA | PSAM/uPSEM__r2__sNA | PSAM/uPSEM__r10__sNA,DREADD_CNO | DREADD_CNO | EYFP_Control_Media | EYFP_Control_Media | LMO7_hCTZ | LMO7_hCTZ | PSAM_uPSEM | PSAM_uPSEM,EYFP_Control_Media,LMO7_hCTZ,9,7,1135.2777777777778,1359.642857142857,224.36507936507928,1.3464853574775113,0.4061662900645002,-186.78160955206664,635.5117682822251,False
393,8,DREADD/CNO__r3__sNA | DREADD/CNO__r6__sNA | CONTROL/MEDIA__r8__sNA | CONTROL/MEDIA__r10__sNA | LMO7/hCTZ__r5__sNA | LMO7/hCTZ__r6__sNA | PSAM/uPSEM__r2__sNA | PSAM/uPSEM__r10__sNA,DREADD_CNO | DREADD_CNO | EYFP_Control_Media | EYFP_Control_Media | LMO7_hCTZ | LMO7_hCTZ | PSAM_uPSEM | PSAM_uPSEM,EYFP_Control_Media,PSAM_uPSEM,9,10,1135.2777777777778,1124.25,-11.027777777777828,-0.07258862141216608,0.9997213603915462,-385.8821893031209,363.82663374756527,False
394,4,CONTROL/MEDIA__r5__sNA | LMO7/hCTZ__r3__sNA | LMO7/hCTZ__r7__sNA | PSAM/uPSEM__r9__sNA,EYFP_Control_Media | LMO7_hCTZ | LMO7_hCTZ | PSAM_uPSEM,EYFP_Control_Media,DREADD_CNO,10,12,1261.75,1506.25,244.5,1.5975863346282884,0.2737808728439103,-131.15550951158292,620.155509511583,False
394,4,CONTROL/MEDIA__r5__sNA | LMO7/hCTZ__r3__sNA | LMO7/hCTZ__r7__sNA | PSAM/uPSEM__r9__sNA,EYFP_Control_Media | LMO7_hCTZ | LMO7_hCTZ | PSAM_uPSEM,EYFP_Control_Media,LMO7_hCTZ,10,7,1261.75,1463.2142857142858,201.46428571428578,1.1437439732791568,0.5332360455581111,-230.89469672059266,633.8232681491643,False
394,4,CONTROL/MEDIA__r5__sNA | LMO7/hCTZ__r3__sNA | LMO7/hCTZ__r7__sNA | PSAM/uPSEM__r9__sNA,EYFP_Control_Media | LMO7_hCTZ | LMO7_hCTZ | PSAM_uPSEM,EYFP_Control_Media,PSAM_uPSEM,10,11,1261.75,1103.8636363636363,-157.88636363636374,-1.0109682313800967,0.6231867202159564,-541.2247851035481,225.45205783082065,False
395,7,DREADD/CNO__r3__sNA | DREADD/CNO__r4__sNA | CONTROL/MEDIA__r7__sNA | CONTROL/MEDIA__r8__sNA | PSAM/uPSEM__r7__sNA | PSAM/uPSEM__r9__sNA | PSAM/uPSEM__r10__sNA,DREADD_CNO | DREADD_CNO | EYFP_Control_Media | EYFP_Control_Media | PSAM_uPSEM | PSAM_uPSEM | PSAM_uPSEM,EYFP_Control_Media,DREADD_CNO,9,10,1203.0555555555557,1584.25,381.19444444444434,2.3199867872981206,0.0679589645853883,-23.19400285440753,785.5828917432962,False
395,7,DREADD/CNO__r3__sNA | DREADD/CNO__r4__sNA | CONTROL/MEDIA__r7__sNA | CONTROL/MEDIA__r8__sNA | PSAM/uPSEM__r7__sNA | PSAM/uPSEM__r9__sNA | PSAM/uPSEM__r10__sNA,DREADD_CNO | DREADD_CNO | EYFP_Control_Media | EYFP_Control_Media | PSAM_uPSEM | PSAM_uPSEM | PSAM_uPSEM,EYFP_Control_Media,LMO7_hCTZ,9,9,1203.0555555555557,1357.2222222222222,154.16666666666652,0.9145158438133205,0.6858519043621074,-260.72712609528367,569.0604594286167,False
395,7,DREADD/CNO__r3__sNA | DREADD/CNO__r4__sNA | CONTROL/MEDIA__r7__sNA | CONTROL/MEDIA__r8__sNA | PSAM/uPSEM__r7__sNA | PSAM/uPSEM__r9__sNA | PSAM/uPSEM__r10__sNA,DREADD_CNO | DREADD_CNO | EYFP_Control_Media | EYFP_Control_Media | PSAM_uPSEM | PSAM_uPSEM | PSAM_uPSEM,EYFP_Control_Media,PSAM_uPSEM,9,9,1203.0555555555557,1142.2222222222222,-60.833333333333485,-0.3608630086398521,0.9685102685092997,-475.72712609528367,354.0604594286167,False
396,3,DREADD/CNO__r7__sNA | PSAM/uPSEM__r9__sNA | PSAM/uPSEM__r12__sNA,DREADD_CNO | PSAM_uPSEM | PSAM_uPSEM,EYFP_Control_Media,DREADD_CNO,11,11,1299.7727272727273,1535.0,235.22727272727275,1.4893387416469404,0.3289875221849826,-152.33533666563272,622.7898821201782,False
396,3,DREADD/CNO__r7__sNA | PSAM/uPSEM__r9__sNA | PSAM/uPSEM__r12__sNA,DREADD_CNO | PSAM_uPSEM | PSAM_uPSEM,EYFP_Control_Media,LMO7_hCTZ,11,9,1299.7727272727273,1357.2222222222222,57.44949494949492,0.3450748304614651,0.9734680599995462,-351.07736558375456,465.9763554827444,False
396,3,DREADD/CNO__r7__sNA | PSAM/uPSEM__r9__sNA | PSAM/uPSEM__r12__sNA,DREADD_CNO | PSAM_uPSEM | PSAM_uPSEM,EYFP_Control_Media,PSAM_uPSEM,11,10,1299.7727272727273,1063.75,-236.02272727272725,-1.4583608206793537,0.345384407881817,-633.1562249903205,161.11077044486603,False
397,4,CONTROL/MEDIA__r1__sNA | CONTROL/MEDIA__r5__sNA | LMO7/hCTZ__r3__sNA | PSAM/uPSEM__r9__sNA,EYFP_Control_Media | EYFP_Control_Media | LMO7_hCTZ | PSAM_uPSEM,EYFP_Control_Media,DREADD_CNO,9,12,1250.0,1506.25,256.25,1.625667676242602,0.2557372491740626,-129.17774711302326,641.6777471130233,False
397,4,CONTROL/MEDIA__r1__sNA | CONTROL/MEDIA__r5__sNA | LMO7/hCTZ__r3__sNA | PSAM/uPSEM__r9__sNA,EYFP_Control_Media | EYFP_Control_Media | LMO7_hCTZ | PSAM_uPSEM,EYFP_Control_Media,LMO7_hCTZ,9,8,1250.0,1447.8125,197.8125,1.1388359949916829,0.5274812614732822,-226.90819142627225,622.5331914262722,False
397,4,CONTROL/MEDIA__r1__sNA | CONTROL/MEDIA__r5__sNA | LMO7/hCTZ__r3__sNA | PSAM/uPSEM__r9__sNA,EYFP_Control_Media | EYFP_Control_Media | LMO7_hCTZ | PSAM_uPSEM,EYFP_Control_Media,PSAM_uPSEM,9,11,1250.0,1103.8636363636363,-146.13636363636374,-0.9095499661710463,0.6837047586274558,-539.0007012729311,246.72797400020363,False
398,8,DREADD/CNO__r3__sNA | DREADD/CNO__r11__sNA | CONTROL/MEDIA__r3__sNA | CONTROL/MEDIA__r7__sNA | CONTROL/MEDIA__r8__sNA | CONTROL/MEDIA__r10__sNA | LMO7/hCTZ__r8__sNA | LMO7/hCTZ__r9__sNA,DREADD_CNO | DREADD_CNO | EYFP_Control_Media | EYFP_Control_Media | EYFP_Control_Media | EYFP_Control_Media | LMO7_hCTZ | LMO7_hCTZ,EYFP_Control_Media,DREADD_CNO,7,10,1121.7857142857142,1573.25,451.4642857142858,2.5384440796493775,0.04076450317839675,15.857944752960464,887.070626675611,True
398,8,DREADD/CNO__r3__sNA | DREADD/CNO__r11__sNA | CONTROL/MEDIA__r3__sNA | CONTROL/MEDIA__r7__sNA | CONTROL/MEDIA__r8__sNA | CONTROL/MEDIA__r10__sNA | LMO7/hCTZ__r8__sNA | LMO7/hCTZ__r9__sNA,DREADD_CNO | DREADD_CNO | EYFP_Control_Media | EYFP_Control_Media | EYFP_Control_Media | EYFP_Control_Media | LMO7_hCTZ | LMO7_hCTZ,EYFP_Control_Media,LMO7_hCTZ,7,7,1121.7857142857142,1293.2142857142858,171.42857142857156,0.8886625315596945,0.6873255953988826,-301.05284343867817,643.9099862958212,False
398,8,DREADD/CNO__r3__sNA | DREADD/CNO__r11__sNA | CONTROL/MEDIA__r3__sNA | CONTROL/MEDIA__r7__sNA | CONTROL/MEDIA__r8__sNA | CONTROL/MEDIA__r10__sNA | LMO7/hCTZ__r8__sNA | LMO7/hCTZ__r9__sNA,DREADD_CNO | DREADD_CNO | EYFP_Control_Media | EYFP_Control_Media | EYFP_Control_Media | EYFP_Control_Media | LMO7_hCTZ | LMO7_hCTZ,EYFP_Control_Media,PSAM_uPSEM,7,12,1121.7857142857142,1181.4583333333333,59.67261904761904,0.34766228755789014,0.9686882334484013,-360.7208008830555,480.0660389782936,False
399,7,DREADD/CNO__r2__sNA | CONTROL/MEDIA__r6__sNA | CONTROL/MEDIA__r8__sNA | LMO7/hCTZ__r8__sNA | PSAM/uPSEM__r2__sNA | PSAM/uPSEM__r9__sNA | PSAM/uPSEM__r11__sNA,DREADD_CNO | EYFP_Control_Media | EYFP_Control_Media | LMO7_hCTZ | PSAM_uPSEM | PSAM_uPSEM | PSAM_uPSEM,EYFP_Control_Media,DREADD_CNO,9,11,1263.0555555555557,1482.5,219.44444444444434,1.439371622908257,0.3514891583942721,-155.84463920889112,594.7335280977798,False
399,7,DREADD/CNO__r2__sNA | CONTROL/MEDIA__r6__sNA | CONTROL/MEDIA__r8__sNA | LMO7/hCTZ__r8__sNA | PSAM/uPSEM__r2__sNA | PSAM/uPSEM__r9__sNA | PSAM/uPSEM__r11__sNA,DREADD_CNO | EYFP_Control_Media | EYFP_Control_Media | LMO7_hCTZ | PSAM_uPSEM | PSAM_uPSEM | PSAM_uPSEM,EYFP_Control_Media,LMO7_hCTZ,9,8,1263.0555555555557,1328.125,65.06944444444434,0.3947886266229139,0.9597058504300492,-340.6508610759533,470.789749964842,False
399,7,DREADD/CNO__r2__sNA | CONTROL/MEDIA__r6__sNA | CONTROL/MEDIA__r8__sNA | LMO7/hCTZ__r8__sNA | PSAM/uPSEM__r2__sNA | PSAM/uPSEM__r9__sNA | PSAM/uPSEM__r11__sNA,DREADD_CNO | EYFP_Control_Media | EYFP_Control_Media | LMO7_hCTZ | PSAM_uPSEM | PSAM_uPSEM | PSAM_uPSEM,EYFP_Control_Media,PSAM_uPSEM,9,9,1263.0555555555557,1036.9444444444443,-226.1111111111113,-1.414079763916832,0.36528903306990024,-619.7176226683978,167.49540044617515,False
400,5,DREADD/CNO__r7__sNA | DREADD/CNO__r10__sNA | CONTROL/MEDIA__r5__sNA | LMO7/hCTZ__r3__sNA | PSAM/uPSEM__r2__sNA,DREADD_CNO | DREADD_CNO | EYFP_Control_Media | LMO7_hCTZ | PSAM_uPSEM,EYFP_Control_Media,DREADD_CNO,10,10,1261.75,1551.25,289.5,1.7698793419302739,0.203658261951582,-112.61805551412851,691.6180555141285,False
400,5,DREADD/CNO__r7__sNA | DREADD/CNO__r10__sNA | CONTROL/MEDIA__r5__sNA | LMO7/hCTZ__r3__sNA | PSAM/uPSEM__r2__sNA,DREADD_CNO | DREADD_CNO | EYFP_Control_Media | LMO7_hCTZ | PSAM_uPSEM,EYFP_Control_Media,LMO7_hCTZ,10,8,1261.75,1447.8125,186.0625,1.0724515540983715,0.5822592616085552,-240.44810583738325,612.5731058373833,False
400,5,DREADD/CNO__r7__sNA | DREADD/CNO__r10__sNA | CONTROL/MEDIA__r5__sNA | LMO7/hCTZ__r3__sNA | PSAM/uPSEM__r2__sNA,DREADD_CNO | DREADD_CNO | EYFP_Control_Media | LMO7_hCTZ | PSAM_uPSEM,EYFP_Control_Media,PSAM_uPSEM,10,11,1261.75,1114.7727272727273,-146.97727272727275,-0.9197016584665275,0.6865255270949954,-539.8499991679067,245.89545371336123,False
401,7,DREADD/CNO__r3__sNA | DREADD/CNO__r12__sNA | LMO7/hCTZ__r2__sNA | LMO7/hCTZ__r3__sNA | LMO7/hCTZ__r9__sNA | PSAM/uPSEM__r2__sNA | PSAM/uPSEM__r12__sNA,DREADD_CNO | DREADD_CNO | LMO7_hCTZ | LMO7_hCTZ | LMO7_hCTZ | PSAM_uPSEM | PSAM_uPSEM,EYFP_Control_Media,DREADD_CNO,11,10,1299.7727272727273,1547.25,247.47727272727275,1.548724889466415,0.30673642270066515,-148.0497933616599,643.0043388162054,False
401,7,DREADD/CNO__r3__sNA | DREADD/CNO__r12__sNA | LMO7/hCTZ__r2__sNA | LMO7/hCTZ__r3__sNA | LMO7/hCTZ__r9__sNA | PSAM/uPSEM__r2__sNA | PSAM/uPSEM__r12__sNA,DREADD_CNO | DREADD_CNO | LMO7_hCTZ | LMO7_hCTZ | LMO7_hCTZ | PSAM_uPSEM | PSAM_uPSEM,EYFP_Control_Media,LMO7_hCTZ,11,6,1299.7727272727273,1407.0833333333333,107.310606060606,0.5781525109215461,0.8972716959150591,-352.11521054574706,566.736422666959,False
401,7,DREADD/CNO__r3__sNA | DREADD/CNO__r12__sNA | LMO7/hCTZ__r2__sNA | LMO7/hCTZ__r3__sNA | LMO7/hCTZ__r9__sNA | PSAM/uPSEM__r2__sNA | PSAM/uPSEM__r12__sNA,DREADD_CNO | DREADD_CNO | LMO7_hCTZ | LMO7_hCTZ | LMO7_hCTZ | PSAM_uPSEM | PSAM_uPSEM,EYFP_Control_Media,PSAM_uPSEM,11,10,1299.7727272727273,1075.75,-224.02272727272725,-1.401945195653453,0.3850956286370186,-619.5497933616599,171.5043388162054,False
402,8,DREADD/CNO__r11__sNA | CONTROL/MEDIA__r8__sNA | LMO7/hCTZ__r7__sNA | LMO7/hCTZ__r9__sNA | PSAM/uPSEM__r2__sNA | PSAM/uPSEM__r3__sNA | PSAM/uPSEM__r6__sNA | PSAM/uPSEM__r9__sNA,DREADD_CNO | EYFP_Control_Media | LMO7_hCTZ | LMO7_hCTZ | PSAM_uPSEM | PSAM_uPSEM | PSAM_uPSEM | PSAM_uPSEM,EYFP_Control_Media,DREADD_CNO,10,11,1227.5,1515.909090909091,288.409090909091,1.8727462225637879,0.1726202354070384,-92.50333907168937,669.3215208898714,False
402,8,DREADD/CNO__r11__sNA | CONTROL/MEDIA__r8__sNA | LMO7/hCTZ__r7__sNA | LMO7/hCTZ__r9__sNA | PSAM/uPSEM__r2__sNA | PSAM/uPSEM__r3__sNA | PSAM/uPSEM__r6__sNA | PSAM/uPSEM__r9__sNA,DREADD_CNO | EYFP_Control_Media | LMO7_hCTZ | LMO7_hCTZ | PSAM_uPSEM | PSAM_uPSEM | PSAM_uPSEM | PSAM_uPSEM,EYFP_Control_Media,LMO7_hCTZ,10,7,1227.5,1328.9285714285713,101.42857142857133,0.5839399077962811,0.8920405523382702,-328.1941885153739,531.0513313725166,False
402,8,DREADD/CNO__r11__sNA | CONTROL/MEDIA__r8__sNA | LMO7/hCTZ__r7__sNA | LMO7/hCTZ__r9__sNA | PSAM/uPSEM__r2__sNA | PSAM/uPSEM__r3__sNA | PSAM/uPSEM__r6__sNA | PSAM/uPSEM__r9__sNA,DREADD_CNO | EYFP_Control_Media | LMO7_hCTZ | LMO7_hCTZ | PSAM_uPSEM | PSAM_uPSEM | PSAM_uPSEM | PSAM_uPSEM,EYFP_Control_Media,PSAM_uPSEM,10,8,1227.5,1046.875,-180.625,-1.080363467199886,0.5840285686378808,-594.1512652462129,232.90126524621297,False
403,3,DREADD/CNO__r3__sNA | CONTROL/MEDIA__r7__sNA | PSAM/uPSEM__r9__sNA,DREADD_CNO | EYFP_Control_Media | PSAM_uPSEM,EYFP_Control_Media,DREADD_CNO,10,11,1285.0,1557.5,272.5,1.697959046392442,0.22833513930877103,-120.43653085575534,665.4365308557553,False
403,3,DREADD/CNO__r3__sNA | CONTROL/MEDIA__r7__sNA | PSAM/uPSEM__r9__sNA,DREADD_CNO | EYFP_Control_Media | PSAM_uPSEM,EYFP_Control_Media,LMO7_hCTZ,10,9,1285.0,1357.2222222222222,72.22222222222217,0.427946334417688,0.9497882971638943,-340.98190192244033,485.4263463668847,False
403,3,DREADD/CNO__r3__sNA | CONTROL/MEDIA__r7__sNA | PSAM/uPSEM__r9__sNA,DREADD_CNO | EYFP_Control_Media | PSAM_uPSEM,EYFP_Control_Media,PSAM_uPSEM,10,11,1285.0,1103.8636363636363,-181.13636363636374,-1.1286683569431002,0.5397133630442311,-574.0728944921191,211.8001672193916,False
404,7,DREADD/CNO__r3__sNA | DREADD/CNO__r12__sNA | CONTROL/MEDIA__r4__sNA | CONTROL/MEDIA__r8__sNA | CONTROL/MEDIA__r9__sNA | CONTROL/MEDIA__r10__sNA | LMO7/hCTZ__r3__sNA,DREADD_CNO | DREADD_CNO | EYFP_Control_Media | EYFP_Control_Media | EYFP_Control_Media | EYFP_Control_Media | LMO7_hCTZ,EYFP_Control_Media,DREADD_CNO,7,10,1181.7857142857142,1547.25,365.4642857142858,2.1857241700225645,0.08645656279614,-43.09935749896306,774.0279289275346,False
404,7,DREADD/CNO__r3__sNA | DREADD/CNO__r12__sNA | CONTROL/MEDIA__r4__sNA | CONTROL/MEDIA__r8__sNA | CONTROL/MEDIA__r9__sNA | CONTROL/MEDIA__r10__sNA | LMO7/hCTZ__r3__sNA,DREADD_CNO | DREADD_CNO | EYFP_Control_Media | EYFP_Control_Media | EYFP_Control_Media | EYFP_Control_Media | LMO7_hCTZ,EYFP_Control_Media,LMO7_hCTZ,7,8,1181.7857142857142,1447.8125,266.0267857142858,1.5149545497703407,0.298441837213115,-163.05086377279264,695.1044352013641,False
404,7,DREADD/CNO__r3__sNA | DREADD/CNO__r12__sNA | CONTROL/MEDIA__r4__sNA | CONTROL/MEDIA__r8__sNA | CONTROL/MEDIA__r9__sNA | CONTROL/MEDIA__r10__sNA | LMO7/hCTZ__r3__sNA,DREADD_CNO | DREADD_CNO | EYFP_Control_Media | EYFP_Control_Media | EYFP_Control_Media | EYFP_Control_Media | LMO7_hCTZ,EYFP_Control_Media,PSAM_uPSEM,7,12,1181.7857142857142,1181.4583333333333,-0.3273809523809632,-0.0020288133922469814,0.9999999929081558,-394.62253021652555,393.9677683117636,False
405,8,DREADD/CNO__r3__sNA | CONTROL/MEDIA__r1__sNA | CONTROL/MEDIA__r9__sNA | CONTROL/MEDIA__r11__sNA | LMO7/hCTZ__r4__sNA | PSAM/uPSEM__r1__sNA | PSAM/uPSEM__r9__sNA | PSAM/uPSEM__r12__sNA,DREADD_CNO | EYFP_Control_Media | EYFP_Control_Media | EYFP_Control_Media | LMO7_hCTZ | PSAM_uPSEM | PSAM_uPSEM | PSAM_uPSEM,EYFP_Control_Media,DREADD_CNO,8,11,1333.4375,1557.5,224.0625,1.2664638150044676,0.4454434540329114,-210.58687828444664,658.7118782844466,False
405,8,DREADD/CNO__r3__sNA | CONTROL/MEDIA__r1__sNA | CONTROL/MEDIA__r9__sNA | CONTROL/MEDIA__r11__sNA | LMO7/hCTZ__r4__sNA | PSAM/uPSEM__r1__sNA | PSAM/uPSEM__r9__sNA | PSAM/uPSEM__r12__sNA,DREADD_CNO | EYFP_Control_Media | EYFP_Control_Media | EYFP_Control_Media | LMO7_hCTZ | PSAM_uPSEM | PSAM_uPSEM | PSAM_uPSEM,EYFP_Control_Media,LMO7_hCTZ,8,8,1333.4375,1330.3125,-3.125,-0.016414932083364392,0.9999965583235657,-470.8317122475721,464.5817122475721,False
405,8,DREADD/CNO__r3__sNA | CONTROL/MEDIA__r1__sNA | CONTROL/MEDIA__r9__sNA | CONTROL/MEDIA__r11__sNA | LMO7/hCTZ__r4__sNA | PSAM/uPSEM__r1__sNA | PSAM/uPSEM__r9__sNA | PSAM/uPSEM__r12__sNA,DREADD_CNO | EYFP_Control_Media | EYFP_Control_Media | EYFP_Control_Media | LMO7_hCTZ | PSAM_uPSEM | PSAM_uPSEM | PSAM_uPSEM,EYFP_Control_Media,PSAM_uPSEM,8,9,1333.4375,1052.5,-280.9375,-1.5184852362774746,0.3060693537021748,-735.4667233353077,173.59172333530773,False
406,8,DREADD/CNO__r5__sNA | DREADD/CNO__r7__sNA | CONTROL/MEDIA__r2__sNA | CONTROL/MEDIA__r7__sNA | LMO7/hCTZ__r3__sNA | LMO7/hCTZ__r4__sNA | PSAM/uPSEM__r4__sNA | PSAM/uPSEM__r9__sNA,DREADD_CNO | DREADD_CNO | EYFP_Control_Media | EYFP_Control_Media | LMO7_hCTZ | LMO7_hCTZ | PSAM_uPSEM | PSAM_uPSEM,EYFP_Control_Media,DREADD_CNO,9,10,1356.6666666666667,1573.75,217.08333333333326,1.3406483700437046,0.4095108290031467,-182.4516073217634,616.6182739884299,False
406,8,DREADD/CNO__r5__sNA | DREADD/CNO__r7__sNA | CONTROL/MEDIA__r2__sNA | CONTROL/MEDIA__r7__sNA | LMO7/hCTZ__r3__sNA | LMO7/hCTZ__r4__sNA | PSAM/uPSEM__r4__sNA | PSAM/uPSEM__r9__sNA,DREADD_CNO | DREADD_CNO | EYFP_Control_Media | EYFP_Control_Media | LMO7_hCTZ | LMO7_hCTZ | PSAM_uPSEM | PSAM_uPSEM,EYFP_Control_Media,LMO7_hCTZ,9,7,1356.6666666666667,1430.0,73.33333333333326,0.41291024461028586,0.9549962905114812,-364.8833793595241,511.5500460261906,False
406,8,DREADD/CNO__r5__sNA | DREADD/CNO__r7__sNA | CONTROL/MEDIA__r2__sNA | CONTROL/MEDIA__r7__sNA | LMO7/hCTZ__r3__sNA | LMO7/hCTZ__r4__sNA | PSAM/uPSEM__r4__sNA | PSAM/uPSEM__r9__sNA,DREADD_CNO | DREADD_CNO | EYFP_Control_Media | EYFP_Control_Media | LMO7_hCTZ | LMO7_hCTZ | PSAM_uPSEM | PSAM_uPSEM,EYFP_Control_Media,PSAM_uPSEM,9,10,1356.6666666666667,1117.0,-239.66666666666674,-1.480116972071285,0.3323224192783839,-639.2016073217634,159.8682739884299,False
