posthoc_rank,sensitivity_rank,n_removed,removed_cell_ids,removed_conditions,anova_pvalue,minimum_dunnett_adjusted_pvalue,significant_dunnett_conditions,has_significant_dunnett_contrast
1,4,8,DREADD/CNO__r3__sNA | DREADD/CNO__r5__sNA | CONTROL/MEDIA__r5__sNA | CONTROL/MEDIA__r8__sNA | CONTROL/MEDIA__r10__sNA | LMO7/hCTZ__r5__sNA | LMO7/hCTZ__r9__sNA | PSAM/uPSEM__r2__sNA,DREADD_CNO | DREADD_CNO | EYFP_Control_Media | EYFP_Control_Media | EYFP_Control_Media | LMO7_hCTZ | LMO7_hCTZ | PSAM_uPSEM,0.0038545839053951672,0.003979249175320998,DREADD_CNO,True
2,1,8,DREADD/CNO__r3__sNA | CONTROL/MEDIA__r7__sNA | CONTROL/MEDIA__r8__sNA | CONTROL/MEDIA__r10__sNA | CONTROL/MEDIA__r11__sNA | PSAM/uPSEM__r1__sNA | PSAM/uPSEM__r2__sNA | PSAM/uPSEM__r9__sNA,DREADD_CNO | EYFP_Control_Media | EYFP_Control_Media | EYFP_Control_Media | EYFP_Control_Media | PSAM_uPSEM | PSAM_uPSEM | PSAM_uPSEM,0.0007309221369693849,0.004152960908434533,DREADD_CNO,True
3,10,8,CONTROL/MEDIA__r1__sNA | CONTROL/MEDIA__r5__sNA | CONTROL/MEDIA__r8__sNA | CONTROL/MEDIA__r10__sNA | CONTROL/MEDIA__r11__sNA | LMO7/hCTZ__r2__sNA | PSAM/uPSEM__r2__sNA | PSAM/uPSEM__r12__sNA,EYFP_Control_Media | EYFP_Control_Media | EYFP_Control_Media | EYFP_Control_Media | EYFP_Control_Media | LMO7_hCTZ | PSAM_uPSEM | PSAM_uPSEM,0.006644084122148836,0.007715661929166284,DREADD_CNO,True
4,19,7,DREADD/CNO__r3__sNA | DREADD/CNO__r7__sNA | DREADD/CNO__r9__sNA | DREADD/CNO__r10__sNA | CONTROL/MEDIA__r8__sNA | CONTROL/MEDIA__r10__sNA | LMO7/hCTZ__r3__sNA,DREADD_CNO | DREADD_CNO | DREADD_CNO | DREADD_CNO | EYFP_Control_Media | EYFP_Control_Media | LMO7_hCTZ,0.009936113437220218,0.01049859823174204,DREADD_CNO,True
5,116,7,DREADD/CNO__r10__sNA | CONTROL/MEDIA__r5__sNA | CONTROL/MEDIA__r7__sNA | CONTROL/MEDIA__r8__sNA | CONTROL/MEDIA__r10__sNA | CONTROL/MEDIA__r11__sNA | LMO7/hCTZ__r6__sNA,DREADD_CNO | EYFP_Control_Media | EYFP_Control_Media | EYFP_Control_Media | EYFP_Control_Media | EYFP_Control_Media | LMO7_hCTZ,0.0215426617971875,0.010822926521826925,DREADD_CNO,True
6,246,8,DREADD/CNO__r3__sNA | CONTROL/MEDIA__r5__sNA | CONTROL/MEDIA__r8__sNA | CONTROL/MEDIA__r10__sNA | LMO7/hCTZ__r9__sNA | PSAM/uPSEM__r1__sNA | PSAM/uPSEM__r5__sNA | PSAM/uPSEM__r8__sNA,DREADD_CNO | EYFP_Control_Media | EYFP_Control_Media | EYFP_Control_Media | LMO7_hCTZ | PSAM_uPSEM | PSAM_uPSEM | PSAM_uPSEM,0.03498709266613435,0.01427390813717,DREADD_CNO,True
7,98,8,DREADD/CNO__r12__sNA | CONTROL/MEDIA__r5__sNA | CONTROL/MEDIA__r7__sNA | CONTROL/MEDIA__r8__sNA | CONTROL/MEDIA__r10__sNA | LMO7/hCTZ__r3__sNA | LMO7/hCTZ__r7__sNA | PSAM/uPSEM__r1__sNA,DREADD_CNO | EYFP_Control_Media | EYFP_Control_Media | EYFP_Control_Media | EYFP_Control_Media | LMO7_hCTZ | LMO7_hCTZ | PSAM_uPSEM,0.019048347857737822,0.016533890987556088,DREADD_CNO | LMO7_hCTZ,True
8,2,8,DREADD/CNO__r10__sNA | CONTROL/MEDIA__r1__sNA | CONTROL/MEDIA__r4__sNA | CONTROL/MEDIA__r8__sNA | CONTROL/MEDIA__r10__sNA | LMO7/hCTZ__r3__sNA | PSAM/uPSEM__r2__sNA | PSAM/uPSEM__r9__sNA,DREADD_CNO | EYFP_Control_Media | EYFP_Control_Media | EYFP_Control_Media | EYFP_Control_Media | LMO7_hCTZ | PSAM_uPSEM | PSAM_uPSEM,0.00105478514243015,0.01877364374587731,DREADD_CNO,True
9,187,7,DREADD/CNO__r3__sNA | DREADD/CNO__r7__sNA | DREADD/CNO__r11__sNA | CONTROL/MEDIA__r8__sNA | CONTROL/MEDIA__r10__sNA | LMO7/hCTZ__r5__sNA | LMO7/hCTZ__r9__sNA,DREADD_CNO | DREADD_CNO | DREADD_CNO | EYFP_Control_Media | EYFP_Control_Media | LMO7_hCTZ | LMO7_hCTZ,0.02838538653891686,0.020042581507951684,DREADD_CNO,True
10,307,6,CONTROL/MEDIA__r5__sNA | CONTROL/MEDIA__r8__sNA | CONTROL/MEDIA__r10__sNA | CONTROL/MEDIA__r11__sNA | LMO7/hCTZ__r4__sNA | LMO7/hCTZ__r7__sNA,EYFP_Control_Media | EYFP_Control_Media | EYFP_Control_Media | EYFP_Control_Media | LMO7_hCTZ | LMO7_hCTZ,0.04135135394334779,0.02234770162626043,DREADD_CNO,True
11,261,8,CONTROL/MEDIA__r1__sNA | CONTROL/MEDIA__r5__sNA | CONTROL/MEDIA__r8__sNA | CONTROL/MEDIA__r10__sNA | LMO7/hCTZ__r2__sNA | LMO7/hCTZ__r6__sNA | PSAM/uPSEM__r1__sNA | PSAM/uPSEM__r12__sNA,EYFP_Control_Media | EYFP_Control_Media | EYFP_Control_Media | EYFP_Control_Media | LMO7_hCTZ | LMO7_hCTZ | PSAM_uPSEM | PSAM_uPSEM,0.036558256082571,0.02255268613112915,DREADD_CNO,True
12,216,5,DREADD/CNO__r3__sNA | DREADD/CNO__r4__sNA | DREADD/CNO__r9__sNA | CONTROL/MEDIA__r8__sNA | CONTROL/MEDIA__r10__sNA,DREADD_CNO | DREADD_CNO | DREADD_CNO | EYFP_Control_Media | EYFP_Control_Media,0.031758423129972915,0.023528901566664318,DREADD_CNO,True
13,217,5,DREADD/CNO__r3__sNA | DREADD/CNO__r5__sNA | DREADD/CNO__r12__sNA | CONTROL/MEDIA__r8__sNA | CONTROL/MEDIA__r10__sNA,DREADD_CNO | DREADD_CNO | DREADD_CNO | EYFP_Control_Media | EYFP_Control_Media,0.031934918126080236,0.023703005812599653,DREADD_CNO,True
14,226,7,DREADD/CNO__r5__sNA | CONTROL/MEDIA__r7__sNA | CONTROL/MEDIA__r8__sNA | CONTROL/MEDIA__r10__sNA | LMO7/hCTZ__r3__sNA | LMO7/hCTZ__r8__sNA | PSAM/uPSEM__r3__sNA,DREADD_CNO | EYFP_Control_Media | EYFP_Control_Media | EYFP_Control_Media | LMO7_hCTZ | LMO7_hCTZ | PSAM_uPSEM,0.03313871134636899,0.02373748140872456,DREADD_CNO,True
15,69,8,CONTROL/MEDIA__r1__sNA | CONTROL/MEDIA__r8__sNA | CONTROL/MEDIA__r10__sNA | LMO7/hCTZ__r3__sNA | LMO7/hCTZ__r6__sNA | PSAM/uPSEM__r4__sNA | PSAM/uPSEM__r7__sNA | PSAM/uPSEM__r9__sNA,EYFP_Control_Media | EYFP_Control_Media | EYFP_Control_Media | LMO7_hCTZ | LMO7_hCTZ | PSAM_uPSEM | PSAM_uPSEM | PSAM_uPSEM,0.016123414295511534,0.025210073181348602,DREADD_CNO,True
16,75,6,DREADD/CNO__r3__sNA | DREADD/CNO__r5__sNA | CONTROL/MEDIA__r5__sNA | CONTROL/MEDIA__r10__sNA | PSAM/uPSEM__r7__sNA | PSAM/uPSEM__r9__sNA,DREADD_CNO | DREADD_CNO | EYFP_Control_Media | EYFP_Control_Media | PSAM_uPSEM | PSAM_uPSEM,0.01681974144358796,0.02604546898779292,DREADD_CNO,True
17,353,4,DREADD/CNO__r3__sNA | CONTROL/MEDIA__r8__sNA | CONTROL/MEDIA__r10__sNA | PSAM/uPSEM__r7__sNA,DREADD_CNO | EYFP_Control_Media | EYFP_Control_Media | PSAM_uPSEM,0.04571114476029363,0.027273688861015,DREADD_CNO,True
18,45,8,DREADD/CNO__r2__sNA | DREADD/CNO__r3__sNA | CONTROL/MEDIA__r8__sNA | CONTROL/MEDIA__r10__sNA | LMO7/hCTZ__r2__sNA | LMO7/hCTZ__r4__sNA | PSAM/uPSEM__r9__sNA | PSAM/uPSEM__r12__sNA,DREADD_CNO | DREADD_CNO | EYFP_Control_Media | EYFP_Control_Media | LMO7_hCTZ | LMO7_hCTZ | PSAM_uPSEM | PSAM_uPSEM,0.013548983526398564,0.028823119296638167,DREADD_CNO,True
19,296,8,DREADD/CNO__r4__sNA | DREADD/CNO__r7__sNA | CONTROL/MEDIA__r8__sNA | CONTROL/MEDIA__r10__sNA | CONTROL/MEDIA__r11__sNA | LMO7/hCTZ__r3__sNA | LMO7/hCTZ__r4__sNA | PSAM/uPSEM__r11__sNA,DREADD_CNO | DREADD_CNO | EYFP_Control_Media | EYFP_Control_Media | EYFP_Control_Media | LMO7_hCTZ | LMO7_hCTZ | PSAM_uPSEM,0.04021080843517007,0.02918896046945041,DREADD_CNO,True
20,212,7,DREADD/CNO__r3__sNA | DREADD/CNO__r5__sNA | DREADD/CNO__r10__sNA | CONTROL/MEDIA__r5__sNA | CONTROL/MEDIA__r8__sNA | LMO7/hCTZ__r3__sNA | PSAM/uPSEM__r11__sNA,DREADD_CNO | DREADD_CNO | DREADD_CNO | EYFP_Control_Media | EYFP_Control_Media | LMO7_hCTZ | PSAM_uPSEM,0.030852835067089423,0.029358687262764693,DREADD_CNO,True
21,23,8,DREADD/CNO__r4__sNA | CONTROL/MEDIA__r2__sNA | CONTROL/MEDIA__r3__sNA | LMO7/hCTZ__r8__sNA | PSAM/uPSEM__r2__sNA | PSAM/uPSEM__r9__sNA | PSAM/uPSEM__r11__sNA | PSAM/uPSEM__r12__sNA,DREADD_CNO | EYFP_Control_Media | EYFP_Control_Media | LMO7_hCTZ | PSAM_uPSEM | PSAM_uPSEM | PSAM_uPSEM | PSAM_uPSEM,0.010356461359158624,0.029430744283507893,PSAM_uPSEM,True
22,41,7,DREADD/CNO__r7__sNA | DREADD/CNO__r8__sNA | CONTROL/MEDIA__r1__sNA | CONTROL/MEDIA__r8__sNA | CONTROL/MEDIA__r10__sNA | LMO7/hCTZ__r3__sNA | PSAM/uPSEM__r2__sNA,DREADD_CNO | DREADD_CNO | EYFP_Control_Media | EYFP_Control_Media | EYFP_Control_Media | LMO7_hCTZ | PSAM_uPSEM,0.013108472627118114,0.03194169468443875,DREADD_CNO,True
23,363,7,DREADD/CNO__r1__sNA | DREADD/CNO__r3__sNA | DREADD/CNO__r7__sNA | CONTROL/MEDIA__r1__sNA | CONTROL/MEDIA__r8__sNA | CONTROL/MEDIA__r10__sNA | LMO7/hCTZ__r1__sNA,DREADD_CNO | DREADD_CNO | DREADD_CNO | EYFP_Control_Media | EYFP_Control_Media | EYFP_Control_Media | LMO7_hCTZ,0.04614532011520978,0.03296498614640064,DREADD_CNO,True
24,265,8,DREADD/CNO__r5__sNA | DREADD/CNO__r6__sNA | DREADD/CNO__r9__sNA | CONTROL/MEDIA__r5__sNA | CONTROL/MEDIA__r8__sNA | CONTROL/MEDIA__r10__sNA | LMO7/hCTZ__r3__sNA | LMO7/hCTZ__r4__sNA,DREADD_CNO | DREADD_CNO | DREADD_CNO | EYFP_Control_Media | EYFP_Control_Media | EYFP_Control_Media | LMO7_hCTZ | LMO7_hCTZ,0.03694328160661376,0.033664354574716615,DREADD_CNO,True
25,236,8,DREADD/CNO__r3__sNA | DREADD/CNO__r12__sNA | CONTROL/MEDIA__r8__sNA | CONTROL/MEDIA__r10__sNA | LMO7/hCTZ__r8__sNA | LMO7/hCTZ__r9__sNA | PSAM/uPSEM__r2__sNA | PSAM/uPSEM__r8__sNA,DREADD_CNO | DREADD_CNO | EYFP_Control_Media | EYFP_Control_Media | LMO7_hCTZ | LMO7_hCTZ | PSAM_uPSEM | PSAM_uPSEM,0.033880143361370574,0.034690827122353496,DREADD_CNO,True
26,3,8,DREADD/CNO__r3__sNA | DREADD/CNO__r7__sNA | CONTROL/MEDIA__r2__sNA | CONTROL/MEDIA__r9__sNA | LMO7/hCTZ__r3__sNA | PSAM/uPSEM__r2__sNA | PSAM/uPSEM__r7__sNA | PSAM/uPSEM__r9__sNA,DREADD_CNO | DREADD_CNO | EYFP_Control_Media | EYFP_Control_Media | LMO7_hCTZ | PSAM_uPSEM | PSAM_uPSEM | PSAM_uPSEM,0.0029585256897400334,0.03469973236486601,PSAM_uPSEM,True
27,107,4,CONTROL/MEDIA__r8__sNA | CONTROL/MEDIA__r10__sNA | CONTROL/MEDIA__r11__sNA | PSAM/uPSEM__r9__sNA,EYFP_Control_Media | EYFP_Control_Media | EYFP_Control_Media | PSAM_uPSEM,0.020160091362495896,0.03520922038606589,DREADD_CNO,True
28,160,4,CONTROL/MEDIA__r1__sNA | CONTROL/MEDIA__r8__sNA | CONTROL/MEDIA__r10__sNA | PSAM/uPSEM__r2__sNA,EYFP_Control_Media | EYFP_Control_Media | EYFP_Control_Media | PSAM_uPSEM,0.0257055008112003,0.03629291506713417,DREADD_CNO,True
29,364,7,DREADD/CNO__r3__sNA | DREADD/CNO__r4__sNA | CONTROL/MEDIA__r1__sNA | CONTROL/MEDIA__r5__sNA | CONTROL/MEDIA__r7__sNA | CONTROL/MEDIA__r10__sNA | LMO7/hCTZ__r1__sNA,DREADD_CNO | DREADD_CNO | EYFP_Control_Media | EYFP_Control_Media | EYFP_Control_Media | EYFP_Control_Media | LMO7_hCTZ,0.04627872366665896,0.037646497815804536,DREADD_CNO,True
30,298,7,DREADD/CNO__r3__sNA | DREADD/CNO__r7__sNA | CONTROL/MEDIA__r3__sNA | CONTROL/MEDIA__r8__sNA | CONTROL/MEDIA__r10__sNA | CONTROL/MEDIA__r11__sNA | PSAM/uPSEM__r1__sNA,DREADD_CNO | DREADD_CNO | EYFP_Control_Media | EYFP_Control_Media | EYFP_Control_Media | EYFP_Control_Media | PSAM_uPSEM,0.040303136710472,0.03772603064517677,DREADD_CNO,True
31,76,7,DREADD/CNO__r3__sNA | CONTROL/MEDIA__r5__sNA | CONTROL/MEDIA__r7__sNA | CONTROL/MEDIA__r10__sNA | LMO7/hCTZ__r8__sNA | PSAM/uPSEM__r2__sNA | PSAM/uPSEM__r12__sNA,DREADD_CNO | EYFP_Control_Media | EYFP_Control_Media | EYFP_Control_Media | LMO7_hCTZ | PSAM_uPSEM | PSAM_uPSEM,0.01703087433261739,0.03807994603410503,DREADD_CNO,True
32,14,6,DREADD/CNO__r3__sNA | CONTROL/MEDIA__r2__sNA | CONTROL/MEDIA__r3__sNA | PSAM/uPSEM__r2__sNA | PSAM/uPSEM__r9__sNA | PSAM/uPSEM__r10__sNA,DREADD_CNO | EYFP_Control_Media | EYFP_Control_Media | PSAM_uPSEM | PSAM_uPSEM | PSAM_uPSEM,0.007853763153069827,0.03912106503279156,PSAM_uPSEM,True
33,35,5,DREADD/CNO__r10__sNA | CONTROL/MEDIA__r2__sNA | CONTROL/MEDIA__r3__sNA | PSAM/uPSEM__r2__sNA | PSAM/uPSEM__r9__sNA,DREADD_CNO | EYFP_Control_Media | EYFP_Control_Media | PSAM_uPSEM | PSAM_uPSEM,0.01234056650030508,0.039244818983710794,PSAM_uPSEM,True
34,398,8,DREADD/CNO__r3__sNA | DREADD/CNO__r11__sNA | CONTROL/MEDIA__r3__sNA | CONTROL/MEDIA__r7__sNA | CONTROL/MEDIA__r8__sNA | CONTROL/MEDIA__r10__sNA | LMO7/hCTZ__r8__sNA | LMO7/hCTZ__r9__sNA,DREADD_CNO | DREADD_CNO | EYFP_Control_Media | EYFP_Control_Media | EYFP_Control_Media | EYFP_Control_Media | LMO7_hCTZ | LMO7_hCTZ,0.04940639621547615,0.04076450317839675,DREADD_CNO,True
35,62,7,DREADD/CNO__r3__sNA | DREADD/CNO__r7__sNA | CONTROL/MEDIA__r7__sNA | CONTROL/MEDIA__r10__sNA | LMO7/hCTZ__r3__sNA | PSAM/uPSEM__r2__sNA | PSAM/uPSEM__r10__sNA,DREADD_CNO | DREADD_CNO | EYFP_Control_Media | EYFP_Control_Media | LMO7_hCTZ | PSAM_uPSEM | PSAM_uPSEM,0.015280142861947852,0.04184890940009822,DREADD_CNO,True
36,34,8,DREADD/CNO__r3__sNA | DREADD/CNO__r4__sNA | DREADD/CNO__r5__sNA | DREADD/CNO__r7__sNA | CONTROL/MEDIA__r9__sNA | CONTROL/MEDIA__r10__sNA | LMO7/hCTZ__r4__sNA | PSAM/uPSEM__r2__sNA,DREADD_CNO | DREADD_CNO | DREADD_CNO | DREADD_CNO | EYFP_Control_Media | EYFP_Control_Media | LMO7_hCTZ | PSAM_uPSEM,0.011859880594380834,0.04210492173695113,DREADD_CNO,True
37,100,7,DREADD/CNO__r4__sNA | DREADD/CNO__r8__sNA | DREADD/CNO__r11__sNA | CONTROL/MEDIA__r2__sNA | CONTROL/MEDIA__r6__sNA | PSAM/uPSEM__r2__sNA | PSAM/uPSEM__r9__sNA,DREADD_CNO | DREADD_CNO | DREADD_CNO | EYFP_Control_Media | EYFP_Control_Media | PSAM_uPSEM | PSAM_uPSEM,0.019276772506569194,0.042527544804673356,PSAM_uPSEM,True
38,28,8,DREADD/CNO__r2__sNA | DREADD/CNO__r3__sNA | CONTROL/MEDIA__r2__sNA | CONTROL/MEDIA__r6__sNA | CONTROL/MEDIA__r7__sNA | PSAM/uPSEM__r1__sNA | PSAM/uPSEM__r2__sNA | PSAM/uPSEM__r9__sNA,DREADD_CNO | DREADD_CNO | EYFP_Control_Media | EYFP_Control_Media | EYFP_Control_Media | PSAM_uPSEM | PSAM_uPSEM | PSAM_uPSEM,0.01126596008334435,0.04311198112971237,PSAM_uPSEM,True
39,128,7,DREADD/CNO__r3__sNA | DREADD/CNO__r9__sNA | CONTROL/MEDIA__r6__sNA | CONTROL/MEDIA__r8__sNA | CONTROL/MEDIA__r10__sNA | LMO7/hCTZ__r2__sNA | PSAM/uPSEM__r2__sNA,DREADD_CNO | DREADD_CNO | EYFP_Control_Media | EYFP_Control_Media | EYFP_Control_Media | LMO7_hCTZ | PSAM_uPSEM,0.022850489378698297,0.04346746476443453,DREADD_CNO,True
40,358,8,DREADD/CNO__r7__sNA | CONTROL/MEDIA__r8__sNA | CONTROL/MEDIA__r10__sNA | LMO7/hCTZ__r1__sNA | LMO7/hCTZ__r7__sNA | LMO7/hCTZ__r8__sNA | PSAM/uPSEM__r2__sNA | PSAM/uPSEM__r7__sNA,DREADD_CNO | EYFP_Control_Media | EYFP_Control_Media | LMO7_hCTZ | LMO7_hCTZ | LMO7_hCTZ | PSAM_uPSEM | PSAM_uPSEM,0.04589767512944241,0.04387864285019227,DREADD_CNO,True
41,213,6,DREADD/CNO__r6__sNA | CONTROL/MEDIA__r2__sNA | CONTROL/MEDIA__r4__sNA | PSAM/uPSEM__r2__sNA | PSAM/uPSEM__r8__sNA | PSAM/uPSEM__r9__sNA,DREADD_CNO | EYFP_Control_Media | EYFP_Control_Media | PSAM_uPSEM | PSAM_uPSEM | PSAM_uPSEM,0.030994536494011193,0.04491474288569641,PSAM_uPSEM,True
42,66,6,CONTROL/MEDIA__r2__sNA | CONTROL/MEDIA__r9__sNA | LMO7/hCTZ__r4__sNA | LMO7/hCTZ__r7__sNA | PSAM/uPSEM__r2__sNA | PSAM/uPSEM__r9__sNA,EYFP_Control_Media | EYFP_Control_Media | LMO7_hCTZ | LMO7_hCTZ | PSAM_uPSEM | PSAM_uPSEM,0.015573648351367422,0.04565687218090786,PSAM_uPSEM,True
43,270,7,DREADD/CNO__r3__sNA | DREADD/CNO__r10__sNA | CONTROL/MEDIA__r5__sNA | CONTROL/MEDIA__r10__sNA | PSAM/uPSEM__r3__sNA | PSAM/uPSEM__r5__sNA | PSAM/uPSEM__r9__sNA,DREADD_CNO | DREADD_CNO | EYFP_Control_Media | EYFP_Control_Media | PSAM_uPSEM | PSAM_uPSEM | PSAM_uPSEM,0.0377511306008126,0.045873735016703,DREADD_CNO,True
44,165,6,DREADD/CNO__r5__sNA | CONTROL/MEDIA__r1__sNA | CONTROL/MEDIA__r3__sNA | CONTROL/MEDIA__r8__sNA | CONTROL/MEDIA__r10__sNA | PSAM/uPSEM__r2__sNA,DREADD_CNO | EYFP_Control_Media | EYFP_Control_Media | EYFP_Control_Media | EYFP_Control_Media | PSAM_uPSEM,0.02599103564003537,0.04831863354369936,DREADD_CNO,True
45,275,4,DREADD/CNO__r3__sNA | DREADD/CNO__r5__sNA | DREADD/CNO__r7__sNA | CONTROL/MEDIA__r8__sNA,DREADD_CNO | DREADD_CNO | DREADD_CNO | EYFP_Control_Media,0.03824010371745485,0.04855508486259852,DREADD_CNO,True
46,240,5,DREADD/CNO__r7__sNA | DREADD/CNO__r12__sNA | CONTROL/MEDIA__r8__sNA | CONTROL/MEDIA__r10__sNA | PSAM/uPSEM__r2__sNA,DREADD_CNO | DREADD_CNO | EYFP_Control_Media | EYFP_Control_Media | PSAM_uPSEM,0.03457531496293026,0.04864568629109589,DREADD_CNO,True
47,5,7,DREADD/CNO__r7__sNA | CONTROL/MEDIA__r6__sNA | LMO7/hCTZ__r2__sNA | LMO7/hCTZ__r3__sNA | PSAM/uPSEM__r2__sNA | PSAM/uPSEM__r9__sNA | PSAM/uPSEM__r12__sNA,DREADD_CNO | EYFP_Control_Media | LMO7_hCTZ | LMO7_hCTZ | PSAM_uPSEM | PSAM_uPSEM | PSAM_uPSEM,0.004028434058177495,0.04939314628615621,PSAM_uPSEM,True
48,370,5,CONTROL/MEDIA__r8__sNA | CONTROL/MEDIA__r10__sNA | LMO7/hCTZ__r3__sNA | LMO7/hCTZ__r6__sNA | PSAM/uPSEM__r8__sNA,EYFP_Control_Media | EYFP_Control_Media | LMO7_hCTZ | LMO7_hCTZ | PSAM_uPSEM,0.04685914558692032,0.0512647370987479,,False
49,27,8,DREADD/CNO__r5__sNA | CONTROL/MEDIA__r6__sNA | CONTROL/MEDIA__r9__sNA | CONTROL/MEDIA__r11__sNA | PSAM/uPSEM__r2__sNA | PSAM/uPSEM__r8__sNA | PSAM/uPSEM__r9__sNA | PSAM/uPSEM__r12__sNA,DREADD_CNO | EYFP_Control_Media | EYFP_Control_Media | EYFP_Control_Media | PSAM_uPSEM | PSAM_uPSEM | PSAM_uPSEM | PSAM_uPSEM,0.011248240958010886,0.05135092967620003,,False
50,266,6,DREADD/CNO__r3__sNA | CONTROL/MEDIA__r5__sNA | CONTROL/MEDIA__r10__sNA | CONTROL/MEDIA__r11__sNA | PSAM/uPSEM__r2__sNA | PSAM/uPSEM__r3__sNA,DREADD_CNO | EYFP_Control_Media | EYFP_Control_Media | EYFP_Control_Media | PSAM_uPSEM | PSAM_uPSEM,0.03697979867863694,0.05198007559139539,,False
51,78,8,DREADD/CNO__r10__sNA | CONTROL/MEDIA__r2__sNA | LMO7/hCTZ__r7__sNA | PSAM/uPSEM__r1__sNA | PSAM/uPSEM__r2__sNA | PSAM/uPSEM__r9__sNA | PSAM/uPSEM__r11__sNA | PSAM/uPSEM__r12__sNA,DREADD_CNO | EYFP_Control_Media | LMO7_hCTZ | PSAM_uPSEM | PSAM_uPSEM | PSAM_uPSEM | PSAM_uPSEM | PSAM_uPSEM,0.0171166170482368,0.05556881220231047,,False
52,46,7,CONTROL/MEDIA__r1__sNA | CONTROL/MEDIA__r2__sNA | LMO7/hCTZ__r5__sNA | PSAM/uPSEM__r2__sNA | PSAM/uPSEM__r9__sNA | PSAM/uPSEM__r10__sNA | PSAM/uPSEM__r12__sNA,EYFP_Control_Media | EYFP_Control_Media | LMO7_hCTZ | PSAM_uPSEM | PSAM_uPSEM | PSAM_uPSEM | PSAM_uPSEM,0.013612769395882934,0.05569627686917389,,False
53,152,8,DREADD/CNO__r11__sNA | CONTROL/MEDIA__r4__sNA | CONTROL/MEDIA__r8__sNA | CONTROL/MEDIA__r10__sNA | CONTROL/MEDIA__r11__sNA | LMO7/hCTZ__r3__sNA | PSAM/uPSEM__r2__sNA | PSAM/uPSEM__r8__sNA,DREADD_CNO | EYFP_Control_Media | EYFP_Control_Media | EYFP_Control_Media | EYFP_Control_Media | LMO7_hCTZ | PSAM_uPSEM | PSAM_uPSEM,0.02536654533127543,0.05631776437492464,,False
54,60,8,DREADD/CNO__r4__sNA | DREADD/CNO__r7__sNA | CONTROL/MEDIA__r2__sNA | CONTROL/MEDIA__r9__sNA | CONTROL/MEDIA__r11__sNA | PSAM/uPSEM__r2__sNA | PSAM/uPSEM__r8__sNA | PSAM/uPSEM__r9__sNA,DREADD_CNO | DREADD_CNO | EYFP_Control_Media | EYFP_Control_Media | EYFP_Control_Media | PSAM_uPSEM | PSAM_uPSEM | PSAM_uPSEM,0.015036446732967808,0.05737531459851286,,False
55,308,8,DREADD/CNO__r4__sNA | DREADD/CNO__r7__sNA | CONTROL/MEDIA__r5__sNA | CONTROL/MEDIA__r7__sNA | CONTROL/MEDIA__r10__sNA | LMO7/hCTZ__r1__sNA | LMO7/hCTZ__r4__sNA | PSAM/uPSEM__r2__sNA,DREADD_CNO | DREADD_CNO | EYFP_Control_Media | EYFP_Control_Media | EYFP_Control_Media | LMO7_hCTZ | LMO7_hCTZ | PSAM_uPSEM,0.04141042686759479,0.05752500946604622,,False
56,44,7,DREADD/CNO__r3__sNA | DREADD/CNO__r4__sNA | CONTROL/MEDIA__r5__sNA | CONTROL/MEDIA__r8__sNA | CONTROL/MEDIA__r9__sNA | LMO7/hCTZ__r3__sNA | PSAM/uPSEM__r2__sNA,DREADD_CNO | DREADD_CNO | EYFP_Control_Media | EYFP_Control_Media | EYFP_Control_Media | LMO7_hCTZ | PSAM_uPSEM,0.01348711945887398,0.057758805046046136,,False
57,393,8,DREADD/CNO__r3__sNA | DREADD/CNO__r6__sNA | CONTROL/MEDIA__r8__sNA | CONTROL/MEDIA__r10__sNA | LMO7/hCTZ__r5__sNA | LMO7/hCTZ__r6__sNA | PSAM/uPSEM__r2__sNA | PSAM/uPSEM__r10__sNA,DREADD_CNO | DREADD_CNO | EYFP_Control_Media | EYFP_Control_Media | LMO7_hCTZ | LMO7_hCTZ | PSAM_uPSEM | PSAM_uPSEM,0.04893857255791679,0.05796101629632078,,False
58,106,8,DREADD/CNO__r3__sNA | DREADD/CNO__r5__sNA | DREADD/CNO__r9__sNA | CONTROL/MEDIA__r1__sNA | CONTROL/MEDIA__r10__sNA | LMO7/hCTZ__r4__sNA | PSAM/uPSEM__r2__sNA | PSAM/uPSEM__r12__sNA,DREADD_CNO | DREADD_CNO | DREADD_CNO | EYFP_Control_Media | EYFP_Control_Media | LMO7_hCTZ | PSAM_uPSEM | PSAM_uPSEM,0.019896798316496836,0.05944706529745014,,False
59,53,8,DREADD/CNO__r3__sNA | DREADD/CNO__r5__sNA | CONTROL/MEDIA__r10__sNA | CONTROL/MEDIA__r11__sNA | LMO7/hCTZ__r2__sNA | LMO7/hCTZ__r5__sNA | PSAM/uPSEM__r9__sNA | PSAM/uPSEM__r12__sNA,DREADD_CNO | DREADD_CNO | EYFP_Control_Media | EYFP_Control_Media | LMO7_hCTZ | LMO7_hCTZ | PSAM_uPSEM | PSAM_uPSEM,0.014434755905662091,0.0605761357317709,,False
60,201,7,DREADD/CNO__r3__sNA | DREADD/CNO__r7__sNA | DREADD/CNO__r11__sNA | CONTROL/MEDIA__r8__sNA | LMO7/hCTZ__r6__sNA | PSAM/uPSEM__r4__sNA | PSAM/uPSEM__r9__sNA,DREADD_CNO | DREADD_CNO | DREADD_CNO | EYFP_Control_Media | LMO7_hCTZ | PSAM_uPSEM | PSAM_uPSEM,0.029367319326730153,0.0631445915266563,,False
61,17,5,DREADD/CNO__r10__sNA | CONTROL/MEDIA__r5__sNA | CONTROL/MEDIA__r10__sNA | PSAM/uPSEM__r2__sNA | PSAM/uPSEM__r9__sNA,DREADD_CNO | EYFP_Control_Media | EYFP_Control_Media | PSAM_uPSEM | PSAM_uPSEM,0.00919665754007381,0.06322257163891587,,False
62,209,7,CONTROL/MEDIA__r3__sNA | CONTROL/MEDIA__r4__sNA | CONTROL/MEDIA__r6__sNA | LMO7/hCTZ__r9__sNA | PSAM/uPSEM__r2__sNA | PSAM/uPSEM__r9__sNA | PSAM/uPSEM__r11__sNA,EYFP_Control_Media | EYFP_Control_Media | EYFP_Control_Media | LMO7_hCTZ | PSAM_uPSEM | PSAM_uPSEM | PSAM_uPSEM,0.03033417400494232,0.06362719906104353,,False
63,198,7,DREADD/CNO__r5__sNA | CONTROL/MEDIA__r5__sNA | CONTROL/MEDIA__r7__sNA | CONTROL/MEDIA__r8__sNA | LMO7/hCTZ__r7__sNA | PSAM/uPSEM__r2__sNA | PSAM/uPSEM__r12__sNA,DREADD_CNO | EYFP_Control_Media | EYFP_Control_Media | EYFP_Control_Media | LMO7_hCTZ | PSAM_uPSEM | PSAM_uPSEM,0.02924555954458969,0.06432210228270696,,False
64,267,8,CONTROL/MEDIA__r1__sNA | CONTROL/MEDIA__r5__sNA | CONTROL/MEDIA__r10__sNA | CONTROL/MEDIA__r11__sNA | LMO7/hCTZ__r3__sNA | PSAM/uPSEM__r3__sNA | PSAM/uPSEM__r9__sNA | PSAM/uPSEM__r10__sNA,EYFP_Control_Media | EYFP_Control_Media | EYFP_Control_Media | EYFP_Control_Media | LMO7_hCTZ | PSAM_uPSEM | PSAM_uPSEM | PSAM_uPSEM,0.03705105413963941,0.06554305903820212,,False
65,290,8,DREADD/CNO__r3__sNA | DREADD/CNO__r5__sNA | DREADD/CNO__r7__sNA | CONTROL/MEDIA__r4__sNA | CONTROL/MEDIA__r10__sNA | LMO7/hCTZ__r3__sNA | LMO7/hCTZ__r6__sNA | PSAM/uPSEM__r4__sNA,DREADD_CNO | DREADD_CNO | DREADD_CNO | EYFP_Control_Media | EYFP_Control_Media | LMO7_hCTZ | LMO7_hCTZ | PSAM_uPSEM,0.039757622329749456,0.06555549246882231,,False
66,211,6,DREADD/CNO__r3__sNA | DREADD/CNO__r7__sNA | CONTROL/MEDIA__r8__sNA | LMO7/hCTZ__r4__sNA | PSAM/uPSEM__r3__sNA | PSAM/uPSEM__r9__sNA,DREADD_CNO | DREADD_CNO | EYFP_Control_Media | LMO7_hCTZ | PSAM_uPSEM | PSAM_uPSEM,0.030694131936239172,0.06704284047808517,,False
67,395,7,DREADD/CNO__r3__sNA | DREADD/CNO__r4__sNA | CONTROL/MEDIA__r7__sNA | CONTROL/MEDIA__r8__sNA | PSAM/uPSEM__r7__sNA | PSAM/uPSEM__r9__sNA | PSAM/uPSEM__r10__sNA,DREADD_CNO | DREADD_CNO | EYFP_Control_Media | EYFP_Control_Media | PSAM_uPSEM | PSAM_uPSEM | PSAM_uPSEM,0.0491513949429474,0.0679589645853883,,False
68,48,5,CONTROL/MEDIA__r2__sNA | CONTROL/MEDIA__r5__sNA | CONTROL/MEDIA__r6__sNA | PSAM/uPSEM__r2__sNA | PSAM/uPSEM__r9__sNA,EYFP_Control_Media | EYFP_Control_Media | EYFP_Control_Media | PSAM_uPSEM | PSAM_uPSEM,0.013895848054906845,0.06886709579955164,,False
69,25,7,DREADD/CNO__r3__sNA | DREADD/CNO__r9__sNA | CONTROL/MEDIA__r10__sNA | LMO7/hCTZ__r2__sNA | PSAM/uPSEM__r2__sNA | PSAM/uPSEM__r3__sNA | PSAM/uPSEM__r9__sNA,DREADD_CNO | DREADD_CNO | EYFP_Control_Media | LMO7_hCTZ | PSAM_uPSEM | PSAM_uPSEM | PSAM_uPSEM,0.010825205138287268,0.06913971360432258,,False
70,85,8,DREADD/CNO__r7__sNA | DREADD/CNO__r11__sNA | CONTROL/MEDIA__r5__sNA | CONTROL/MEDIA__r7__sNA | CONTROL/MEDIA__r9__sNA | CONTROL/MEDIA__r10__sNA | LMO7/hCTZ__r3__sNA | PSAM/uPSEM__r9__sNA,DREADD_CNO | DREADD_CNO | EYFP_Control_Media | EYFP_Control_Media | EYFP_Control_Media | EYFP_Control_Media | LMO7_hCTZ | PSAM_uPSEM,0.017784619420789457,0.06922106101337888,,False
71,303,7,DREADD/CNO__r5__sNA | DREADD/CNO__r7__sNA | CONTROL/MEDIA__r1__sNA | CONTROL/MEDIA__r7__sNA | CONTROL/MEDIA__r10__sNA | PSAM/uPSEM__r3__sNA | PSAM/uPSEM__r9__sNA,DREADD_CNO | DREADD_CNO | EYFP_Control_Media | EYFP_Control_Media | EYFP_Control_Media | PSAM_uPSEM | PSAM_uPSEM,0.04065071478077225,0.06961093944236263,,False
72,341,7,DREADD/CNO__r1__sNA | DREADD/CNO__r3__sNA | DREADD/CNO__r5__sNA | DREADD/CNO__r7__sNA | CONTROL/MEDIA__r10__sNA | PSAM/uPSEM__r2__sNA | PSAM/uPSEM__r11__sNA,DREADD_CNO | DREADD_CNO | DREADD_CNO | DREADD_CNO | EYFP_Control_Media | PSAM_uPSEM | PSAM_uPSEM,0.0442826832242952,0.06961701690724453,,False
73,264,8,DREADD/CNO__r3__sNA | DREADD/CNO__r7__sNA | DREADD/CNO__r9__sNA | DREADD/CNO__r11__sNA | CONTROL/MEDIA__r8__sNA | LMO7/hCTZ__r5__sNA | PSAM/uPSEM__r1__sNA | PSAM/uPSEM__r2__sNA,DREADD_CNO | DREADD_CNO | DREADD_CNO | DREADD_CNO | EYFP_Control_Media | LMO7_hCTZ | PSAM_uPSEM | PSAM_uPSEM,0.03679969418789398,0.07208378363627099,,False
74,181,5,DREADD/CNO__r3__sNA | CONTROL/MEDIA__r7__sNA | CONTROL/MEDIA__r10__sNA | LMO7/hCTZ__r8__sNA | PSAM/uPSEM__r9__sNA,DREADD_CNO | EYFP_Control_Media | EYFP_Control_Media | LMO7_hCTZ | PSAM_uPSEM,0.027769011919434847,0.0721617957265055,,False
75,262,8,CONTROL/MEDIA__r3__sNA | CONTROL/MEDIA__r8__sNA | CONTROL/MEDIA__r10__sNA | LMO7/hCTZ__r1__sNA | LMO7/hCTZ__r3__sNA | PSAM/uPSEM__r2__sNA | PSAM/uPSEM__r6__sNA | PSAM/uPSEM__r8__sNA,EYFP_Control_Media | EYFP_Control_Media | EYFP_Control_Media | LMO7_hCTZ | LMO7_hCTZ | PSAM_uPSEM | PSAM_uPSEM | PSAM_uPSEM,0.036592286811538574,0.0725940064514542,,False
76,205,5,DREADD/CNO__r3__sNA | DREADD/CNO__r7__sNA | CONTROL/MEDIA__r8__sNA | PSAM/uPSEM__r1__sNA | PSAM/uPSEM__r2__sNA,DREADD_CNO | DREADD_CNO | EYFP_Control_Media | PSAM_uPSEM | PSAM_uPSEM,0.029811630839238802,0.07263602308342287,,False
77,256,6,DREADD/CNO__r5__sNA | CONTROL/MEDIA__r1__sNA | CONTROL/MEDIA__r2__sNA | CONTROL/MEDIA__r6__sNA | CONTROL/MEDIA__r9__sNA | PSAM/uPSEM__r9__sNA,DREADD_CNO | EYFP_Control_Media | EYFP_Control_Media | EYFP_Control_Media | EYFP_Control_Media | PSAM_uPSEM,0.036306799879421196,0.07304230257756905,,False
78,135,4,DREADD/CNO__r2__sNA | CONTROL/MEDIA__r2__sNA | PSAM/uPSEM__r2__sNA | PSAM/uPSEM__r9__sNA,DREADD_CNO | EYFP_Control_Media | PSAM_uPSEM | PSAM_uPSEM,0.024195050805470165,0.07373696316127043,,False
79,321,5,DREADD/CNO__r5__sNA | CONTROL/MEDIA__r5__sNA | CONTROL/MEDIA__r8__sNA | PSAM/uPSEM__r8__sNA | PSAM/uPSEM__r9__sNA,DREADD_CNO | EYFP_Control_Media | EYFP_Control_Media | PSAM_uPSEM | PSAM_uPSEM,0.04285884051966732,0.07465610741529172,,False
80,20,8,DREADD/CNO__r3__sNA | CONTROL/MEDIA__r3__sNA | CONTROL/MEDIA__r9__sNA | LMO7/hCTZ__r2__sNA | LMO7/hCTZ__r4__sNA | LMO7/hCTZ__r8__sNA | PSAM/uPSEM__r2__sNA | PSAM/uPSEM__r9__sNA,DREADD_CNO | EYFP_Control_Media | EYFP_Control_Media | LMO7_hCTZ | LMO7_hCTZ | LMO7_hCTZ | PSAM_uPSEM | PSAM_uPSEM,0.00997184340658319,0.0753681336573031,,False
81,195,5,DREADD/CNO__r7__sNA | CONTROL/MEDIA__r5__sNA | CONTROL/MEDIA__r10__sNA | PSAM/uPSEM__r2__sNA | PSAM/uPSEM__r12__sNA,DREADD_CNO | EYFP_Control_Media | EYFP_Control_Media | PSAM_uPSEM | PSAM_uPSEM,0.02905091028114636,0.07550571738498035,,False
82,54,7,CONTROL/MEDIA__r3__sNA | CONTROL/MEDIA__r9__sNA | LMO7/hCTZ__r3__sNA | LMO7/hCTZ__r6__sNA | PSAM/uPSEM__r2__sNA | PSAM/uPSEM__r9__sNA | PSAM/uPSEM__r10__sNA,EYFP_Control_Media | EYFP_Control_Media | LMO7_hCTZ | LMO7_hCTZ | PSAM_uPSEM | PSAM_uPSEM | PSAM_uPSEM,0.014443262685153066,0.07570699101558642,,False
83,137,5,DREADD/CNO__r3__sNA | CONTROL/MEDIA__r10__sNA | LMO7/hCTZ__r3__sNA | PSAM/uPSEM__r2__sNA | PSAM/uPSEM__r10__sNA,DREADD_CNO | EYFP_Control_Media | LMO7_hCTZ | PSAM_uPSEM | PSAM_uPSEM,0.02421656875861644,0.07712833224284876,,False
84,167,8,DREADD/CNO__r5__sNA | DREADD/CNO__r7__sNA | CONTROL/MEDIA__r4__sNA | CONTROL/MEDIA__r5__sNA | CONTROL/MEDIA__r10__sNA | PSAM/uPSEM__r5__sNA | PSAM/uPSEM__r9__sNA | PSAM/uPSEM__r12__sNA,DREADD_CNO | DREADD_CNO | EYFP_Control_Media | EYFP_Control_Media | EYFP_Control_Media | PSAM_uPSEM | PSAM_uPSEM | PSAM_uPSEM,0.02606997445803141,0.07750723126062953,,False
85,57,7,DREADD/CNO__r3__sNA | CONTROL/MEDIA__r8__sNA | CONTROL/MEDIA__r11__sNA | PSAM/uPSEM__r2__sNA | PSAM/uPSEM__r9__sNA | PSAM/uPSEM__r10__sNA | PSAM/uPSEM__r11__sNA,DREADD_CNO | EYFP_Control_Media | EYFP_Control_Media | PSAM_uPSEM | PSAM_uPSEM | PSAM_uPSEM | PSAM_uPSEM,0.014896792844301747,0.07767070488579353,,False
86,242,7,DREADD/CNO__r5__sNA | CONTROL/MEDIA__r5__sNA | CONTROL/MEDIA__r10__sNA | LMO7/hCTZ__r2__sNA | LMO7/hCTZ__r9__sNA | PSAM/uPSEM__r2__sNA | PSAM/uPSEM__r12__sNA,DREADD_CNO | EYFP_Control_Media | EYFP_Control_Media | LMO7_hCTZ | LMO7_hCTZ | PSAM_uPSEM | PSAM_uPSEM,0.034709893169106616,0.0779110385960824,,False
87,112,6,DREADD/CNO__r10__sNA | CONTROL/MEDIA__r2__sNA | LMO7/hCTZ__r5__sNA | PSAM/uPSEM__r1__sNA | PSAM/uPSEM__r2__sNA | PSAM/uPSEM__r9__sNA,DREADD_CNO | EYFP_Control_Media | LMO7_hCTZ | PSAM_uPSEM | PSAM_uPSEM | PSAM_uPSEM,0.020893008046080255,0.08054372718402147,,False
88,190,8,DREADD/CNO__r1__sNA | DREADD/CNO__r5__sNA | CONTROL/MEDIA__r3__sNA | CONTROL/MEDIA__r6__sNA | LMO7/hCTZ__r1__sNA | LMO7/hCTZ__r7__sNA | PSAM/uPSEM__r2__sNA | PSAM/uPSEM__r9__sNA,DREADD_CNO | DREADD_CNO | EYFP_Control_Media | EYFP_Control_Media | LMO7_hCTZ | LMO7_hCTZ | PSAM_uPSEM | PSAM_uPSEM,0.02857715547692647,0.08089757348810112,,False
89,203,6,DREADD/CNO__r3__sNA | DREADD/CNO__r7__sNA | DREADD/CNO__r12__sNA | CONTROL/MEDIA__r10__sNA | LMO7/hCTZ__r6__sNA | PSAM/uPSEM__r9__sNA,DREADD_CNO | DREADD_CNO | DREADD_CNO | EYFP_Control_Media | LMO7_hCTZ | PSAM_uPSEM,0.02962016264510964,0.0811825573649042,,False
90,59,7,DREADD/CNO__r9__sNA | CONTROL/MEDIA__r5__sNA | CONTROL/MEDIA__r10__sNA | LMO7/hCTZ__r1__sNA | LMO7/hCTZ__r2__sNA | PSAM/uPSEM__r2__sNA | PSAM/uPSEM__r9__sNA,DREADD_CNO | EYFP_Control_Media | EYFP_Control_Media | LMO7_hCTZ | LMO7_hCTZ | PSAM_uPSEM | PSAM_uPSEM,0.014941403288798437,0.08242777321571437,,False
91,297,4,CONTROL/MEDIA__r6__sNA | CONTROL/MEDIA__r8__sNA | CONTROL/MEDIA__r10__sNA | PSAM/uPSEM__r2__sNA,EYFP_Control_Media | EYFP_Control_Media | EYFP_Control_Media | PSAM_uPSEM,0.04024104959728656,0.08271045509045927,,False
92,155,3,DREADD/CNO__r3__sNA | CONTROL/MEDIA__r10__sNA | PSAM/uPSEM__r9__sNA,DREADD_CNO | EYFP_Control_Media | PSAM_uPSEM,0.025503887851067924,0.08295951453217387,,False
93,108,4,CONTROL/MEDIA__r3__sNA | CONTROL/MEDIA__r4__sNA | PSAM/uPSEM__r2__sNA | PSAM/uPSEM__r9__sNA,EYFP_Control_Media | EYFP_Control_Media | PSAM_uPSEM | PSAM_uPSEM,0.02029992457987302,0.08300294652439644,,False
94,263,8,DREADD/CNO__r12__sNA | CONTROL/MEDIA__r3__sNA | CONTROL/MEDIA__r6__sNA | LMO7/hCTZ__r2__sNA | LMO7/hCTZ__r6__sNA | PSAM/uPSEM__r1__sNA | PSAM/uPSEM__r2__sNA | PSAM/uPSEM__r9__sNA,DREADD_CNO | EYFP_Control_Media | EYFP_Control_Media | LMO7_hCTZ | LMO7_hCTZ | PSAM_uPSEM | PSAM_uPSEM | PSAM_uPSEM,0.03666611490487518,0.08414777524698736,,False
95,185,7,DREADD/CNO__r7__sNA | DREADD/CNO__r8__sNA | CONTROL/MEDIA__r3__sNA | CONTROL/MEDIA__r9__sNA | LMO7/hCTZ__r4__sNA | PSAM/uPSEM__r2__sNA | PSAM/uPSEM__r9__sNA,DREADD_CNO | DREADD_CNO | EYFP_Control_Media | EYFP_Control_Media | LMO7_hCTZ | PSAM_uPSEM | PSAM_uPSEM,0.028222124924827806,0.08429111927707988,,False
96,208,8,DREADD/CNO__r5__sNA | DREADD/CNO__r10__sNA | CONTROL/MEDIA__r3__sNA | CONTROL/MEDIA__r4__sNA | CONTROL/MEDIA__r8__sNA | CONTROL/MEDIA__r10__sNA | LMO7/hCTZ__r8__sNA | PSAM/uPSEM__r9__sNA,DREADD_CNO | DREADD_CNO | EYFP_Control_Media | EYFP_Control_Media | EYFP_Control_Media | EYFP_Control_Media | LMO7_hCTZ | PSAM_uPSEM,0.030297765552311985,0.08460009171579164,,False
97,278,5,DREADD/CNO__r3__sNA | CONTROL/MEDIA__r1__sNA | CONTROL/MEDIA__r10__sNA | PSAM/uPSEM__r4__sNA | PSAM/uPSEM__r9__sNA,DREADD_CNO | EYFP_Control_Media | EYFP_Control_Media | PSAM_uPSEM | PSAM_uPSEM,0.038675994728511326,0.08472304528529684,,False
98,271,8,DREADD/CNO__r3__sNA | DREADD/CNO__r5__sNA | DREADD/CNO__r9__sNA | CONTROL/MEDIA__r2__sNA | CONTROL/MEDIA__r3__sNA | CONTROL/MEDIA__r4__sNA | CONTROL/MEDIA__r9__sNA | LMO7/hCTZ__r3__sNA,DREADD_CNO | DREADD_CNO | DREADD_CNO | EYFP_Control_Media | EYFP_Control_Media | EYFP_Control_Media | EYFP_Control_Media | LMO7_hCTZ,0.03785378843142371,0.08518580233242345,,False
99,124,7,DREADD/CNO__r6__sNA | CONTROL/MEDIA__r7__sNA | CONTROL/MEDIA__r9__sNA | LMO7/hCTZ__r6__sNA | PSAM/uPSEM__r2__sNA | PSAM/uPSEM__r9__sNA | PSAM/uPSEM__r12__sNA,DREADD_CNO | EYFP_Control_Media | EYFP_Control_Media | LMO7_hCTZ | PSAM_uPSEM | PSAM_uPSEM | PSAM_uPSEM,0.02234708453742269,0.08626886291475877,,False
100,404,7,DREADD/CNO__r3__sNA | DREADD/CNO__r12__sNA | CONTROL/MEDIA__r4__sNA | CONTROL/MEDIA__r8__sNA | CONTROL/MEDIA__r9__sNA | CONTROL/MEDIA__r10__sNA | LMO7/hCTZ__r3__sNA,DREADD_CNO | DREADD_CNO | EYFP_Control_Media | EYFP_Control_Media | EYFP_Control_Media | EYFP_Control_Media | LMO7_hCTZ,0.049908609474421294,0.08645656279614,,False
101,386,7,DREADD/CNO__r7__sNA | CONTROL/MEDIA__r2__sNA | CONTROL/MEDIA__r3__sNA | CONTROL/MEDIA__r6__sNA | CONTROL/MEDIA__r7__sNA | PSAM/uPSEM__r1__sNA | PSAM/uPSEM__r9__sNA,DREADD_CNO | EYFP_Control_Media | EYFP_Control_Media | EYFP_Control_Media | EYFP_Control_Media | PSAM_uPSEM | PSAM_uPSEM,0.048305933702936996,0.08734119841556176,,False
102,136,8,DREADD/CNO__r9__sNA | CONTROL/MEDIA__r5__sNA | CONTROL/MEDIA__r10__sNA | LMO7/hCTZ__r4__sNA | PSAM/uPSEM__r1__sNA | PSAM/uPSEM__r2__sNA | PSAM/uPSEM__r9__sNA | PSAM/uPSEM__r11__sNA,DREADD_CNO | EYFP_Control_Media | EYFP_Control_Media | LMO7_hCTZ | PSAM_uPSEM | PSAM_uPSEM | PSAM_uPSEM | PSAM_uPSEM,0.02420022706117287,0.08771685811637897,,False
103,90,8,DREADD/CNO__r8__sNA | CONTROL/MEDIA__r1__sNA | CONTROL/MEDIA__r3__sNA | CONTROL/MEDIA__r4__sNA | CONTROL/MEDIA__r11__sNA | LMO7/hCTZ__r3__sNA | PSAM/uPSEM__r2__sNA | PSAM/uPSEM__r9__sNA,DREADD_CNO | EYFP_Control_Media | EYFP_Control_Media | EYFP_Control_Media | EYFP_Control_Media | LMO7_hCTZ | PSAM_uPSEM | PSAM_uPSEM,0.018296312712866317,0.0880405218381396,,False
104,200,8,DREADD/CNO__r11__sNA | CONTROL/MEDIA__r6__sNA | CONTROL/MEDIA__r9__sNA | LMO7/hCTZ__r1__sNA | LMO7/hCTZ__r9__sNA | PSAM/uPSEM__r1__sNA | PSAM/uPSEM__r2__sNA | PSAM/uPSEM__r9__sNA,DREADD_CNO | EYFP_Control_Media | EYFP_Control_Media | LMO7_hCTZ | LMO7_hCTZ | PSAM_uPSEM | PSAM_uPSEM | PSAM_uPSEM,0.02929676309019765,0.08960781073362434,,False
105,123,6,DREADD/CNO__r1__sNA | LMO7/hCTZ__r4__sNA | PSAM/uPSEM__r1__sNA | PSAM/uPSEM__r2__sNA | PSAM/uPSEM__r9__sNA | PSAM/uPSEM__r12__sNA,DREADD_CNO | LMO7_hCTZ | PSAM_uPSEM | PSAM_uPSEM | PSAM_uPSEM | PSAM_uPSEM,0.022228771397640228,0.09029967981856124,,False
106,8,8,DREADD/CNO__r3__sNA | DREADD/CNO__r5__sNA | DREADD/CNO__r7__sNA | CONTROL/MEDIA__r1__sNA | LMO7/hCTZ__r4__sNA | LMO7/hCTZ__r5__sNA | PSAM/uPSEM__r2__sNA | PSAM/uPSEM__r9__sNA,DREADD_CNO | DREADD_CNO | DREADD_CNO | EYFP_Control_Media | LMO7_hCTZ | LMO7_hCTZ | PSAM_uPSEM | PSAM_uPSEM,0.005529942375435408,0.09032207687023897,,False
107,156,5,CONTROL/MEDIA__r2__sNA | LMO7/hCTZ__r4__sNA | PSAM/uPSEM__r2__sNA | PSAM/uPSEM__r9__sNA | PSAM/uPSEM__r10__sNA,EYFP_Control_Media | LMO7_hCTZ | PSAM_uPSEM | PSAM_uPSEM | PSAM_uPSEM,0.02552064580053859,0.09211840128669224,,False
108,287,7,DREADD/CNO__r3__sNA | DREADD/CNO__r8__sNA | CONTROL/MEDIA__r5__sNA | CONTROL/MEDIA__r7__sNA | CONTROL/MEDIA__r9__sNA | CONTROL/MEDIA__r10__sNA | PSAM/uPSEM__r9__sNA,DREADD_CNO | DREADD_CNO | EYFP_Control_Media | EYFP_Control_Media | EYFP_Control_Media | EYFP_Control_Media | PSAM_uPSEM,0.039328755869567536,0.09244942320773053,,False
109,227,7,DREADD/CNO__r1__sNA | CONTROL/MEDIA__r9__sNA | LMO7/hCTZ__r5__sNA | PSAM/uPSEM__r2__sNA | PSAM/uPSEM__r3__sNA | PSAM/uPSEM__r9__sNA | PSAM/uPSEM__r12__sNA,DREADD_CNO | EYFP_Control_Media | LMO7_hCTZ | PSAM_uPSEM | PSAM_uPSEM | PSAM_uPSEM | PSAM_uPSEM,0.03315309930203251,0.09337198990282447,,False
110,149,4,CONTROL/MEDIA__r2__sNA | PSAM/uPSEM__r2__sNA | PSAM/uPSEM__r4__sNA | PSAM/uPSEM__r9__sNA,EYFP_Control_Media | PSAM_uPSEM | PSAM_uPSEM | PSAM_uPSEM,0.025222630424228416,0.09435286035507184,,False
111,113,6,CONTROL/MEDIA__r6__sNA | LMO7/hCTZ__r7__sNA | PSAM/uPSEM__r2__sNA | PSAM/uPSEM__r6__sNA | PSAM/uPSEM__r9__sNA | PSAM/uPSEM__r12__sNA,EYFP_Control_Media | LMO7_hCTZ | PSAM_uPSEM | PSAM_uPSEM | PSAM_uPSEM | PSAM_uPSEM,0.02093438976476305,0.09467252828717465,,False
112,121,7,DREADD/CNO__r1__sNA | DREADD/CNO__r4__sNA | DREADD/CNO__r5__sNA | DREADD/CNO__r7__sNA | CONTROL/MEDIA__r10__sNA | LMO7/hCTZ__r3__sNA | PSAM/uPSEM__r9__sNA,DREADD_CNO | DREADD_CNO | DREADD_CNO | DREADD_CNO | EYFP_Control_Media | LMO7_hCTZ | PSAM_uPSEM,0.022020328645800825,0.09506825336327873,,False
113,299,5,DREADD/CNO__r3__sNA | CONTROL/MEDIA__r10__sNA | LMO7/hCTZ__r7__sNA | PSAM/uPSEM__r8__sNA | PSAM/uPSEM__r9__sNA,DREADD_CNO | EYFP_Control_Media | LMO7_hCTZ | PSAM_uPSEM | PSAM_uPSEM,0.04036006113955797,0.09548868426878221,,False
114,22,8,DREADD/CNO__r3__sNA | DREADD/CNO__r4__sNA | CONTROL/MEDIA__r4__sNA | CONTROL/MEDIA__r8__sNA | PSAM/uPSEM__r1__sNA | PSAM/uPSEM__r2__sNA | PSAM/uPSEM__r6__sNA | PSAM/uPSEM__r9__sNA,DREADD_CNO | DREADD_CNO | EYFP_Control_Media | EYFP_Control_Media | PSAM_uPSEM | PSAM_uPSEM | PSAM_uPSEM | PSAM_uPSEM,0.01029172629773855,0.0954931344235248,,False
115,356,5,DREADD/CNO__r10__sNA | CONTROL/MEDIA__r5__sNA | CONTROL/MEDIA__r10__sNA | LMO7/hCTZ__r1__sNA | PSAM/uPSEM__r9__sNA,DREADD_CNO | EYFP_Control_Media | EYFP_Control_Media | LMO7_hCTZ | PSAM_uPSEM,0.04583840106957449,0.09571962172727788,,False
116,255,6,DREADD/CNO__r3__sNA | CONTROL/MEDIA__r1__sNA | CONTROL/MEDIA__r8__sNA | LMO7/hCTZ__r4__sNA | LMO7/hCTZ__r5__sNA | PSAM/uPSEM__r9__sNA,DREADD_CNO | EYFP_Control_Media | EYFP_Control_Media | LMO7_hCTZ | LMO7_hCTZ | PSAM_uPSEM,0.036113546590048874,0.0972302144717685,,False
117,324,7,DREADD/CNO__r3__sNA | DREADD/CNO__r4__sNA | CONTROL/MEDIA__r8__sNA | LMO7/hCTZ__r1__sNA | LMO7/hCTZ__r5__sNA | LMO7/hCTZ__r9__sNA | PSAM/uPSEM__r2__sNA,DREADD_CNO | DREADD_CNO | EYFP_Control_Media | LMO7_hCTZ | LMO7_hCTZ | LMO7_hCTZ | PSAM_uPSEM,0.04292702219846588,0.09753290043822938,,False
118,313,8,DREADD/CNO__r3__sNA | DREADD/CNO__r10__sNA | CONTROL/MEDIA__r8__sNA | LMO7/hCTZ__r2__sNA | PSAM/uPSEM__r4__sNA | PSAM/uPSEM__r8__sNA | PSAM/uPSEM__r9__sNA | PSAM/uPSEM__r12__sNA,DREADD_CNO | DREADD_CNO | EYFP_Control_Media | LMO7_hCTZ | PSAM_uPSEM | PSAM_uPSEM | PSAM_uPSEM | PSAM_uPSEM,0.04227477891730067,0.0978875569253691,,False
119,343,3,CONTROL/MEDIA__r5__sNA | CONTROL/MEDIA__r8__sNA | PSAM/uPSEM__r9__sNA,EYFP_Control_Media | EYFP_Control_Media | PSAM_uPSEM,0.044389124904345025,0.0987992609229954,,False
120,223,7,DREADD/CNO__r3__sNA | DREADD/CNO__r9__sNA | CONTROL/MEDIA__r10__sNA | LMO7/hCTZ__r7__sNA | PSAM/uPSEM__r5__sNA | PSAM/uPSEM__r9__sNA | PSAM/uPSEM__r12__sNA,DREADD_CNO | DREADD_CNO | EYFP_Control_Media | LMO7_hCTZ | PSAM_uPSEM | PSAM_uPSEM | PSAM_uPSEM,0.03279744695263233,0.09909068453470238,,False
121,202,6,DREADD/CNO__r5__sNA | CONTROL/MEDIA__r7__sNA | CONTROL/MEDIA__r10__sNA | LMO7/hCTZ__r8__sNA | PSAM/uPSEM__r9__sNA | PSAM/uPSEM__r12__sNA,DREADD_CNO | EYFP_Control_Media | EYFP_Control_Media | LMO7_hCTZ | PSAM_uPSEM | PSAM_uPSEM,0.02949539090589255,0.1013439467410645,,False
122,6,6,DREADD/CNO__r3__sNA | DREADD/CNO__r7__sNA | PSAM/uPSEM__r2__sNA | PSAM/uPSEM__r8__sNA | PSAM/uPSEM__r9__sNA | PSAM/uPSEM__r12__sNA,DREADD_CNO | DREADD_CNO | PSAM_uPSEM | PSAM_uPSEM | PSAM_uPSEM | PSAM_uPSEM,0.004605849631112834,0.10270426315855563,,False
123,64,7,CONTROL/MEDIA__r7__sNA | CONTROL/MEDIA__r9__sNA | LMO7/hCTZ__r4__sNA | LMO7/hCTZ__r8__sNA | PSAM/uPSEM__r2__sNA | PSAM/uPSEM__r9__sNA | PSAM/uPSEM__r12__sNA,EYFP_Control_Media | EYFP_Control_Media | LMO7_hCTZ | LMO7_hCTZ | PSAM_uPSEM | PSAM_uPSEM | PSAM_uPSEM,0.0153465744511585,0.10296779978816395,,False
124,293,8,DREADD/CNO__r4__sNA | DREADD/CNO__r7__sNA | CONTROL/MEDIA__r8__sNA | LMO7/hCTZ__r1__sNA | LMO7/hCTZ__r3__sNA | LMO7/hCTZ__r9__sNA | PSAM/uPSEM__r7__sNA | PSAM/uPSEM__r9__sNA,DREADD_CNO | DREADD_CNO | EYFP_Control_Media | LMO7_hCTZ | LMO7_hCTZ | LMO7_hCTZ | PSAM_uPSEM | PSAM_uPSEM,0.03983748486544191,0.10454955106388075,,False
125,311,4,DREADD/CNO__r7__sNA | CONTROL/MEDIA__r7__sNA | CONTROL/MEDIA__r10__sNA | PSAM/uPSEM__r9__sNA,DREADD_CNO | EYFP_Control_Media | EYFP_Control_Media | PSAM_uPSEM,0.04195386399167176,0.10535645348417999,,False
126,43,5,DREADD/CNO__r11__sNA | CONTROL/MEDIA__r7__sNA | CONTROL/MEDIA__r10__sNA | PSAM/uPSEM__r2__sNA | PSAM/uPSEM__r9__sNA,DREADD_CNO | EYFP_Control_Media | EYFP_Control_Media | PSAM_uPSEM | PSAM_uPSEM,0.013468405330264074,0.1056937557708878,,False
127,323,5,DREADD/CNO__r3__sNA | CONTROL/MEDIA__r10__sNA | LMO7/hCTZ__r5__sNA | LMO7/hCTZ__r6__sNA | PSAM/uPSEM__r2__sNA,DREADD_CNO | EYFP_Control_Media | LMO7_hCTZ | LMO7_hCTZ | PSAM_uPSEM,0.042926915775322365,0.10606122175781751,,False
128,233,8,DREADD/CNO__r1__sNA | DREADD/CNO__r3__sNA | DREADD/CNO__r4__sNA | CONTROL/MEDIA__r10__sNA | LMO7/hCTZ__r3__sNA | PSAM/uPSEM__r1__sNA | PSAM/uPSEM__r9__sNA | PSAM/uPSEM__r10__sNA,DREADD_CNO | DREADD_CNO | DREADD_CNO | EYFP_Control_Media | LMO7_hCTZ | PSAM_uPSEM | PSAM_uPSEM | PSAM_uPSEM,0.03357993611470393,0.10890176855237022,,False
129,310,5,DREADD/CNO__r4__sNA | DREADD/CNO__r5__sNA | CONTROL/MEDIA__r8__sNA | LMO7/hCTZ__r2__sNA | PSAM/uPSEM__r9__sNA,DREADD_CNO | DREADD_CNO | EYFP_Control_Media | LMO7_hCTZ | PSAM_uPSEM,0.041882423983816974,0.11009350145490793,,False
130,13,6,DREADD/CNO__r8__sNA | CONTROL/MEDIA__r2__sNA | CONTROL/MEDIA__r8__sNA | CONTROL/MEDIA__r10__sNA | PSAM/uPSEM__r2__sNA | PSAM/uPSEM__r9__sNA,DREADD_CNO | EYFP_Control_Media | EYFP_Control_Media | EYFP_Control_Media | PSAM_uPSEM | PSAM_uPSEM,0.0077681574730201685,0.11039442142797828,,False
131,292,8,DREADD/CNO__r5__sNA | CONTROL/MEDIA__r2__sNA | CONTROL/MEDIA__r3__sNA | LMO7/hCTZ__r1__sNA | LMO7/hCTZ__r4__sNA | LMO7/hCTZ__r6__sNA | PSAM/uPSEM__r9__sNA | PSAM/uPSEM__r12__sNA,DREADD_CNO | EYFP_Control_Media | EYFP_Control_Media | LMO7_hCTZ | LMO7_hCTZ | LMO7_hCTZ | PSAM_uPSEM | PSAM_uPSEM,0.03977041499910151,0.11061162503646482,,False
132,51,5,CONTROL/MEDIA__r7__sNA | CONTROL/MEDIA__r10__sNA | LMO7/hCTZ__r5__sNA | PSAM/uPSEM__r2__sNA | PSAM/uPSEM__r9__sNA,EYFP_Control_Media | EYFP_Control_Media | LMO7_hCTZ | PSAM_uPSEM | PSAM_uPSEM,0.014108589201327633,0.11185374099754752,,False
133,305,6,DREADD/CNO__r3__sNA | DREADD/CNO__r5__sNA | CONTROL/MEDIA__r5__sNA | CONTROL/MEDIA__r7__sNA | LMO7/hCTZ__r4__sNA | PSAM/uPSEM__r2__sNA,DREADD_CNO | DREADD_CNO | EYFP_Control_Media | EYFP_Control_Media | LMO7_hCTZ | PSAM_uPSEM,0.041003060027431565,0.11295400314006843,,False
134,38,8,DREADD/CNO__r7__sNA | CONTROL/MEDIA__r4__sNA | CONTROL/MEDIA__r7__sNA | LMO7/hCTZ__r2__sNA | LMO7/hCTZ__r9__sNA | PSAM/uPSEM__r2__sNA | PSAM/uPSEM__r9__sNA | PSAM/uPSEM__r12__sNA,DREADD_CNO | EYFP_Control_Media | EYFP_Control_Media | LMO7_hCTZ | LMO7_hCTZ | PSAM_uPSEM | PSAM_uPSEM | PSAM_uPSEM,0.01283193726296884,0.11383472720321575,,False
135,88,8,DREADD/CNO__r3__sNA | DREADD/CNO__r7__sNA | CONTROL/MEDIA__r8__sNA | CONTROL/MEDIA__r9__sNA | LMO7/hCTZ__r7__sNA | LMO7/hCTZ__r9__sNA | PSAM/uPSEM__r9__sNA | PSAM/uPSEM__r12__sNA,DREADD_CNO | DREADD_CNO | EYFP_Control_Media | EYFP_Control_Media | LMO7_hCTZ | LMO7_hCTZ | PSAM_uPSEM | PSAM_uPSEM,0.018226955592139243,0.11487448698292257,,False
136,339,8,DREADD/CNO__r7__sNA | DREADD/CNO__r10__sNA | CONTROL/MEDIA__r4__sNA | CONTROL/MEDIA__r6__sNA | CONTROL/MEDIA__r9__sNA | LMO7/hCTZ__r1__sNA | PSAM/uPSEM__r9__sNA | PSAM/uPSEM__r12__sNA,DREADD_CNO | DREADD_CNO | EYFP_Control_Media | EYFP_Control_Media | EYFP_Control_Media | LMO7_hCTZ | PSAM_uPSEM | PSAM_uPSEM,0.04418909832481845,0.11628825113593999,,False
137,204,4,DREADD/CNO__r3__sNA | DREADD/CNO__r7__sNA | CONTROL/MEDIA__r5__sNA | PSAM/uPSEM__r9__sNA,DREADD_CNO | DREADD_CNO | EYFP_Control_Media | PSAM_uPSEM,0.029710366620998623,0.11690853811624213,,False
138,39,7,DREADD/CNO__r5__sNA | CONTROL/MEDIA__r2__sNA | CONTROL/MEDIA__r4__sNA | CONTROL/MEDIA__r5__sNA | CONTROL/MEDIA__r7__sNA | PSAM/uPSEM__r2__sNA | PSAM/uPSEM__r9__sNA,DREADD_CNO | EYFP_Control_Media | EYFP_Control_Media | EYFP_Control_Media | EYFP_Control_Media | PSAM_uPSEM | PSAM_uPSEM,0.012948560863272637,0.11692726204189674,,False
139,114,8,DREADD/CNO__r3__sNA | CONTROL/MEDIA__r4__sNA | CONTROL/MEDIA__r6__sNA | LMO7/hCTZ__r6__sNA | LMO7/hCTZ__r8__sNA | PSAM/uPSEM__r2__sNA | PSAM/uPSEM__r9__sNA | PSAM/uPSEM__r11__sNA,DREADD_CNO | EYFP_Control_Media | EYFP_Control_Media | LMO7_hCTZ | LMO7_hCTZ | PSAM_uPSEM | PSAM_uPSEM | PSAM_uPSEM,0.02136588021048795,0.11698026117435367,,False
140,87,8,DREADD/CNO__r5__sNA | DREADD/CNO__r10__sNA | CONTROL/MEDIA__r4__sNA | CONTROL/MEDIA__r7__sNA | CONTROL/MEDIA__r10__sNA | PSAM/uPSEM__r2__sNA | PSAM/uPSEM__r9__sNA | PSAM/uPSEM__r11__sNA,DREADD_CNO | DREADD_CNO | EYFP_Control_Media | EYFP_Control_Media | EYFP_Control_Media | PSAM_uPSEM | PSAM_uPSEM | PSAM_uPSEM,0.018002153553802695,0.11844247739596858,,False
141,89,7,DREADD/CNO__r3__sNA | DREADD/CNO__r8__sNA | CONTROL/MEDIA__r8__sNA | LMO7/hCTZ__r7__sNA | PSAM/uPSEM__r2__sNA | PSAM/uPSEM__r3__sNA | PSAM/uPSEM__r9__sNA,DREADD_CNO | DREADD_CNO | EYFP_Control_Media | LMO7_hCTZ | PSAM_uPSEM | PSAM_uPSEM | PSAM_uPSEM,0.018288011477400494,0.11907512277704124,,False
142,21,8,DREADD/CNO__r5__sNA | DREADD/CNO__r11__sNA | DREADD/CNO__r12__sNA | CONTROL/MEDIA__r10__sNA | PSAM/uPSEM__r2__sNA | PSAM/uPSEM__r8__sNA | PSAM/uPSEM__r9__sNA | PSAM/uPSEM__r12__sNA,DREADD_CNO | DREADD_CNO | DREADD_CNO | EYFP_Control_Media | PSAM_uPSEM | PSAM_uPSEM | PSAM_uPSEM | PSAM_uPSEM,0.00998261456690288,0.1190857694815457,,False
143,320,8,DREADD/CNO__r7__sNA | CONTROL/MEDIA__r3__sNA | CONTROL/MEDIA__r5__sNA | CONTROL/MEDIA__r10__sNA | LMO7/hCTZ__r3__sNA | LMO7/hCTZ__r6__sNA | PSAM/uPSEM__r2__sNA | PSAM/uPSEM__r6__sNA,DREADD_CNO | EYFP_Control_Media | EYFP_Control_Media | EYFP_Control_Media | LMO7_hCTZ | LMO7_hCTZ | PSAM_uPSEM | PSAM_uPSEM,0.042848515279993206,0.11936660453336567,,False
144,49,8,DREADD/CNO__r7__sNA | CONTROL/MEDIA__r3__sNA | LMO7/hCTZ__r3__sNA | LMO7/hCTZ__r4__sNA | LMO7/hCTZ__r7__sNA | LMO7/hCTZ__r8__sNA | PSAM/uPSEM__r2__sNA | PSAM/uPSEM__r9__sNA,DREADD_CNO | EYFP_Control_Media | LMO7_hCTZ | LMO7_hCTZ | LMO7_hCTZ | LMO7_hCTZ | PSAM_uPSEM | PSAM_uPSEM,0.01395267600113778,0.11940285701950082,,False
145,186,5,DREADD/CNO__r3__sNA | DREADD/CNO__r5__sNA | DREADD/CNO__r7__sNA | LMO7/hCTZ__r6__sNA | PSAM/uPSEM__r2__sNA,DREADD_CNO | DREADD_CNO | DREADD_CNO | LMO7_hCTZ | PSAM_uPSEM,0.028327823087490576,0.11953294613230914,,False
146,15,8,CONTROL/MEDIA__r1__sNA | CONTROL/MEDIA__r5__sNA | CONTROL/MEDIA__r6__sNA | CONTROL/MEDIA__r8__sNA | PSAM/uPSEM__r2__sNA | PSAM/uPSEM__r5__sNA | PSAM/uPSEM__r9__sNA | PSAM/uPSEM__r12__sNA,EYFP_Control_Media | EYFP_Control_Media | EYFP_Control_Media | EYFP_Control_Media | PSAM_uPSEM | PSAM_uPSEM | PSAM_uPSEM | PSAM_uPSEM,0.008693634097340985,0.1198961058536705,,False
147,327,7,DREADD/CNO__r6__sNA | LMO7/hCTZ__r9__sNA | PSAM/uPSEM__r1__sNA | PSAM/uPSEM__r2__sNA | PSAM/uPSEM__r7__sNA | PSAM/uPSEM__r9__sNA | PSAM/uPSEM__r12__sNA,DREADD_CNO | LMO7_hCTZ | PSAM_uPSEM | PSAM_uPSEM | PSAM_uPSEM | PSAM_uPSEM | PSAM_uPSEM,0.043166475976255766,0.12010899994260027,,False
148,238,8,DREADD/CNO__r3__sNA | DREADD/CNO__r7__sNA | CONTROL/MEDIA__r3__sNA | CONTROL/MEDIA__r8__sNA | PSAM/uPSEM__r4__sNA | PSAM/uPSEM__r5__sNA | PSAM/uPSEM__r9__sNA | PSAM/uPSEM__r12__sNA,DREADD_CNO | DREADD_CNO | EYFP_Control_Media | EYFP_Control_Media | PSAM_uPSEM | PSAM_uPSEM | PSAM_uPSEM | PSAM_uPSEM,0.03444733132764008,0.12048569824181588,,False
149,61,6,DREADD/CNO__r4__sNA | CONTROL/MEDIA__r1__sNA | CONTROL/MEDIA__r8__sNA | LMO7/hCTZ__r5__sNA | PSAM/uPSEM__r2__sNA | PSAM/uPSEM__r9__sNA,DREADD_CNO | EYFP_Control_Media | EYFP_Control_Media | LMO7_hCTZ | PSAM_uPSEM | PSAM_uPSEM,0.015269191760634267,0.12064216815915074,,False
150,294,4,DREADD/CNO__r6__sNA | CONTROL/MEDIA__r4__sNA | PSAM/uPSEM__r2__sNA | PSAM/uPSEM__r9__sNA,DREADD_CNO | EYFP_Control_Media | PSAM_uPSEM | PSAM_uPSEM,0.04012018211621633,0.12168896806960117,,False
151,188,6,DREADD/CNO__r2__sNA | LMO7/hCTZ__r4__sNA | PSAM/uPSEM__r2__sNA | PSAM/uPSEM__r9__sNA | PSAM/uPSEM__r10__sNA | PSAM/uPSEM__r12__sNA,DREADD_CNO | LMO7_hCTZ | PSAM_uPSEM | PSAM_uPSEM | PSAM_uPSEM | PSAM_uPSEM,0.02845205144575271,0.12215462918694542,,False
152,196,8,DREADD/CNO__r8__sNA | DREADD/CNO__r9__sNA | CONTROL/MEDIA__r11__sNA | LMO7/hCTZ__r7__sNA | PSAM/uPSEM__r1__sNA | PSAM/uPSEM__r2__sNA | PSAM/uPSEM__r9__sNA | PSAM/uPSEM__r12__sNA,DREADD_CNO | DREADD_CNO | EYFP_Control_Media | LMO7_hCTZ | PSAM_uPSEM | PSAM_uPSEM | PSAM_uPSEM | PSAM_uPSEM,0.029119445646441252,0.12303660635568014,,False
153,95,7,DREADD/CNO__r3__sNA | DREADD/CNO__r4__sNA | DREADD/CNO__r5__sNA | DREADD/CNO__r10__sNA | DREADD/CNO__r11__sNA | CONTROL/MEDIA__r9__sNA | PSAM/uPSEM__r9__sNA,DREADD_CNO | DREADD_CNO | DREADD_CNO | DREADD_CNO | DREADD_CNO | EYFP_Control_Media | PSAM_uPSEM,0.018737188371093685,0.1240436633019949,,False
154,159,6,CONTROL/MEDIA__r7__sNA | CONTROL/MEDIA__r8__sNA | LMO7/hCTZ__r8__sNA | PSAM/uPSEM__r2__sNA | PSAM/uPSEM__r9__sNA | PSAM/uPSEM__r11__sNA,EYFP_Control_Media | EYFP_Control_Media | LMO7_hCTZ | PSAM_uPSEM | PSAM_uPSEM | PSAM_uPSEM,0.025598127876973856,0.12504861354403318,,False
155,182,4,DREADD/CNO__r5__sNA | CONTROL/MEDIA__r8__sNA | PSAM/uPSEM__r9__sNA | PSAM/uPSEM__r12__sNA,DREADD_CNO | EYFP_Control_Media | PSAM_uPSEM | PSAM_uPSEM,0.027887567600454983,0.12507362556464607,,False
156,300,5,CONTROL/MEDIA__r1__sNA | CONTROL/MEDIA__r2__sNA | CONTROL/MEDIA__r3__sNA | LMO7/hCTZ__r3__sNA | PSAM/uPSEM__r9__sNA,EYFP_Control_Media | EYFP_Control_Media | EYFP_Control_Media | LMO7_hCTZ | PSAM_uPSEM,0.04043327684825019,0.12533186531356566,,False
157,7,8,DREADD/CNO__r3__sNA | DREADD/CNO__r10__sNA | CONTROL/MEDIA__r1__sNA | CONTROL/MEDIA__r9__sNA | LMO7/hCTZ__r3__sNA | LMO7/hCTZ__r7__sNA | PSAM/uPSEM__r2__sNA | PSAM/uPSEM__r9__sNA,DREADD_CNO | DREADD_CNO | EYFP_Control_Media | EYFP_Control_Media | LMO7_hCTZ | LMO7_hCTZ | PSAM_uPSEM | PSAM_uPSEM,0.005511510804349986,0.12653397484321482,,False
158,18,6,DREADD/CNO__r9__sNA | CONTROL/MEDIA__r8__sNA | LMO7/hCTZ__r3__sNA | PSAM/uPSEM__r2__sNA | PSAM/uPSEM__r3__sNA | PSAM/uPSEM__r9__sNA,DREADD_CNO | EYFP_Control_Media | LMO7_hCTZ | PSAM_uPSEM | PSAM_uPSEM | PSAM_uPSEM,0.009712263041962236,0.12687256160241966,,False
159,319,3,DREADD/CNO__r5__sNA | CONTROL/MEDIA__r8__sNA | PSAM/uPSEM__r9__sNA,DREADD_CNO | EYFP_Control_Media | PSAM_uPSEM,0.04270443191120463,0.12701316287619147,,False
160,367,4,DREADD/CNO__r7__sNA | DREADD/CNO__r10__sNA | CONTROL/MEDIA__r8__sNA | PSAM/uPSEM__r9__sNA,DREADD_CNO | DREADD_CNO | EYFP_Control_Media | PSAM_uPSEM,0.04653756727023797,0.12705171448907804,,False
161,84,4,PSAM/uPSEM__r2__sNA | PSAM/uPSEM__r3__sNA | PSAM/uPSEM__r9__sNA | PSAM/uPSEM__r12__sNA,PSAM_uPSEM | PSAM_uPSEM | PSAM_uPSEM | PSAM_uPSEM,0.01768354709425294,0.1271524926496458,,False
162,55,6,DREADD/CNO__r2__sNA | DREADD/CNO__r3__sNA | PSAM/uPSEM__r2__sNA | PSAM/uPSEM__r6__sNA | PSAM/uPSEM__r9__sNA | PSAM/uPSEM__r12__sNA,DREADD_CNO | DREADD_CNO | PSAM_uPSEM | PSAM_uPSEM | PSAM_uPSEM | PSAM_uPSEM,0.01462054863052572,0.1274925603743795,,False
163,132,4,CONTROL/MEDIA__r6__sNA | LMO7/hCTZ__r1__sNA | PSAM/uPSEM__r2__sNA | PSAM/uPSEM__r9__sNA,EYFP_Control_Media | LMO7_hCTZ | PSAM_uPSEM | PSAM_uPSEM,0.023379779615724364,0.12832307646057273,,False
164,142,4,CONTROL/MEDIA__r3__sNA | LMO7/hCTZ__r2__sNA | PSAM/uPSEM__r2__sNA | PSAM/uPSEM__r9__sNA,EYFP_Control_Media | LMO7_hCTZ | PSAM_uPSEM | PSAM_uPSEM,0.024624270634519534,0.1284219245014525,,False
165,74,4,CONTROL/MEDIA__r2__sNA | CONTROL/MEDIA__r5__sNA | PSAM/uPSEM__r2__sNA | PSAM/uPSEM__r9__sNA,EYFP_Control_Media | EYFP_Control_Media | PSAM_uPSEM | PSAM_uPSEM,0.016702301205163504,0.1286096980147169,,False
166,369,8,DREADD/CNO__r4__sNA | CONTROL/MEDIA__r6__sNA | CONTROL/MEDIA__r8__sNA | CONTROL/MEDIA__r9__sNA | CONTROL/MEDIA__r10__sNA | LMO7/hCTZ__r8__sNA | PSAM/uPSEM__r1__sNA | PSAM/uPSEM__r9__sNA,DREADD_CNO | EYFP_Control_Media | EYFP_Control_Media | EYFP_Control_Media | EYFP_Control_Media | LMO7_hCTZ | PSAM_uPSEM | PSAM_uPSEM,0.04672070717505462,0.12881991759835631,,False
167,164,4,DREADD/CNO__r3__sNA | DREADD/CNO__r4__sNA | DREADD/CNO__r7__sNA | PSAM/uPSEM__r9__sNA,DREADD_CNO | DREADD_CNO | DREADD_CNO | PSAM_uPSEM,0.025891864139820437,0.1308909523743954,,False
168,168,4,DREADD/CNO__r9__sNA | CONTROL/MEDIA__r3__sNA | PSAM/uPSEM__r2__sNA | PSAM/uPSEM__r9__sNA,DREADD_CNO | EYFP_Control_Media | PSAM_uPSEM | PSAM_uPSEM,0.02612668455589974,0.1309998208944062,,False
169,146,4,CONTROL/MEDIA__r3__sNA | LMO7/hCTZ__r5__sNA | PSAM/uPSEM__r2__sNA | PSAM/uPSEM__r9__sNA,EYFP_Control_Media | LMO7_hCTZ | PSAM_uPSEM | PSAM_uPSEM,0.024918984601124194,0.1311010311655595,,False
170,390,8,DREADD/CNO__r3__sNA | DREADD/CNO__r9__sNA | CONTROL/MEDIA__r3__sNA | CONTROL/MEDIA__r4__sNA | CONTROL/MEDIA__r6__sNA | PSAM/uPSEM__r6__sNA | PSAM/uPSEM__r9__sNA | PSAM/uPSEM__r12__sNA,DREADD_CNO | DREADD_CNO | EYFP_Control_Media | EYFP_Control_Media | EYFP_Control_Media | PSAM_uPSEM | PSAM_uPSEM | PSAM_uPSEM,0.0487128895022875,0.13189694238992744,,False
171,378,8,DREADD/CNO__r5__sNA | DREADD/CNO__r8__sNA | DREADD/CNO__r9__sNA | CONTROL/MEDIA__r2__sNA | LMO7/hCTZ__r7__sNA | PSAM/uPSEM__r2__sNA | PSAM/uPSEM__r7__sNA | PSAM/uPSEM__r9__sNA,DREADD_CNO | DREADD_CNO | DREADD_CNO | EYFP_Control_Media | LMO7_hCTZ | PSAM_uPSEM | PSAM_uPSEM | PSAM_uPSEM,0.04773312869481963,0.13215596300702392,,False
172,37,8,DREADD/CNO__r3__sNA | DREADD/CNO__r5__sNA | DREADD/CNO__r11__sNA | LMO7/hCTZ__r4__sNA | LMO7/hCTZ__r5__sNA | PSAM/uPSEM__r2__sNA | PSAM/uPSEM__r4__sNA | PSAM/uPSEM__r9__sNA,DREADD_CNO | DREADD_CNO | DREADD_CNO | LMO7_hCTZ | LMO7_hCTZ | PSAM_uPSEM | PSAM_uPSEM | PSAM_uPSEM,0.012709078882461271,0.13236684213712535,,False
173,215,4,DREADD/CNO__r3__sNA | DREADD/CNO__r4__sNA | DREADD/CNO__r5__sNA | PSAM/uPSEM__r2__sNA,DREADD_CNO | DREADD_CNO | DREADD_CNO | PSAM_uPSEM,0.03173994684569533,0.13251294071738717,,False
174,50,7,DREADD/CNO__r5__sNA | CONTROL/MEDIA__r7__sNA | CONTROL/MEDIA__r9__sNA | CONTROL/MEDIA__r10__sNA | LMO7/hCTZ__r3__sNA | PSAM/uPSEM__r9__sNA | PSAM/uPSEM__r12__sNA,DREADD_CNO | EYFP_Control_Media | EYFP_Control_Media | EYFP_Control_Media | LMO7_hCTZ | PSAM_uPSEM | PSAM_uPSEM,0.014058595379707252,0.13291009706715307,,False
175,189,7,CONTROL/MEDIA__r7__sNA | CONTROL/MEDIA__r8__sNA | LMO7/hCTZ__r2__sNA | LMO7/hCTZ__r3__sNA | LMO7/hCTZ__r8__sNA | PSAM/uPSEM__r9__sNA | PSAM/uPSEM__r12__sNA,EYFP_Control_Media | EYFP_Control_Media | LMO7_hCTZ | LMO7_hCTZ | LMO7_hCTZ | PSAM_uPSEM | PSAM_uPSEM,0.028534653239060643,0.13355473940803486,,False
176,243,8,DREADD/CNO__r3__sNA | CONTROL/MEDIA__r9__sNA | CONTROL/MEDIA__r10__sNA | LMO7/hCTZ__r3__sNA | LMO7/hCTZ__r4__sNA | LMO7/hCTZ__r9__sNA | PSAM/uPSEM__r4__sNA | PSAM/uPSEM__r9__sNA,DREADD_CNO | EYFP_Control_Media | EYFP_Control_Media | LMO7_hCTZ | LMO7_hCTZ | LMO7_hCTZ | PSAM_uPSEM | PSAM_uPSEM,0.034846804876220994,0.134136023090344,,False
177,336,6,DREADD/CNO__r5__sNA | DREADD/CNO__r7__sNA | DREADD/CNO__r10__sNA | CONTROL/MEDIA__r9__sNA | CONTROL/MEDIA__r10__sNA | PSAM/uPSEM__r2__sNA,DREADD_CNO | DREADD_CNO | DREADD_CNO | EYFP_Control_Media | EYFP_Control_Media | PSAM_uPSEM,0.0440401749902453,0.1344526995999129,,False
178,120,7,DREADD/CNO__r3__sNA | DREADD/CNO__r11__sNA | CONTROL/MEDIA__r1__sNA | CONTROL/MEDIA__r3__sNA | CONTROL/MEDIA__r10__sNA | PSAM/uPSEM__r9__sNA | PSAM/uPSEM__r12__sNA,DREADD_CNO | DREADD_CNO | EYFP_Control_Media | EYFP_Control_Media | EYFP_Control_Media | PSAM_uPSEM | PSAM_uPSEM,0.021981002583366115,0.1347257488982767,,False
179,218,5,CONTROL/MEDIA__r2__sNA | CONTROL/MEDIA__r7__sNA | PSAM/uPSEM__r2__sNA | PSAM/uPSEM__r6__sNA | PSAM/uPSEM__r9__sNA,EYFP_Control_Media | EYFP_Control_Media | PSAM_uPSEM | PSAM_uPSEM | PSAM_uPSEM,0.032055724051763705,0.13475481052986282,,False
180,105,6,DREADD/CNO__r6__sNA | CONTROL/MEDIA__r5__sNA | CONTROL/MEDIA__r8__sNA | CONTROL/MEDIA__r11__sNA | PSAM/uPSEM__r2__sNA | PSAM/uPSEM__r9__sNA,DREADD_CNO | EYFP_Control_Media | EYFP_Control_Media | EYFP_Control_Media | PSAM_uPSEM | PSAM_uPSEM,0.019856981730335167,0.1352968681551956,,False
181,26,7,DREADD/CNO__r4__sNA | CONTROL/MEDIA__r2__sNA | CONTROL/MEDIA__r4__sNA | CONTROL/MEDIA__r10__sNA | LMO7/hCTZ__r1__sNA | PSAM/uPSEM__r2__sNA | PSAM/uPSEM__r9__sNA,DREADD_CNO | EYFP_Control_Media | EYFP_Control_Media | EYFP_Control_Media | LMO7_hCTZ | PSAM_uPSEM | PSAM_uPSEM,0.010929720536697001,0.13646440265406845,,False
182,82,4,CONTROL/MEDIA__r10__sNA | PSAM/uPSEM__r2__sNA | PSAM/uPSEM__r8__sNA | PSAM/uPSEM__r9__sNA,EYFP_Control_Media | PSAM_uPSEM | PSAM_uPSEM | PSAM_uPSEM,0.01765260248437367,0.13720392633430434,,False
183,9,8,DREADD/CNO__r3__sNA | DREADD/CNO__r4__sNA | DREADD/CNO__r5__sNA | CONTROL/MEDIA__r9__sNA | CONTROL/MEDIA__r11__sNA | LMO7/hCTZ__r4__sNA | PSAM/uPSEM__r2__sNA | PSAM/uPSEM__r9__sNA,DREADD_CNO | DREADD_CNO | DREADD_CNO | EYFP_Control_Media | EYFP_Control_Media | LMO7_hCTZ | PSAM_uPSEM | PSAM_uPSEM,0.006229285634686453,0.1373352651612434,,False
184,148,5,DREADD/CNO__r10__sNA | DREADD/CNO__r11__sNA | CONTROL/MEDIA__r3__sNA | PSAM/uPSEM__r2__sNA | PSAM/uPSEM__r9__sNA,DREADD_CNO | DREADD_CNO | EYFP_Control_Media | PSAM_uPSEM | PSAM_uPSEM,0.025080090496112182,0.13743546052605216,,False
185,119,6,DREADD/CNO__r7__sNA | CONTROL/MEDIA__r3__sNA | LMO7/hCTZ__r5__sNA | LMO7/hCTZ__r9__sNA | PSAM/uPSEM__r2__sNA | PSAM/uPSEM__r9__sNA,DREADD_CNO | EYFP_Control_Media | LMO7_hCTZ | LMO7_hCTZ | PSAM_uPSEM | PSAM_uPSEM,0.021864667191891538,0.13843057619502197,,False
186,11,8,DREADD/CNO__r3__sNA | DREADD/CNO__r5__sNA | CONTROL/MEDIA__r4__sNA | CONTROL/MEDIA__r5__sNA | CONTROL/MEDIA__r6__sNA | LMO7/hCTZ__r1__sNA | PSAM/uPSEM__r2__sNA | PSAM/uPSEM__r9__sNA,DREADD_CNO | DREADD_CNO | EYFP_Control_Media | EYFP_Control_Media | EYFP_Control_Media | LMO7_hCTZ | PSAM_uPSEM | PSAM_uPSEM,0.00676975240955048,0.13876218470069868,,False
187,65,8,DREADD/CNO__r3__sNA | DREADD/CNO__r9__sNA | CONTROL/MEDIA__r3__sNA | CONTROL/MEDIA__r10__sNA | LMO7/hCTZ__r3__sNA | LMO7/hCTZ__r6__sNA | PSAM/uPSEM__r2__sNA | PSAM/uPSEM__r12__sNA,DREADD_CNO | DREADD_CNO | EYFP_Control_Media | EYFP_Control_Media | LMO7_hCTZ | LMO7_hCTZ | PSAM_uPSEM | PSAM_uPSEM,0.01553104835541482,0.1389669057158195,,False
188,40,3,CONTROL/MEDIA__r8__sNA | PSAM/uPSEM__r2__sNA | PSAM/uPSEM__r9__sNA,EYFP_Control_Media | PSAM_uPSEM | PSAM_uPSEM,0.01295174405522935,0.13925183427492893,,False
189,368,6,DREADD/CNO__r11__sNA | CONTROL/MEDIA__r2__sNA | PSAM/uPSEM__r2__sNA | PSAM/uPSEM__r9__sNA | PSAM/uPSEM__r10__sNA | PSAM/uPSEM__r11__sNA,DREADD_CNO | EYFP_Control_Media | PSAM_uPSEM | PSAM_uPSEM | PSAM_uPSEM | PSAM_uPSEM,0.046568993544663005,0.1392850082419319,,False
190,31,7,DREADD/CNO__r2__sNA | DREADD/CNO__r3__sNA | DREADD/CNO__r7__sNA | PSAM/uPSEM__r2__sNA | PSAM/uPSEM__r7__sNA | PSAM/uPSEM__r9__sNA | PSAM/uPSEM__r12__sNA,DREADD_CNO | DREADD_CNO | DREADD_CNO | PSAM_uPSEM | PSAM_uPSEM | PSAM_uPSEM | PSAM_uPSEM,0.011495211293815989,0.13944044842115888,,False
191,130,3,CONTROL/MEDIA__r4__sNA | PSAM/uPSEM__r2__sNA | PSAM/uPSEM__r9__sNA,EYFP_Control_Media | PSAM_uPSEM | PSAM_uPSEM,0.02315571290373237,0.13947374882752261,,False
192,214,8,DREADD/CNO__r2__sNA | CONTROL/MEDIA__r2__sNA | CONTROL/MEDIA__r6__sNA | CONTROL/MEDIA__r10__sNA | LMO7/hCTZ__r9__sNA | PSAM/uPSEM__r2__sNA | PSAM/uPSEM__r5__sNA | PSAM/uPSEM__r9__sNA,DREADD_CNO | EYFP_Control_Media | EYFP_Control_Media | EYFP_Control_Media | LMO7_hCTZ | PSAM_uPSEM | PSAM_uPSEM | PSAM_uPSEM,0.03121810231931482,0.14008624445304985,,False
193,86,6,DREADD/CNO__r11__sNA | CONTROL/MEDIA__r10__sNA | CONTROL/MEDIA__r11__sNA | LMO7/hCTZ__r5__sNA | PSAM/uPSEM__r2__sNA | PSAM/uPSEM__r9__sNA,DREADD_CNO | EYFP_Control_Media | EYFP_Control_Media | LMO7_hCTZ | PSAM_uPSEM | PSAM_uPSEM,0.017886841684323942,0.14064754239777533,,False
194,325,6,DREADD/CNO__r5__sNA | CONTROL/MEDIA__r10__sNA | CONTROL/MEDIA__r11__sNA | LMO7/hCTZ__r6__sNA | PSAM/uPSEM__r2__sNA | PSAM/uPSEM__r12__sNA,DREADD_CNO | EYFP_Control_Media | EYFP_Control_Media | LMO7_hCTZ | PSAM_uPSEM | PSAM_uPSEM,0.04293420374741853,0.14090674195759534,,False
195,377,7,DREADD/CNO__r3__sNA | DREADD/CNO__r8__sNA | DREADD/CNO__r10__sNA | CONTROL/MEDIA__r10__sNA | LMO7/hCTZ__r7__sNA | PSAM/uPSEM__r2__sNA | PSAM/uPSEM__r12__sNA,DREADD_CNO | DREADD_CNO | DREADD_CNO | EYFP_Control_Media | LMO7_hCTZ | PSAM_uPSEM | PSAM_uPSEM,0.047602097701871175,0.14256115574913075,,False
196,391,4,DREADD/CNO__r7__sNA | CONTROL/MEDIA__r8__sNA | LMO7/hCTZ__r1__sNA | PSAM/uPSEM__r9__sNA,DREADD_CNO | EYFP_Control_Media | LMO7_hCTZ | PSAM_uPSEM,0.04884537561750655,0.14286336001344901,,False
197,354,6,DREADD/CNO__r6__sNA | CONTROL/MEDIA__r1__sNA | CONTROL/MEDIA__r9__sNA | LMO7/hCTZ__r1__sNA | PSAM/uPSEM__r2__sNA | PSAM/uPSEM__r9__sNA,DREADD_CNO | EYFP_Control_Media | EYFP_Control_Media | LMO7_hCTZ | PSAM_uPSEM | PSAM_uPSEM,0.04580058306740291,0.1458471690080232,,False
198,151,5,PSAM/uPSEM__r2__sNA | PSAM/uPSEM__r3__sNA | PSAM/uPSEM__r9__sNA | PSAM/uPSEM__r10__sNA | PSAM/uPSEM__r12__sNA,PSAM_uPSEM | PSAM_uPSEM | PSAM_uPSEM | PSAM_uPSEM | PSAM_uPSEM,0.025318057144323926,0.1458552381144832,,False
199,312,5,DREADD/CNO__r11__sNA | CONTROL/MEDIA__r10__sNA | LMO7/hCTZ__r3__sNA | PSAM/uPSEM__r8__sNA | PSAM/uPSEM__r9__sNA,DREADD_CNO | EYFP_Control_Media | LMO7_hCTZ | PSAM_uPSEM | PSAM_uPSEM,0.04199752779109024,0.14599468769601764,,False
200,109,7,DREADD/CNO__r3__sNA | CONTROL/MEDIA__r3__sNA | LMO7/hCTZ__r6__sNA | PSAM/uPSEM__r1__sNA | PSAM/uPSEM__r2__sNA | PSAM/uPSEM__r4__sNA | PSAM/uPSEM__r9__sNA,DREADD_CNO | EYFP_Control_Media | LMO7_hCTZ | PSAM_uPSEM | PSAM_uPSEM | PSAM_uPSEM | PSAM_uPSEM,0.020585834681059338,0.1467113094451894,,False
201,166,4,CONTROL/MEDIA__r4__sNA | LMO7/hCTZ__r7__sNA | PSAM/uPSEM__r2__sNA | PSAM/uPSEM__r9__sNA,EYFP_Control_Media | LMO7_hCTZ | PSAM_uPSEM | PSAM_uPSEM,0.026019871814093345,0.14812210639519574,,False
202,191,3,CONTROL/MEDIA__r8__sNA | LMO7/hCTZ__r3__sNA | PSAM/uPSEM__r9__sNA,EYFP_Control_Media | LMO7_hCTZ | PSAM_uPSEM,0.028611705366375646,0.14817748287581312,,False
203,36,7,CONTROL/MEDIA__r8__sNA | LMO7/hCTZ__r2__sNA | LMO7/hCTZ__r8__sNA | PSAM/uPSEM__r2__sNA | PSAM/uPSEM__r5__sNA | PSAM/uPSEM__r9__sNA | PSAM/uPSEM__r12__sNA,EYFP_Control_Media | LMO7_hCTZ | LMO7_hCTZ | PSAM_uPSEM | PSAM_uPSEM | PSAM_uPSEM | PSAM_uPSEM,0.012346547741843947,0.14818187289363782,,False
204,24,8,DREADD/CNO__r3__sNA | DREADD/CNO__r9__sNA | CONTROL/MEDIA__r2__sNA | CONTROL/MEDIA__r7__sNA | CONTROL/MEDIA__r8__sNA | PSAM/uPSEM__r2__sNA | PSAM/uPSEM__r9__sNA | PSAM/uPSEM__r11__sNA,DREADD_CNO | DREADD_CNO | EYFP_Control_Media | EYFP_Control_Media | EYFP_Control_Media | PSAM_uPSEM | PSAM_uPSEM | PSAM_uPSEM,0.010433663429008413,0.14858930567182937,,False
205,221,7,CONTROL/MEDIA__r1__sNA | CONTROL/MEDIA__r8__sNA | LMO7/hCTZ__r9__sNA | PSAM/uPSEM__r1__sNA | PSAM/uPSEM__r2__sNA | PSAM/uPSEM__r7__sNA | PSAM/uPSEM__r9__sNA,EYFP_Control_Media | EYFP_Control_Media | LMO7_hCTZ | PSAM_uPSEM | PSAM_uPSEM | PSAM_uPSEM | PSAM_uPSEM,0.03241994941428545,0.15029461294659352,,False
206,379,7,DREADD/CNO__r11__sNA | CONTROL/MEDIA__r5__sNA | CONTROL/MEDIA__r6__sNA | CONTROL/MEDIA__r10__sNA | LMO7/hCTZ__r3__sNA | LMO7/hCTZ__r8__sNA | PSAM/uPSEM__r2__sNA,DREADD_CNO | EYFP_Control_Media | EYFP_Control_Media | EYFP_Control_Media | LMO7_hCTZ | LMO7_hCTZ | PSAM_uPSEM,0.0477434183746698,0.1529734197992988,,False
207,173,8,DREADD/CNO__r3__sNA | DREADD/CNO__r8__sNA | DREADD/CNO__r10__sNA | DREADD/CNO__r11__sNA | CONTROL/MEDIA__r3__sNA | PSAM/uPSEM__r2__sNA | PSAM/uPSEM__r9__sNA | PSAM/uPSEM__r10__sNA,DREADD_CNO | DREADD_CNO | DREADD_CNO | DREADD_CNO | EYFP_Control_Media | PSAM_uPSEM | PSAM_uPSEM | PSAM_uPSEM,0.02698898065511534,0.15310060308873852,,False
208,103,7,DREADD/CNO__r3__sNA | DREADD/CNO__r9__sNA | CONTROL/MEDIA__r9__sNA | LMO7/hCTZ__r2__sNA | PSAM/uPSEM__r2__sNA | PSAM/uPSEM__r9__sNA | PSAM/uPSEM__r10__sNA,DREADD_CNO | DREADD_CNO | EYFP_Control_Media | LMO7_hCTZ | PSAM_uPSEM | PSAM_uPSEM | PSAM_uPSEM,0.019754946957051857,0.15494497564319265,,False
209,94,7,DREADD/CNO__r3__sNA | DREADD/CNO__r11__sNA | CONTROL/MEDIA__r3__sNA | LMO7/hCTZ__r2__sNA | PSAM/uPSEM__r2__sNA | PSAM/uPSEM__r4__sNA | PSAM/uPSEM__r9__sNA,DREADD_CNO | DREADD_CNO | EYFP_Control_Media | LMO7_hCTZ | PSAM_uPSEM | PSAM_uPSEM | PSAM_uPSEM,0.01855758540217384,0.15535363889301412,,False
210,346,8,DREADD/CNO__r3__sNA | DREADD/CNO__r9__sNA | DREADD/CNO__r11__sNA | CONTROL/MEDIA__r9__sNA | CONTROL/MEDIA__r10__sNA | CONTROL/MEDIA__r11__sNA | LMO7/hCTZ__r7__sNA | PSAM/uPSEM__r9__sNA,DREADD_CNO | DREADD_CNO | DREADD_CNO | EYFP_Control_Media | EYFP_Control_Media | EYFP_Control_Media | LMO7_hCTZ | PSAM_uPSEM,0.044791230796039395,0.15561363313608534,,False
211,118,5,CONTROL/MEDIA__r8__sNA | LMO7/hCTZ__r1__sNA | PSAM/uPSEM__r2__sNA | PSAM/uPSEM__r5__sNA | PSAM/uPSEM__r9__sNA,EYFP_Control_Media | LMO7_hCTZ | PSAM_uPSEM | PSAM_uPSEM | PSAM_uPSEM,0.021745597535318736,0.1557301582663314,,False
212,153,6,DREADD/CNO__r9__sNA | CONTROL/MEDIA__r10__sNA | LMO7/hCTZ__r2__sNA | PSAM/uPSEM__r2__sNA | PSAM/uPSEM__r9__sNA | PSAM/uPSEM__r10__sNA,DREADD_CNO | EYFP_Control_Media | LMO7_hCTZ | PSAM_uPSEM | PSAM_uPSEM | PSAM_uPSEM,0.0253756872902374,0.1559662193197976,,False
213,77,7,DREADD/CNO__r5__sNA | DREADD/CNO__r7__sNA | DREADD/CNO__r10__sNA | DREADD/CNO__r11__sNA | LMO7/hCTZ__r3__sNA | PSAM/uPSEM__r9__sNA | PSAM/uPSEM__r12__sNA,DREADD_CNO | DREADD_CNO | DREADD_CNO | DREADD_CNO | LMO7_hCTZ | PSAM_uPSEM | PSAM_uPSEM,0.017102724433988418,0.15641564869086866,,False
214,12,8,DREADD/CNO__r3__sNA | DREADD/CNO__r5__sNA | DREADD/CNO__r7__sNA | CONTROL/MEDIA__r4__sNA | CONTROL/MEDIA__r11__sNA | PSAM/uPSEM__r2__sNA | PSAM/uPSEM__r9__sNA | PSAM/uPSEM__r10__sNA,DREADD_CNO | DREADD_CNO | DREADD_CNO | EYFP_Control_Media | EYFP_Control_Media | PSAM_uPSEM | PSAM_uPSEM | PSAM_uPSEM,0.006780530957906205,0.15649883110500395,,False
215,385,6,DREADD/CNO__r9__sNA | DREADD/CNO__r10__sNA | DREADD/CNO__r11__sNA | CONTROL/MEDIA__r10__sNA | LMO7/hCTZ__r3__sNA | PSAM/uPSEM__r2__sNA,DREADD_CNO | DREADD_CNO | DREADD_CNO | EYFP_Control_Media | LMO7_hCTZ | PSAM_uPSEM,0.048114995344305196,0.1566993593264211,,False
216,348,8,DREADD/CNO__r2__sNA | DREADD/CNO__r5__sNA | CONTROL/MEDIA__r10__sNA | LMO7/hCTZ__r3__sNA | LMO7/hCTZ__r8__sNA | PSAM/uPSEM__r7__sNA | PSAM/uPSEM__r9__sNA | PSAM/uPSEM__r12__sNA,DREADD_CNO | DREADD_CNO | EYFP_Control_Media | LMO7_hCTZ | LMO7_hCTZ | PSAM_uPSEM | PSAM_uPSEM | PSAM_uPSEM,0.044975812573264023,0.15674641381871912,,False
217,140,8,DREADD/CNO__r3__sNA | DREADD/CNO__r5__sNA | DREADD/CNO__r11__sNA | CONTROL/MEDIA__r3__sNA | CONTROL/MEDIA__r4__sNA | CONTROL/MEDIA__r8__sNA | LMO7/hCTZ__r8__sNA | PSAM/uPSEM__r9__sNA,DREADD_CNO | DREADD_CNO | DREADD_CNO | EYFP_Control_Media | EYFP_Control_Media | EYFP_Control_Media | LMO7_hCTZ | PSAM_uPSEM,0.02437727080885859,0.15692815208803146,,False
218,42,7,DREADD/CNO__r5__sNA | CONTROL/MEDIA__r4__sNA | CONTROL/MEDIA__r10__sNA | LMO7/hCTZ__r4__sNA | LMO7/hCTZ__r7__sNA | PSAM/uPSEM__r2__sNA | PSAM/uPSEM__r9__sNA,DREADD_CNO | EYFP_Control_Media | EYFP_Control_Media | LMO7_hCTZ | LMO7_hCTZ | PSAM_uPSEM | PSAM_uPSEM,0.013208998885432213,0.15717144653014414,,False
219,232,7,DREADD/CNO__r7__sNA | CONTROL/MEDIA__r3__sNA | LMO7/hCTZ__r4__sNA | PSAM/uPSEM__r1__sNA | PSAM/uPSEM__r2__sNA | PSAM/uPSEM__r4__sNA | PSAM/uPSEM__r9__sNA,DREADD_CNO | EYFP_Control_Media | LMO7_hCTZ | PSAM_uPSEM | PSAM_uPSEM | PSAM_uPSEM | PSAM_uPSEM,0.033490226829793926,0.15960315490151988,,False
220,175,7,DREADD/CNO__r6__sNA | CONTROL/MEDIA__r5__sNA | CONTROL/MEDIA__r8__sNA | LMO7/hCTZ__r4__sNA | LMO7/hCTZ__r6__sNA | PSAM/uPSEM__r2__sNA | PSAM/uPSEM__r9__sNA,DREADD_CNO | EYFP_Control_Media | EYFP_Control_Media | LMO7_hCTZ | LMO7_hCTZ | PSAM_uPSEM | PSAM_uPSEM,0.027428377680285075,0.1602921977791525,,False
221,199,8,DREADD/CNO__r9__sNA | DREADD/CNO__r11__sNA | CONTROL/MEDIA__r1__sNA | CONTROL/MEDIA__r8__sNA | LMO7/hCTZ__r1__sNA | PSAM/uPSEM__r2__sNA | PSAM/uPSEM__r9__sNA | PSAM/uPSEM__r10__sNA,DREADD_CNO | DREADD_CNO | EYFP_Control_Media | EYFP_Control_Media | LMO7_hCTZ | PSAM_uPSEM | PSAM_uPSEM | PSAM_uPSEM,0.02927915785510015,0.16133718697051147,,False
222,334,8,CONTROL/MEDIA__r3__sNA | CONTROL/MEDIA__r6__sNA | CONTROL/MEDIA__r8__sNA | CONTROL/MEDIA__r10__sNA | LMO7/hCTZ__r4__sNA | LMO7/hCTZ__r8__sNA | PSAM/uPSEM__r2__sNA | PSAM/uPSEM__r12__sNA,EYFP_Control_Media | EYFP_Control_Media | EYFP_Control_Media | EYFP_Control_Media | LMO7_hCTZ | LMO7_hCTZ | PSAM_uPSEM | PSAM_uPSEM,0.044019860439950036,0.1616445575109231,,False
223,80,8,DREADD/CNO__r5__sNA | DREADD/CNO__r7__sNA | CONTROL/MEDIA__r1__sNA | CONTROL/MEDIA__r9__sNA | LMO7/hCTZ__r7__sNA | PSAM/uPSEM__r1__sNA | PSAM/uPSEM__r2__sNA | PSAM/uPSEM__r9__sNA,DREADD_CNO | DREADD_CNO | EYFP_Control_Media | EYFP_Control_Media | LMO7_hCTZ | PSAM_uPSEM | PSAM_uPSEM | PSAM_uPSEM,0.017509504216647646,0.16174090290070398,,False
224,326,5,CONTROL/MEDIA__r1__sNA | CONTROL/MEDIA__r10__sNA | PSAM/uPSEM__r1__sNA | PSAM/uPSEM__r9__sNA | PSAM/uPSEM__r12__sNA,EYFP_Control_Media | EYFP_Control_Media | PSAM_uPSEM | PSAM_uPSEM | PSAM_uPSEM,0.04297769481191651,0.16252568485449603,,False
225,257,6,DREADD/CNO__r10__sNA | CONTROL/MEDIA__r6__sNA | LMO7/hCTZ__r1__sNA | PSAM/uPSEM__r2__sNA | PSAM/uPSEM__r8__sNA | PSAM/uPSEM__r9__sNA,DREADD_CNO | EYFP_Control_Media | LMO7_hCTZ | PSAM_uPSEM | PSAM_uPSEM | PSAM_uPSEM,0.03633355573211966,0.1626470378382694,,False
226,332,8,DREADD/CNO__r1__sNA | DREADD/CNO__r3__sNA | DREADD/CNO__r6__sNA | DREADD/CNO__r7__sNA | LMO7/hCTZ__r2__sNA | LMO7/hCTZ__r8__sNA | PSAM/uPSEM__r2__sNA | PSAM/uPSEM__r9__sNA,DREADD_CNO | DREADD_CNO | DREADD_CNO | DREADD_CNO | LMO7_hCTZ | LMO7_hCTZ | PSAM_uPSEM | PSAM_uPSEM,0.04388318301757421,0.16413422158697633,,False
227,328,8,DREADD/CNO__r3__sNA | CONTROL/MEDIA__r6__sNA | CONTROL/MEDIA__r8__sNA | LMO7/hCTZ__r3__sNA | LMO7/hCTZ__r5__sNA | LMO7/hCTZ__r6__sNA | PSAM/uPSEM__r2__sNA | PSAM/uPSEM__r11__sNA,DREADD_CNO | EYFP_Control_Media | EYFP_Control_Media | LMO7_hCTZ | LMO7_hCTZ | LMO7_hCTZ | PSAM_uPSEM | PSAM_uPSEM,0.04319442044603868,0.16541808195768082,,False
228,162,5,DREADD/CNO__r3__sNA | DREADD/CNO__r5__sNA | CONTROL/MEDIA__r11__sNA | LMO7/hCTZ__r3__sNA | PSAM/uPSEM__r2__sNA,DREADD_CNO | DREADD_CNO | EYFP_Control_Media | LMO7_hCTZ | PSAM_uPSEM,0.025857346253430218,0.16563025204173043,,False
229,349,6,DREADD/CNO__r3__sNA | DREADD/CNO__r5__sNA | DREADD/CNO__r10__sNA | LMO7/hCTZ__r4__sNA | LMO7/hCTZ__r7__sNA | PSAM/uPSEM__r2__sNA,DREADD_CNO | DREADD_CNO | DREADD_CNO | LMO7_hCTZ | LMO7_hCTZ | PSAM_uPSEM,0.04508090490871822,0.16647596007774368,,False
230,372,5,DREADD/CNO__r3__sNA | DREADD/CNO__r11__sNA | CONTROL/MEDIA__r5__sNA | LMO7/hCTZ__r1__sNA | PSAM/uPSEM__r9__sNA,DREADD_CNO | DREADD_CNO | EYFP_Control_Media | LMO7_hCTZ | PSAM_uPSEM,0.046887703603716004,0.16683017520184695,,False
231,133,7,DREADD/CNO__r7__sNA | DREADD/CNO__r8__sNA | CONTROL/MEDIA__r10__sNA | LMO7/hCTZ__r4__sNA | LMO7/hCTZ__r7__sNA | PSAM/uPSEM__r2__sNA | PSAM/uPSEM__r9__sNA,DREADD_CNO | DREADD_CNO | EYFP_Control_Media | LMO7_hCTZ | LMO7_hCTZ | PSAM_uPSEM | PSAM_uPSEM,0.024038701474413324,0.1672328668371298,,False
232,161,5,CONTROL/MEDIA__r8__sNA | LMO7/hCTZ__r3__sNA | LMO7/hCTZ__r6__sNA | PSAM/uPSEM__r2__sNA | PSAM/uPSEM__r12__sNA,EYFP_Control_Media | LMO7_hCTZ | LMO7_hCTZ | PSAM_uPSEM | PSAM_uPSEM,0.025754289706451064,0.16728418207013362,,False
233,322,3,DREADD/CNO__r3__sNA | CONTROL/MEDIA__r5__sNA | PSAM/uPSEM__r9__sNA,DREADD_CNO | EYFP_Control_Media | PSAM_uPSEM,0.04286671061731303,0.167405117337877,,False
234,365,5,DREADD/CNO__r3__sNA | CONTROL/MEDIA__r6__sNA | CONTROL/MEDIA__r10__sNA | LMO7/hCTZ__r4__sNA | PSAM/uPSEM__r2__sNA,DREADD_CNO | EYFP_Control_Media | EYFP_Control_Media | LMO7_hCTZ | PSAM_uPSEM,0.046315541822127555,0.16747562520059855,,False
235,268,8,DREADD/CNO__r3__sNA | DREADD/CNO__r5__sNA | DREADD/CNO__r7__sNA | DREADD/CNO__r8__sNA | DREADD/CNO__r9__sNA | CONTROL/MEDIA__r5__sNA | CONTROL/MEDIA__r6__sNA | PSAM/uPSEM__r9__sNA,DREADD_CNO | DREADD_CNO | DREADD_CNO | DREADD_CNO | DREADD_CNO | EYFP_Control_Media | EYFP_Control_Media | PSAM_uPSEM,0.03711091143493683,0.16825837136492172,,False
236,342,7,DREADD/CNO__r1__sNA | DREADD/CNO__r4__sNA | CONTROL/MEDIA__r1__sNA | CONTROL/MEDIA__r6__sNA | CONTROL/MEDIA__r11__sNA | PSAM/uPSEM__r2__sNA | PSAM/uPSEM__r9__sNA,DREADD_CNO | DREADD_CNO | EYFP_Control_Media | EYFP_Control_Media | EYFP_Control_Media | PSAM_uPSEM | PSAM_uPSEM,0.04429071984168537,0.16964185034864077,,False
237,306,6,CONTROL/MEDIA__r4__sNA | LMO7/hCTZ__r6__sNA | PSAM/uPSEM__r1__sNA | PSAM/uPSEM__r2__sNA | PSAM/uPSEM__r8__sNA | PSAM/uPSEM__r9__sNA,EYFP_Control_Media | LMO7_hCTZ | PSAM_uPSEM | PSAM_uPSEM | PSAM_uPSEM | PSAM_uPSEM,0.04120388912250565,0.1702291221094252,,False
238,269,7,DREADD/CNO__r4__sNA | CONTROL/MEDIA__r6__sNA | LMO7/hCTZ__r4__sNA | LMO7/hCTZ__r8__sNA | PSAM/uPSEM__r2__sNA | PSAM/uPSEM__r5__sNA | PSAM/uPSEM__r9__sNA,DREADD_CNO | EYFP_Control_Media | LMO7_hCTZ | LMO7_hCTZ | PSAM_uPSEM | PSAM_uPSEM | PSAM_uPSEM,0.03715756168253934,0.17125601289538983,,False
239,99,7,DREADD/CNO__r12__sNA | LMO7/hCTZ__r3__sNA | LMO7/hCTZ__r5__sNA | LMO7/hCTZ__r6__sNA | PSAM/uPSEM__r1__sNA | PSAM/uPSEM__r2__sNA | PSAM/uPSEM__r9__sNA,DREADD_CNO | LMO7_hCTZ | LMO7_hCTZ | LMO7_hCTZ | PSAM_uPSEM | PSAM_uPSEM | PSAM_uPSEM,0.019264960290118042,0.17210202994882828,,False
240,402,8,DREADD/CNO__r11__sNA | CONTROL/MEDIA__r8__sNA | LMO7/hCTZ__r7__sNA | LMO7/hCTZ__r9__sNA | PSAM/uPSEM__r2__sNA | PSAM/uPSEM__r3__sNA | PSAM/uPSEM__r6__sNA | PSAM/uPSEM__r9__sNA,DREADD_CNO | EYFP_Control_Media | LMO7_hCTZ | LMO7_hCTZ | PSAM_uPSEM | PSAM_uPSEM | PSAM_uPSEM | PSAM_uPSEM,0.04975301956468506,0.1726202354070384,,False
241,197,7,DREADD/CNO__r3__sNA | DREADD/CNO__r5__sNA | CONTROL/MEDIA__r1__sNA | LMO7/hCTZ__r3__sNA | LMO7/hCTZ__r5__sNA | LMO7/hCTZ__r6__sNA | PSAM/uPSEM__r2__sNA,DREADD_CNO | DREADD_CNO | EYFP_Control_Media | LMO7_hCTZ | LMO7_hCTZ | LMO7_hCTZ | PSAM_uPSEM,0.02917353411266176,0.17280160923463384,,False
242,139,8,DREADD/CNO__r4__sNA | DREADD/CNO__r5__sNA | DREADD/CNO__r10__sNA | CONTROL/MEDIA__r6__sNA | LMO7/hCTZ__r2__sNA | PSAM/uPSEM__r2__sNA | PSAM/uPSEM__r5__sNA | PSAM/uPSEM__r9__sNA,DREADD_CNO | DREADD_CNO | DREADD_CNO | EYFP_Control_Media | LMO7_hCTZ | PSAM_uPSEM | PSAM_uPSEM | PSAM_uPSEM,0.02437576405192224,0.17304674740498727,,False
243,355,5,CONTROL/MEDIA__r10__sNA | CONTROL/MEDIA__r11__sNA | LMO7/hCTZ__r4__sNA | PSAM/uPSEM__r9__sNA | PSAM/uPSEM__r12__sNA,EYFP_Control_Media | EYFP_Control_Media | LMO7_hCTZ | PSAM_uPSEM | PSAM_uPSEM,0.04580796857839736,0.1730519034376028,,False
244,362,5,DREADD/CNO__r9__sNA | CONTROL/MEDIA__r10__sNA | LMO7/hCTZ__r3__sNA | LMO7/hCTZ__r7__sNA | PSAM/uPSEM__r2__sNA,DREADD_CNO | EYFP_Control_Media | LMO7_hCTZ | LMO7_hCTZ | PSAM_uPSEM,0.04614050718052684,0.17324605626608414,,False
245,176,7,DREADD/CNO__r5__sNA | DREADD/CNO__r10__sNA | CONTROL/MEDIA__r9__sNA | LMO7/hCTZ__r6__sNA | PSAM/uPSEM__r2__sNA | PSAM/uPSEM__r8__sNA | PSAM/uPSEM__r9__sNA,DREADD_CNO | DREADD_CNO | EYFP_Control_Media | LMO7_hCTZ | PSAM_uPSEM | PSAM_uPSEM | PSAM_uPSEM,0.027437640282382516,0.17345629103562743,,False
246,244,6,DREADD/CNO__r3__sNA | CONTROL/MEDIA__r1__sNA | CONTROL/MEDIA__r5__sNA | PSAM/uPSEM__r1__sNA | PSAM/uPSEM__r9__sNA | PSAM/uPSEM__r12__sNA,DREADD_CNO | EYFP_Control_Media | EYFP_Control_Media | PSAM_uPSEM | PSAM_uPSEM | PSAM_uPSEM,0.0349225250446392,0.17407670351909432,,False
247,47,7,DREADD/CNO__r3__sNA | DREADD/CNO__r5__sNA | DREADD/CNO__r7__sNA | DREADD/CNO__r11__sNA | CONTROL/MEDIA__r2__sNA | LMO7/hCTZ__r8__sNA | PSAM/uPSEM__r9__sNA,DREADD_CNO | DREADD_CNO | DREADD_CNO | DREADD_CNO | EYFP_Control_Media | LMO7_hCTZ | PSAM_uPSEM,0.013720536770675074,0.17529082555322995,,False
248,301,3,DREADD/CNO__r3__sNA | DREADD/CNO__r5__sNA | PSAM/uPSEM__r2__sNA,DREADD_CNO | DREADD_CNO | PSAM_uPSEM,0.040517385584026885,0.17530201103811538,,False
249,228,7,CONTROL/MEDIA__r1__sNA | CONTROL/MEDIA__r6__sNA | CONTROL/MEDIA__r11__sNA | LMO7/hCTZ__r8__sNA | LMO7/hCTZ__r9__sNA | PSAM/uPSEM__r2__sNA | PSAM/uPSEM__r9__sNA,EYFP_Control_Media | EYFP_Control_Media | EYFP_Control_Media | LMO7_hCTZ | LMO7_hCTZ | PSAM_uPSEM | PSAM_uPSEM,0.03319086454366849,0.17598389052420027,,False
250,68,7,DREADD/CNO__r5__sNA | CONTROL/MEDIA__r6__sNA | CONTROL/MEDIA__r10__sNA | LMO7/hCTZ__r6__sNA | PSAM/uPSEM__r2__sNA | PSAM/uPSEM__r8__sNA | PSAM/uPSEM__r9__sNA,DREADD_CNO | EYFP_Control_Media | EYFP_Control_Media | LMO7_hCTZ | PSAM_uPSEM | PSAM_uPSEM | PSAM_uPSEM,0.015797166376455736,0.17640271531181495,,False
251,16,8,CONTROL/MEDIA__r9__sNA | CONTROL/MEDIA__r10__sNA | LMO7/hCTZ__r3__sNA | PSAM/uPSEM__r2__sNA | PSAM/uPSEM__r6__sNA | PSAM/uPSEM__r7__sNA | PSAM/uPSEM__r9__sNA | PSAM/uPSEM__r12__sNA,EYFP_Control_Media | EYFP_Control_Media | LMO7_hCTZ | PSAM_uPSEM | PSAM_uPSEM | PSAM_uPSEM | PSAM_uPSEM | PSAM_uPSEM,0.00873009396731755,0.17709643055265945,,False
252,143,3,PSAM/uPSEM__r1__sNA | PSAM/uPSEM__r2__sNA | PSAM/uPSEM__r9__sNA,PSAM_uPSEM | PSAM_uPSEM | PSAM_uPSEM,0.024833019883862426,0.17823487338227895,,False
253,260,5,DREADD/CNO__r3__sNA | DREADD/CNO__r5__sNA | LMO7/hCTZ__r4__sNA | LMO7/hCTZ__r5__sNA | PSAM/uPSEM__r9__sNA,DREADD_CNO | DREADD_CNO | LMO7_hCTZ | LMO7_hCTZ | PSAM_uPSEM,0.03655346105790009,0.1783569330959578,,False
254,289,4,CONTROL/MEDIA__r9__sNA | PSAM/uPSEM__r2__sNA | PSAM/uPSEM__r9__sNA | PSAM/uPSEM__r11__sNA,EYFP_Control_Media | PSAM_uPSEM | PSAM_uPSEM | PSAM_uPSEM,0.03958120708647136,0.17923335051860345,,False
255,144,6,DREADD/CNO__r12__sNA | LMO7/hCTZ__r2__sNA | LMO7/hCTZ__r3__sNA | LMO7/hCTZ__r8__sNA | PSAM/uPSEM__r2__sNA | PSAM/uPSEM__r9__sNA,DREADD_CNO | LMO7_hCTZ | LMO7_hCTZ | LMO7_hCTZ | PSAM_uPSEM | PSAM_uPSEM,0.024834985039089173,0.17924082437318511,,False
256,72,8,DREADD/CNO__r2__sNA | CONTROL/MEDIA__r7__sNA | CONTROL/MEDIA__r11__sNA | LMO7/hCTZ__r3__sNA | PSAM/uPSEM__r2__sNA | PSAM/uPSEM__r9__sNA | PSAM/uPSEM__r11__sNA | PSAM/uPSEM__r12__sNA,DREADD_CNO | EYFP_Control_Media | EYFP_Control_Media | LMO7_hCTZ | PSAM_uPSEM | PSAM_uPSEM | PSAM_uPSEM | PSAM_uPSEM,0.01662295680293285,0.1796847538271844,,False
257,58,8,DREADD/CNO__r2__sNA | DREADD/CNO__r3__sNA | DREADD/CNO__r9__sNA | CONTROL/MEDIA__r1__sNA | CONTROL/MEDIA__r3__sNA | CONTROL/MEDIA__r8__sNA | PSAM/uPSEM__r2__sNA | PSAM/uPSEM__r9__sNA,DREADD_CNO | DREADD_CNO | DREADD_CNO | EYFP_Control_Media | EYFP_Control_Media | EYFP_Control_Media | PSAM_uPSEM | PSAM_uPSEM,0.014901157754631104,0.18007788606826036,,False
258,101,4,DREADD/CNO__r7__sNA | PSAM/uPSEM__r1__sNA | PSAM/uPSEM__r2__sNA | PSAM/uPSEM__r9__sNA,DREADD_CNO | PSAM_uPSEM | PSAM_uPSEM | PSAM_uPSEM,0.019462844717898053,0.18037648692311448,,False
259,134,8,DREADD/CNO__r1__sNA | CONTROL/MEDIA__r4__sNA | CONTROL/MEDIA__r5__sNA | CONTROL/MEDIA__r10__sNA | CONTROL/MEDIA__r11__sNA | LMO7/hCTZ__r1__sNA | PSAM/uPSEM__r2__sNA | PSAM/uPSEM__r9__sNA,DREADD_CNO | EYFP_Control_Media | EYFP_Control_Media | EYFP_Control_Media | EYFP_Control_Media | LMO7_hCTZ | PSAM_uPSEM | PSAM_uPSEM,0.024081433789289466,0.18117260399278445,,False
260,180,8,DREADD/CNO__r3__sNA | CONTROL/MEDIA__r2__sNA | CONTROL/MEDIA__r3__sNA | CONTROL/MEDIA__r6__sNA | CONTROL/MEDIA__r10__sNA | LMO7/hCTZ__r5__sNA | LMO7/hCTZ__r8__sNA | PSAM/uPSEM__r9__sNA,DREADD_CNO | EYFP_Control_Media | EYFP_Control_Media | EYFP_Control_Media | EYFP_Control_Media | LMO7_hCTZ | LMO7_hCTZ | PSAM_uPSEM,0.02754681838051458,0.18131428233077151,,False
261,225,7,DREADD/CNO__r7__sNA | DREADD/CNO__r12__sNA | CONTROL/MEDIA__r3__sNA | CONTROL/MEDIA__r7__sNA | LMO7/hCTZ__r4__sNA | PSAM/uPSEM__r2__sNA | PSAM/uPSEM__r9__sNA,DREADD_CNO | DREADD_CNO | EYFP_Control_Media | EYFP_Control_Media | LMO7_hCTZ | PSAM_uPSEM | PSAM_uPSEM,0.03308824369154756,0.18158524303770585,,False
262,170,7,CONTROL/MEDIA__r2__sNA | CONTROL/MEDIA__r4__sNA | CONTROL/MEDIA__r8__sNA | LMO7/hCTZ__r9__sNA | PSAM/uPSEM__r2__sNA | PSAM/uPSEM__r7__sNA | PSAM/uPSEM__r9__sNA,EYFP_Control_Media | EYFP_Control_Media | EYFP_Control_Media | LMO7_hCTZ | PSAM_uPSEM | PSAM_uPSEM | PSAM_uPSEM,0.026321089560042393,0.18237396531803562,,False
263,150,7,DREADD/CNO__r1__sNA | DREADD/CNO__r6__sNA | CONTROL/MEDIA__r8__sNA | LMO7/hCTZ__r2__sNA | PSAM/uPSEM__r2__sNA | PSAM/uPSEM__r9__sNA | PSAM/uPSEM__r12__sNA,DREADD_CNO | DREADD_CNO | EYFP_Control_Media | LMO7_hCTZ | PSAM_uPSEM | PSAM_uPSEM | PSAM_uPSEM,0.02529152240575954,0.18294127685270967,,False
264,360,8,DREADD/CNO__r5__sNA | DREADD/CNO__r6__sNA | DREADD/CNO__r8__sNA | CONTROL/MEDIA__r5__sNA | CONTROL/MEDIA__r8__sNA | CONTROL/MEDIA__r11__sNA | LMO7/hCTZ__r3__sNA | PSAM/uPSEM__r9__sNA,DREADD_CNO | DREADD_CNO | DREADD_CNO | EYFP_Control_Media | EYFP_Control_Media | EYFP_Control_Media | LMO7_hCTZ | PSAM_uPSEM,0.04599707231023195,0.18349587068160744,,False
265,381,6,DREADD/CNO__r11__sNA | CONTROL/MEDIA__r10__sNA | LMO7/hCTZ__r1__sNA | LMO7/hCTZ__r7__sNA | PSAM/uPSEM__r9__sNA | PSAM/uPSEM__r12__sNA,DREADD_CNO | EYFP_Control_Media | LMO7_hCTZ | LMO7_hCTZ | PSAM_uPSEM | PSAM_uPSEM,0.04775535224377839,0.18363284731433072,,False
266,251,7,DREADD/CNO__r5__sNA | DREADD/CNO__r9__sNA | CONTROL/MEDIA__r3__sNA | LMO7/hCTZ__r8__sNA | PSAM/uPSEM__r2__sNA | PSAM/uPSEM__r6__sNA | PSAM/uPSEM__r9__sNA,DREADD_CNO | DREADD_CNO | EYFP_Control_Media | LMO7_hCTZ | PSAM_uPSEM | PSAM_uPSEM | PSAM_uPSEM,0.035599631659428574,0.18463266520611576,,False
267,93,8,DREADD/CNO__r2__sNA | DREADD/CNO__r3__sNA | DREADD/CNO__r5__sNA | DREADD/CNO__r10__sNA | CONTROL/MEDIA__r11__sNA | LMO7/hCTZ__r3__sNA | PSAM/uPSEM__r9__sNA | PSAM/uPSEM__r12__sNA,DREADD_CNO | DREADD_CNO | DREADD_CNO | DREADD_CNO | EYFP_Control_Media | LMO7_hCTZ | PSAM_uPSEM | PSAM_uPSEM,0.018520454264421095,0.1846897683193497,,False
268,335,3,DREADD/CNO__r3__sNA | DREADD/CNO__r7__sNA | PSAM/uPSEM__r2__sNA,DREADD_CNO | DREADD_CNO | PSAM_uPSEM,0.04403917493766705,0.18639402554560525,,False
269,169,4,DREADD/CNO__r10__sNA | PSAM/uPSEM__r1__sNA | PSAM/uPSEM__r2__sNA | PSAM/uPSEM__r9__sNA,DREADD_CNO | PSAM_uPSEM | PSAM_uPSEM | PSAM_uPSEM,0.02624062668724383,0.1865164504573339,,False
270,70,3,DREADD/CNO__r5__sNA | PSAM/uPSEM__r2__sNA | PSAM/uPSEM__r9__sNA,DREADD_CNO | PSAM_uPSEM | PSAM_uPSEM,0.016188271947795953,0.1869402703061348,,False
271,174,4,DREADD/CNO__r11__sNA | PSAM/uPSEM__r1__sNA | PSAM/uPSEM__r2__sNA | PSAM/uPSEM__r9__sNA,DREADD_CNO | PSAM_uPSEM | PSAM_uPSEM | PSAM_uPSEM,0.02726336357806065,0.1870089545485969,,False
272,127,2,PSAM/uPSEM__r2__sNA | PSAM/uPSEM__r9__sNA,PSAM_uPSEM | PSAM_uPSEM,0.022739224939836385,0.18712685340565127,,False
273,220,8,DREADD/CNO__r2__sNA | DREADD/CNO__r3__sNA | CONTROL/MEDIA__r1__sNA | CONTROL/MEDIA__r9__sNA | LMO7/hCTZ__r6__sNA | PSAM/uPSEM__r2__sNA | PSAM/uPSEM__r8__sNA | PSAM/uPSEM__r9__sNA,DREADD_CNO | DREADD_CNO | EYFP_Control_Media | EYFP_Control_Media | LMO7_hCTZ | PSAM_uPSEM | PSAM_uPSEM | PSAM_uPSEM,0.032351796691615926,0.18747568995660713,,False
274,30,6,DREADD/CNO__r4__sNA | CONTROL/MEDIA__r5__sNA | LMO7/hCTZ__r5__sNA | PSAM/uPSEM__r2__sNA | PSAM/uPSEM__r9__sNA | PSAM/uPSEM__r12__sNA,DREADD_CNO | EYFP_Control_Media | LMO7_hCTZ | PSAM_uPSEM | PSAM_uPSEM | PSAM_uPSEM,0.011416850906845185,0.18760699590362273,,False
275,237,6,DREADD/CNO__r3__sNA | DREADD/CNO__r7__sNA | LMO7/hCTZ__r8__sNA | PSAM/uPSEM__r9__sNA | PSAM/uPSEM__r10__sNA | PSAM/uPSEM__r12__sNA,DREADD_CNO | DREADD_CNO | LMO7_hCTZ | PSAM_uPSEM | PSAM_uPSEM | PSAM_uPSEM,0.0339713066141419,0.18774600933454821,,False
276,285,6,DREADD/CNO__r3__sNA | DREADD/CNO__r10__sNA | CONTROL/MEDIA__r7__sNA | LMO7/hCTZ__r3__sNA | PSAM/uPSEM__r9__sNA | PSAM/uPSEM__r10__sNA,DREADD_CNO | DREADD_CNO | EYFP_Control_Media | LMO7_hCTZ | PSAM_uPSEM | PSAM_uPSEM,0.03914172910976894,0.18779559906484267,,False
277,304,6,DREADD/CNO__r10__sNA | CONTROL/MEDIA__r9__sNA | CONTROL/MEDIA__r11__sNA | PSAM/uPSEM__r2__sNA | PSAM/uPSEM__r4__sNA | PSAM/uPSEM__r9__sNA,DREADD_CNO | EYFP_Control_Media | EYFP_Control_Media | PSAM_uPSEM | PSAM_uPSEM | PSAM_uPSEM,0.040837704405844194,0.18878263522696526,,False
278,81,3,DREADD/CNO__r7__sNA | PSAM/uPSEM__r2__sNA | PSAM/uPSEM__r9__sNA,DREADD_CNO | PSAM_uPSEM | PSAM_uPSEM,0.01761928217204829,0.1891264148190741,,False
279,92,8,DREADD/CNO__r8__sNA | CONTROL/MEDIA__r10__sNA | LMO7/hCTZ__r3__sNA | LMO7/hCTZ__r5__sNA | LMO7/hCTZ__r8__sNA | PSAM/uPSEM__r2__sNA | PSAM/uPSEM__r8__sNA | PSAM/uPSEM__r9__sNA,DREADD_CNO | EYFP_Control_Media | LMO7_hCTZ | LMO7_hCTZ | LMO7_hCTZ | PSAM_uPSEM | PSAM_uPSEM | PSAM_uPSEM,0.018433222978679824,0.18916516781295312,,False
280,235,6,DREADD/CNO__r7__sNA | CONTROL/MEDIA__r9__sNA | LMO7/hCTZ__r6__sNA | PSAM/uPSEM__r2__sNA | PSAM/uPSEM__r6__sNA | PSAM/uPSEM__r9__sNA,DREADD_CNO | EYFP_Control_Media | LMO7_hCTZ | PSAM_uPSEM | PSAM_uPSEM | PSAM_uPSEM,0.033877681137532506,0.18937708889220128,,False
281,145,7,DREADD/CNO__r3__sNA | DREADD/CNO__r10__sNA | CONTROL/MEDIA__r2__sNA | CONTROL/MEDIA__r8__sNA | PSAM/uPSEM__r9__sNA | PSAM/uPSEM__r10__sNA | PSAM/uPSEM__r12__sNA,DREADD_CNO | DREADD_CNO | EYFP_Control_Media | EYFP_Control_Media | PSAM_uPSEM | PSAM_uPSEM | PSAM_uPSEM,0.024840697850653373,0.18938926353275953,,False
282,207,5,DREADD/CNO__r3__sNA | DREADD/CNO__r5__sNA | CONTROL/MEDIA__r5__sNA | CONTROL/MEDIA__r6__sNA | PSAM/uPSEM__r9__sNA,DREADD_CNO | DREADD_CNO | EYFP_Control_Media | EYFP_Control_Media | PSAM_uPSEM,0.030256993918920148,0.18946713634222945,,False
283,126,8,DREADD/CNO__r11__sNA | CONTROL/MEDIA__r1__sNA | CONTROL/MEDIA__r4__sNA | LMO7/hCTZ__r3__sNA | LMO7/hCTZ__r6__sNA | PSAM/uPSEM__r2__sNA | PSAM/uPSEM__r4__sNA | PSAM/uPSEM__r9__sNA,DREADD_CNO | EYFP_Control_Media | EYFP_Control_Media | LMO7_hCTZ | LMO7_hCTZ | PSAM_uPSEM | PSAM_uPSEM | PSAM_uPSEM,0.022559034426209844,0.19037605092166698,,False
284,79,7,DREADD/CNO__r4__sNA | DREADD/CNO__r10__sNA | CONTROL/MEDIA__r8__sNA | CONTROL/MEDIA__r9__sNA | LMO7/hCTZ__r2__sNA | PSAM/uPSEM__r2__sNA | PSAM/uPSEM__r9__sNA,DREADD_CNO | DREADD_CNO | EYFP_Control_Media | EYFP_Control_Media | LMO7_hCTZ | PSAM_uPSEM | PSAM_uPSEM,0.01715694038241953,0.19108648895526814,,False
285,359,5,DREADD/CNO__r3__sNA | DREADD/CNO__r4__sNA | CONTROL/MEDIA__r1__sNA | CONTROL/MEDIA__r7__sNA | PSAM/uPSEM__r9__sNA,DREADD_CNO | DREADD_CNO | EYFP_Control_Media | EYFP_Control_Media | PSAM_uPSEM,0.0459407985788505,0.1914259284320874,,False
286,178,4,DREADD/CNO__r2__sNA | DREADD/CNO__r5__sNA | PSAM/uPSEM__r2__sNA | PSAM/uPSEM__r9__sNA,DREADD_CNO | DREADD_CNO | PSAM_uPSEM | PSAM_uPSEM,0.027472616627881065,0.19273222130764944,,False
287,110,8,DREADD/CNO__r5__sNA | DREADD/CNO__r7__sNA | DREADD/CNO__r10__sNA | LMO7/hCTZ__r4__sNA | LMO7/hCTZ__r9__sNA | PSAM/uPSEM__r2__sNA | PSAM/uPSEM__r8__sNA | PSAM/uPSEM__r9__sNA,DREADD_CNO | DREADD_CNO | DREADD_CNO | LMO7_hCTZ | LMO7_hCTZ | PSAM_uPSEM | PSAM_uPSEM | PSAM_uPSEM,0.020728767272984065,0.1930256621434716,,False
288,352,4,DREADD/CNO__r1__sNA | LMO7/hCTZ__r5__sNA | PSAM/uPSEM__r2__sNA | PSAM/uPSEM__r9__sNA,DREADD_CNO | LMO7_hCTZ | PSAM_uPSEM | PSAM_uPSEM,0.045170726535256875,0.19428775248599073,,False
289,252,7,DREADD/CNO__r12__sNA | CONTROL/MEDIA__r7__sNA | LMO7/hCTZ__r4__sNA | PSAM/uPSEM__r2__sNA | PSAM/uPSEM__r6__sNA | PSAM/uPSEM__r9__sNA | PSAM/uPSEM__r12__sNA,DREADD_CNO | EYFP_Control_Media | LMO7_hCTZ | PSAM_uPSEM | PSAM_uPSEM | PSAM_uPSEM | PSAM_uPSEM,0.03563690627466247,0.194593117663743,,False
290,125,6,DREADD/CNO__r3__sNA | DREADD/CNO__r5__sNA | DREADD/CNO__r7__sNA | CONTROL/MEDIA__r9__sNA | CONTROL/MEDIA__r11__sNA | PSAM/uPSEM__r9__sNA,DREADD_CNO | DREADD_CNO | DREADD_CNO | EYFP_Control_Media | EYFP_Control_Media | PSAM_uPSEM,0.02244094987321847,0.19528291660289776,,False
291,147,3,DREADD/CNO__r11__sNA | PSAM/uPSEM__r2__sNA | PSAM/uPSEM__r9__sNA,DREADD_CNO | PSAM_uPSEM | PSAM_uPSEM,0.02498787136933747,0.19586762337462504,,False
292,345,5,DREADD/CNO__r1__sNA | DREADD/CNO__r4__sNA | LMO7/hCTZ__r4__sNA | PSAM/uPSEM__r2__sNA | PSAM/uPSEM__r9__sNA,DREADD_CNO | DREADD_CNO | LMO7_hCTZ | PSAM_uPSEM | PSAM_uPSEM,0.04455803526087884,0.19843471820169112,,False
293,229,7,DREADD/CNO__r2__sNA | CONTROL/MEDIA__r1__sNA | CONTROL/MEDIA__r10__sNA | LMO7/hCTZ__r1__sNA | PSAM/uPSEM__r2__sNA | PSAM/uPSEM__r9__sNA | PSAM/uPSEM__r10__sNA,DREADD_CNO | EYFP_Control_Media | EYFP_Control_Media | LMO7_hCTZ | PSAM_uPSEM | PSAM_uPSEM | PSAM_uPSEM,0.03323691716654789,0.20003000173711927,,False
294,309,4,DREADD/CNO__r8__sNA | LMO7/hCTZ__r7__sNA | PSAM/uPSEM__r2__sNA | PSAM/uPSEM__r9__sNA,DREADD_CNO | LMO7_hCTZ | PSAM_uPSEM | PSAM_uPSEM,0.04148600219977413,0.20058667112855622,,False
295,52,6,DREADD/CNO__r4__sNA | CONTROL/MEDIA__r6__sNA | CONTROL/MEDIA__r10__sNA | LMO7/hCTZ__r6__sNA | PSAM/uPSEM__r2__sNA | PSAM/uPSEM__r9__sNA,DREADD_CNO | EYFP_Control_Media | EYFP_Control_Media | LMO7_hCTZ | PSAM_uPSEM | PSAM_uPSEM,0.014179169916031879,0.2025811841090971,,False
296,400,5,DREADD/CNO__r7__sNA | DREADD/CNO__r10__sNA | CONTROL/MEDIA__r5__sNA | LMO7/hCTZ__r3__sNA | PSAM/uPSEM__r2__sNA,DREADD_CNO | DREADD_CNO | EYFP_Control_Media | LMO7_hCTZ | PSAM_uPSEM,0.049605716738957,0.203658261951582,,False
297,376,5,DREADD/CNO__r1__sNA | LMO7/hCTZ__r6__sNA | LMO7/hCTZ__r7__sNA | PSAM/uPSEM__r2__sNA | PSAM/uPSEM__r9__sNA,DREADD_CNO | LMO7_hCTZ | LMO7_hCTZ | PSAM_uPSEM | PSAM_uPSEM,0.04753561568438206,0.20476692318548229,,False
298,245,7,DREADD/CNO__r4__sNA | DREADD/CNO__r10__sNA | CONTROL/MEDIA__r8__sNA | CONTROL/MEDIA__r9__sNA | LMO7/hCTZ__r3__sNA | LMO7/hCTZ__r7__sNA | PSAM/uPSEM__r9__sNA,DREADD_CNO | DREADD_CNO | EYFP_Control_Media | EYFP_Control_Media | LMO7_hCTZ | LMO7_hCTZ | PSAM_uPSEM,0.03496687289201259,0.20519172199383284,,False
299,193,4,DREADD/CNO__r9__sNA | DREADD/CNO__r10__sNA | PSAM/uPSEM__r2__sNA | PSAM/uPSEM__r9__sNA,DREADD_CNO | DREADD_CNO | PSAM_uPSEM | PSAM_uPSEM,0.0287935049909983,0.205296227046607,,False
300,29,4,DREADD/CNO__r3__sNA | CONTROL/MEDIA__r1__sNA | PSAM/uPSEM__r2__sNA | PSAM/uPSEM__r9__sNA,DREADD_CNO | EYFP_Control_Media | PSAM_uPSEM | PSAM_uPSEM,0.011292697566588005,0.2079037413963094,,False
301,96,6,DREADD/CNO__r4__sNA | DREADD/CNO__r5__sNA | LMO7/hCTZ__r2__sNA | LMO7/hCTZ__r5__sNA | PSAM/uPSEM__r2__sNA | PSAM/uPSEM__r9__sNA,DREADD_CNO | DREADD_CNO | LMO7_hCTZ | LMO7_hCTZ | PSAM_uPSEM | PSAM_uPSEM,0.018781655549896605,0.20934649642907655,,False
302,239,5,DREADD/CNO__r9__sNA | LMO7/hCTZ__r2__sNA | LMO7/hCTZ__r4__sNA | PSAM/uPSEM__r2__sNA | PSAM/uPSEM__r9__sNA,DREADD_CNO | LMO7_hCTZ | LMO7_hCTZ | PSAM_uPSEM | PSAM_uPSEM,0.034454045857149236,0.20950131819849804,,False
303,273,8,DREADD/CNO__r3__sNA | DREADD/CNO__r5__sNA | DREADD/CNO__r8__sNA | CONTROL/MEDIA__r2__sNA | CONTROL/MEDIA__r8__sNA | LMO7/hCTZ__r1__sNA | LMO7/hCTZ__r9__sNA | PSAM/uPSEM__r9__sNA,DREADD_CNO | DREADD_CNO | DREADD_CNO | EYFP_Control_Media | EYFP_Control_Media | LMO7_hCTZ | LMO7_hCTZ | PSAM_uPSEM,0.03794984659612479,0.21009394836476147,,False
304,154,3,CONTROL/MEDIA__r11__sNA | PSAM/uPSEM__r2__sNA | PSAM/uPSEM__r9__sNA,EYFP_Control_Media | PSAM_uPSEM | PSAM_uPSEM,0.025451400251604857,0.21153044536090904,,False
305,279,6,DREADD/CNO__r9__sNA | CONTROL/MEDIA__r3__sNA | CONTROL/MEDIA__r7__sNA | CONTROL/MEDIA__r10__sNA | LMO7/hCTZ__r3__sNA | PSAM/uPSEM__r9__sNA,DREADD_CNO | EYFP_Control_Media | EYFP_Control_Media | EYFP_Control_Media | LMO7_hCTZ | PSAM_uPSEM,0.038693672247893884,0.21165852700195187,,False
306,63,6,DREADD/CNO__r3__sNA | DREADD/CNO__r4__sNA | DREADD/CNO__r12__sNA | CONTROL/MEDIA__r1__sNA | PSAM/uPSEM__r2__sNA | PSAM/uPSEM__r9__sNA,DREADD_CNO | DREADD_CNO | DREADD_CNO | EYFP_Control_Media | PSAM_uPSEM | PSAM_uPSEM,0.01530319221415188,0.21188716531473561,,False
307,73,4,DREADD/CNO__r3__sNA | PSAM/uPSEM__r2__sNA | PSAM/uPSEM__r3__sNA | PSAM/uPSEM__r9__sNA,DREADD_CNO | PSAM_uPSEM | PSAM_uPSEM | PSAM_uPSEM,0.016659772023712233,0.21240430579491754,,False
308,171,8,CONTROL/MEDIA__r6__sNA | CONTROL/MEDIA__r7__sNA | CONTROL/MEDIA__r10__sNA | CONTROL/MEDIA__r11__sNA | LMO7/hCTZ__r8__sNA | PSAM/uPSEM__r2__sNA | PSAM/uPSEM__r9__sNA | PSAM/uPSEM__r10__sNA,EYFP_Control_Media | EYFP_Control_Media | EYFP_Control_Media | EYFP_Control_Media | LMO7_hCTZ | PSAM_uPSEM | PSAM_uPSEM | PSAM_uPSEM,0.02646160668458816,0.21270092023306586,,False
309,117,6,DREADD/CNO__r2__sNA | DREADD/CNO__r3__sNA | CONTROL/MEDIA__r11__sNA | LMO7/hCTZ__r1__sNA | PSAM/uPSEM__r2__sNA | PSAM/uPSEM__r9__sNA,DREADD_CNO | DREADD_CNO | EYFP_Control_Media | LMO7_hCTZ | PSAM_uPSEM | PSAM_uPSEM,0.021613948907168744,0.21305171873816342,,False
310,56,5,DREADD/CNO__r10__sNA | CONTROL/MEDIA__r6__sNA | CONTROL/MEDIA__r10__sNA | PSAM/uPSEM__r2__sNA | PSAM/uPSEM__r9__sNA,DREADD_CNO | EYFP_Control_Media | EYFP_Control_Media | PSAM_uPSEM | PSAM_uPSEM,0.014682308740529825,0.2131826562847885,,False
311,32,7,CONTROL/MEDIA__r4__sNA | CONTROL/MEDIA__r10__sNA | LMO7/hCTZ__r7__sNA | PSAM/uPSEM__r2__sNA | PSAM/uPSEM__r4__sNA | PSAM/uPSEM__r9__sNA | PSAM/uPSEM__r12__sNA,EYFP_Control_Media | EYFP_Control_Media | LMO7_hCTZ | PSAM_uPSEM | PSAM_uPSEM | PSAM_uPSEM | PSAM_uPSEM,0.011602019761474848,0.21357594514925582,,False
312,380,4,CONTROL/MEDIA__r2__sNA | CONTROL/MEDIA__r11__sNA | LMO7/hCTZ__r3__sNA | PSAM/uPSEM__r9__sNA,EYFP_Control_Media | EYFP_Control_Media | LMO7_hCTZ | PSAM_uPSEM,0.04774369163677572,0.21487893026927218,,False
313,163,8,DREADD/CNO__r3__sNA | DREADD/CNO__r10__sNA | CONTROL/MEDIA__r1__sNA | LMO7/hCTZ__r2__sNA | LMO7/hCTZ__r3__sNA | PSAM/uPSEM__r1__sNA | PSAM/uPSEM__r9__sNA | PSAM/uPSEM__r12__sNA,DREADD_CNO | DREADD_CNO | EYFP_Control_Media | LMO7_hCTZ | LMO7_hCTZ | PSAM_uPSEM | PSAM_uPSEM | PSAM_uPSEM,0.025858937783719664,0.21505976398458804,,False
314,83,5,DREADD/CNO__r3__sNA | CONTROL/MEDIA__r1__sNA | LMO7/hCTZ__r3__sNA | PSAM/uPSEM__r9__sNA | PSAM/uPSEM__r12__sNA,DREADD_CNO | EYFP_Control_Media | LMO7_hCTZ | PSAM_uPSEM | PSAM_uPSEM,0.017662242566076743,0.21537280295710537,,False
315,122,6,CONTROL/MEDIA__r11__sNA | LMO7/hCTZ__r3__sNA | LMO7/hCTZ__r8__sNA | PSAM/uPSEM__r2__sNA | PSAM/uPSEM__r9__sNA | PSAM/uPSEM__r10__sNA,EYFP_Control_Media | LMO7_hCTZ | LMO7_hCTZ | PSAM_uPSEM | PSAM_uPSEM | PSAM_uPSEM,0.0220845708711427,0.2159319229139688,,False
316,392,8,DREADD/CNO__r2__sNA | CONTROL/MEDIA__r1__sNA | CONTROL/MEDIA__r8__sNA | LMO7/hCTZ__r2__sNA | LMO7/hCTZ__r9__sNA | PSAM/uPSEM__r2__sNA | PSAM/uPSEM__r5__sNA | PSAM/uPSEM__r9__sNA,DREADD_CNO | EYFP_Control_Media | EYFP_Control_Media | LMO7_hCTZ | LMO7_hCTZ | PSAM_uPSEM | PSAM_uPSEM | PSAM_uPSEM,0.04886271932678332,0.21725479103809453,,False
317,158,5,CONTROL/MEDIA__r5__sNA | CONTROL/MEDIA__r6__sNA | LMO7/hCTZ__r5__sNA | PSAM/uPSEM__r2__sNA | PSAM/uPSEM__r9__sNA,EYFP_Control_Media | EYFP_Control_Media | LMO7_hCTZ | PSAM_uPSEM | PSAM_uPSEM,0.02559132165152565,0.21821814835071007,,False
318,230,7,DREADD/CNO__r3__sNA | DREADD/CNO__r4__sNA | DREADD/CNO__r10__sNA | CONTROL/MEDIA__r2__sNA | PSAM/uPSEM__r6__sNA | PSAM/uPSEM__r9__sNA | PSAM/uPSEM__r12__sNA,DREADD_CNO | DREADD_CNO | DREADD_CNO | EYFP_Control_Media | PSAM_uPSEM | PSAM_uPSEM | PSAM_uPSEM,0.033303593792758344,0.219898019992518,,False
319,210,4,DREADD/CNO__r3__sNA | DREADD/CNO__r10__sNA | PSAM/uPSEM__r9__sNA | PSAM/uPSEM__r12__sNA,DREADD_CNO | DREADD_CNO | PSAM_uPSEM | PSAM_uPSEM,0.03046365091176397,0.22027685192810675,,False
320,184,4,DREADD/CNO__r11__sNA | CONTROL/MEDIA__r11__sNA | PSAM/uPSEM__r2__sNA | PSAM/uPSEM__r9__sNA,DREADD_CNO | EYFP_Control_Media | PSAM_uPSEM | PSAM_uPSEM,0.027980043400059412,0.22102564388765644,,False
321,141,8,DREADD/CNO__r3__sNA | DREADD/CNO__r12__sNA | CONTROL/MEDIA__r1__sNA | LMO7/hCTZ__r4__sNA | LMO7/hCTZ__r8__sNA | PSAM/uPSEM__r1__sNA | PSAM/uPSEM__r2__sNA | PSAM/uPSEM__r9__sNA,DREADD_CNO | DREADD_CNO | EYFP_Control_Media | LMO7_hCTZ | LMO7_hCTZ | PSAM_uPSEM | PSAM_uPSEM | PSAM_uPSEM,0.024494842211739854,0.22172315027490463,,False
322,111,5,DREADD/CNO__r5__sNA | CONTROL/MEDIA__r11__sNA | LMO7/hCTZ__r7__sNA | PSAM/uPSEM__r2__sNA | PSAM/uPSEM__r9__sNA,DREADD_CNO | EYFP_Control_Media | LMO7_hCTZ | PSAM_uPSEM | PSAM_uPSEM,0.02084008429662482,0.22266349362788496,,False
323,274,3,DREADD/CNO__r3__sNA | CONTROL/MEDIA__r2__sNA | PSAM/uPSEM__r9__sNA,DREADD_CNO | EYFP_Control_Media | PSAM_uPSEM,0.03815731568746794,0.2229340847207324,,False
324,97,8,DREADD/CNO__r4__sNA | CONTROL/MEDIA__r3__sNA | CONTROL/MEDIA__r10__sNA | LMO7/hCTZ__r1__sNA | LMO7/hCTZ__r5__sNA | LMO7/hCTZ__r7__sNA | PSAM/uPSEM__r2__sNA | PSAM/uPSEM__r9__sNA,DREADD_CNO | EYFP_Control_Media | EYFP_Control_Media | LMO7_hCTZ | LMO7_hCTZ | LMO7_hCTZ | PSAM_uPSEM | PSAM_uPSEM,0.019035014214730084,0.22329459748353409,,False
325,333,8,DREADD/CNO__r2__sNA | DREADD/CNO__r3__sNA | CONTROL/MEDIA__r2__sNA | LMO7/hCTZ__r1__sNA | LMO7/hCTZ__r3__sNA | LMO7/hCTZ__r5__sNA | LMO7/hCTZ__r8__sNA | PSAM/uPSEM__r9__sNA,DREADD_CNO | DREADD_CNO | EYFP_Control_Media | LMO7_hCTZ | LMO7_hCTZ | LMO7_hCTZ | LMO7_hCTZ | PSAM_uPSEM,0.04395684868656927,0.2238749865430384,,False
326,129,7,DREADD/CNO__r7__sNA | CONTROL/MEDIA__r5__sNA | LMO7/hCTZ__r6__sNA | LMO7/hCTZ__r7__sNA | PSAM/uPSEM__r1__sNA | PSAM/uPSEM__r2__sNA | PSAM/uPSEM__r9__sNA,DREADD_CNO | EYFP_Control_Media | LMO7_hCTZ | LMO7_hCTZ | PSAM_uPSEM | PSAM_uPSEM | PSAM_uPSEM,0.023030253602851228,0.22425783888417017,,False
327,284,5,DREADD/CNO__r2__sNA | DREADD/CNO__r4__sNA | CONTROL/MEDIA__r11__sNA | PSAM/uPSEM__r2__sNA | PSAM/uPSEM__r9__sNA,DREADD_CNO | DREADD_CNO | EYFP_Control_Media | PSAM_uPSEM | PSAM_uPSEM,0.03892812845562768,0.22432281461894543,,False
328,277,4,DREADD/CNO__r9__sNA | PSAM/uPSEM__r2__sNA | PSAM/uPSEM__r9__sNA | PSAM/uPSEM__r10__sNA,DREADD_CNO | PSAM_uPSEM | PSAM_uPSEM | PSAM_uPSEM,0.03836335582374003,0.2266617014583031,,False
329,253,8,DREADD/CNO__r2__sNA | DREADD/CNO__r9__sNA | CONTROL/MEDIA__r10__sNA | PSAM/uPSEM__r2__sNA | PSAM/uPSEM__r4__sNA | PSAM/uPSEM__r7__sNA | PSAM/uPSEM__r9__sNA | PSAM/uPSEM__r12__sNA,DREADD_CNO | DREADD_CNO | EYFP_Control_Media | PSAM_uPSEM | PSAM_uPSEM | PSAM_uPSEM | PSAM_uPSEM | PSAM_uPSEM,0.035715095747725516,0.22729701634637978,,False
330,67,7,DREADD/CNO__r1__sNA | DREADD/CNO__r9__sNA | CONTROL/MEDIA__r8__sNA | LMO7/hCTZ__r3__sNA | PSAM/uPSEM__r2__sNA | PSAM/uPSEM__r8__sNA | PSAM/uPSEM__r9__sNA,DREADD_CNO | DREADD_CNO | EYFP_Control_Media | LMO7_hCTZ | PSAM_uPSEM | PSAM_uPSEM | PSAM_uPSEM,0.015680874911765542,0.22733228222534096,,False
331,249,4,CONTROL/MEDIA__r4__sNA | CONTROL/MEDIA__r8__sNA | LMO7/hCTZ__r3__sNA | PSAM/uPSEM__r9__sNA,EYFP_Control_Media | EYFP_Control_Media | LMO7_hCTZ | PSAM_uPSEM,0.03519967057724815,0.2281370252461089,,False
332,254,3,DREADD/CNO__r3__sNA | LMO7/hCTZ__r3__sNA | PSAM/uPSEM__r2__sNA,DREADD_CNO | LMO7_hCTZ | PSAM_uPSEM,0.03596143998209559,0.22833229999887994,,False
333,403,3,DREADD/CNO__r3__sNA | CONTROL/MEDIA__r7__sNA | PSAM/uPSEM__r9__sNA,DREADD_CNO | EYFP_Control_Media | PSAM_uPSEM,0.04988942654982105,0.22833513930877103,,False
334,231,5,DREADD/CNO__r4__sNA | CONTROL/MEDIA__r5__sNA | PSAM/uPSEM__r2__sNA | PSAM/uPSEM__r9__sNA | PSAM/uPSEM__r11__sNA,DREADD_CNO | EYFP_Control_Media | PSAM_uPSEM | PSAM_uPSEM | PSAM_uPSEM,0.03344479304901217,0.22920029305109213,,False
335,317,5,CONTROL/MEDIA__r9__sNA | LMO7/hCTZ__r3__sNA | LMO7/hCTZ__r9__sNA | PSAM/uPSEM__r9__sNA | PSAM/uPSEM__r12__sNA,EYFP_Control_Media | LMO7_hCTZ | LMO7_hCTZ | PSAM_uPSEM | PSAM_uPSEM,0.04253536283838668,0.2307955553301495,,False
336,194,8,DREADD/CNO__r2__sNA | DREADD/CNO__r4__sNA | DREADD/CNO__r5__sNA | DREADD/CNO__r7__sNA | DREADD/CNO__r9__sNA | PSAM/uPSEM__r2__sNA | PSAM/uPSEM__r9__sNA | PSAM/uPSEM__r10__sNA,DREADD_CNO | DREADD_CNO | DREADD_CNO | DREADD_CNO | DREADD_CNO | PSAM_uPSEM | PSAM_uPSEM | PSAM_uPSEM,0.028798788765280633,0.23154626965880587,,False
337,357,4,DREADD/CNO__r7__sNA | CONTROL/MEDIA__r5__sNA | PSAM/uPSEM__r9__sNA | PSAM/uPSEM__r12__sNA,DREADD_CNO | EYFP_Control_Media | PSAM_uPSEM | PSAM_uPSEM,0.045887273434665234,0.23209698007133994,,False
338,330,5,CONTROL/MEDIA__r6__sNA | CONTROL/MEDIA__r7__sNA | CONTROL/MEDIA__r10__sNA | PSAM/uPSEM__r9__sNA | PSAM/uPSEM__r12__sNA,EYFP_Control_Media | EYFP_Control_Media | EYFP_Control_Media | PSAM_uPSEM | PSAM_uPSEM,0.04374174546271898,0.23230645907495928,,False
339,115,6,DREADD/CNO__r9__sNA | LMO7/hCTZ__r1__sNA | LMO7/hCTZ__r3__sNA | PSAM/uPSEM__r2__sNA | PSAM/uPSEM__r9__sNA | PSAM/uPSEM__r11__sNA,DREADD_CNO | LMO7_hCTZ | LMO7_hCTZ | PSAM_uPSEM | PSAM_uPSEM | PSAM_uPSEM,0.021481111849582884,0.2324686842817706,,False
340,250,5,DREADD/CNO__r4__sNA | DREADD/CNO__r9__sNA | PSAM/uPSEM__r2__sNA | PSAM/uPSEM__r9__sNA | PSAM/uPSEM__r10__sNA,DREADD_CNO | DREADD_CNO | PSAM_uPSEM | PSAM_uPSEM | PSAM_uPSEM,0.035426261819317316,0.23374929115294518,,False
341,177,7,DREADD/CNO__r7__sNA | CONTROL/MEDIA__r2__sNA | CONTROL/MEDIA__r10__sNA | PSAM/uPSEM__r2__sNA | PSAM/uPSEM__r3__sNA | PSAM/uPSEM__r7__sNA | PSAM/uPSEM__r9__sNA,DREADD_CNO | EYFP_Control_Media | EYFP_Control_Media | PSAM_uPSEM | PSAM_uPSEM | PSAM_uPSEM | PSAM_uPSEM,0.0274521851083733,0.23423883004296853,,False
342,179,6,CONTROL/MEDIA__r4__sNA | CONTROL/MEDIA__r8__sNA | LMO7/hCTZ__r9__sNA | PSAM/uPSEM__r2__sNA | PSAM/uPSEM__r5__sNA | PSAM/uPSEM__r9__sNA,EYFP_Control_Media | EYFP_Control_Media | LMO7_hCTZ | PSAM_uPSEM | PSAM_uPSEM | PSAM_uPSEM,0.027488428158647764,0.23482681038942665,,False
343,282,6,DREADD/CNO__r3__sNA | DREADD/CNO__r9__sNA | LMO7/hCTZ__r3__sNA | LMO7/hCTZ__r7__sNA | LMO7/hCTZ__r8__sNA | PSAM/uPSEM__r9__sNA,DREADD_CNO | DREADD_CNO | LMO7_hCTZ | LMO7_hCTZ | LMO7_hCTZ | PSAM_uPSEM,0.03877067033671537,0.23660386973364245,,False
344,71,8,DREADD/CNO__r4__sNA | DREADD/CNO__r9__sNA | CONTROL/MEDIA__r2__sNA | CONTROL/MEDIA__r10__sNA | CONTROL/MEDIA__r11__sNA | LMO7/hCTZ__r9__sNA | PSAM/uPSEM__r2__sNA | PSAM/uPSEM__r9__sNA,DREADD_CNO | DREADD_CNO | EYFP_Control_Media | EYFP_Control_Media | EYFP_Control_Media | LMO7_hCTZ | PSAM_uPSEM | PSAM_uPSEM,0.016282018797574526,0.23687827738537792,,False
345,102,8,DREADD/CNO__r12__sNA | CONTROL/MEDIA__r2__sNA | CONTROL/MEDIA__r5__sNA | CONTROL/MEDIA__r10__sNA | LMO7/hCTZ__r1__sNA | LMO7/hCTZ__r9__sNA | PSAM/uPSEM__r2__sNA | PSAM/uPSEM__r9__sNA,DREADD_CNO | EYFP_Control_Media | EYFP_Control_Media | EYFP_Control_Media | LMO7_hCTZ | LMO7_hCTZ | PSAM_uPSEM | PSAM_uPSEM,0.01963649720026281,0.237200719163984,,False
346,183,7,DREADD/CNO__r11__sNA | CONTROL/MEDIA__r6__sNA | CONTROL/MEDIA__r10__sNA | LMO7/hCTZ__r9__sNA | PSAM/uPSEM__r2__sNA | PSAM/uPSEM__r5__sNA | PSAM/uPSEM__r9__sNA,DREADD_CNO | EYFP_Control_Media | EYFP_Control_Media | LMO7_hCTZ | PSAM_uPSEM | PSAM_uPSEM | PSAM_uPSEM,0.027975910242648522,0.23863999867316754,,False
347,104,7,DREADD/CNO__r7__sNA | CONTROL/MEDIA__r2__sNA | CONTROL/MEDIA__r8__sNA | PSAM/uPSEM__r2__sNA | PSAM/uPSEM__r8__sNA | PSAM/uPSEM__r9__sNA | PSAM/uPSEM__r10__sNA,DREADD_CNO | EYFP_Control_Media | EYFP_Control_Media | PSAM_uPSEM | PSAM_uPSEM | PSAM_uPSEM | PSAM_uPSEM,0.01975567921365556,0.23949742809025998,,False
348,248,7,DREADD/CNO__r9__sNA | CONTROL/MEDIA__r3__sNA | CONTROL/MEDIA__r5__sNA | LMO7/hCTZ__r7__sNA | LMO7/hCTZ__r9__sNA | PSAM/uPSEM__r2__sNA | PSAM/uPSEM__r9__sNA,DREADD_CNO | EYFP_Control_Media | EYFP_Control_Media | LMO7_hCTZ | LMO7_hCTZ | PSAM_uPSEM | PSAM_uPSEM,0.035186971693470175,0.24084917737722222,,False
349,288,5,DREADD/CNO__r3__sNA | CONTROL/MEDIA__r1__sNA | LMO7/hCTZ__r3__sNA | LMO7/hCTZ__r6__sNA | PSAM/uPSEM__r2__sNA,DREADD_CNO | EYFP_Control_Media | LMO7_hCTZ | LMO7_hCTZ | PSAM_uPSEM,0.03956109075689896,0.2432604729003518,,False
350,331,5,CONTROL/MEDIA__r4__sNA | LMO7/hCTZ__r3__sNA | LMO7/hCTZ__r8__sNA | PSAM/uPSEM__r9__sNA | PSAM/uPSEM__r12__sNA,EYFP_Control_Media | LMO7_hCTZ | LMO7_hCTZ | PSAM_uPSEM | PSAM_uPSEM,0.04377901076467596,0.24454677750657416,,False
351,374,2,DREADD/CNO__r3__sNA | PSAM/uPSEM__r9__sNA,DREADD_CNO | PSAM_uPSEM,0.04738056693492384,0.24512859838303813,,False
352,131,4,CONTROL/MEDIA__r1__sNA | CONTROL/MEDIA__r5__sNA | PSAM/uPSEM__r2__sNA | PSAM/uPSEM__r9__sNA,EYFP_Control_Media | EYFP_Control_Media | PSAM_uPSEM | PSAM_uPSEM,0.023263109188577463,0.2451628584922778,,False
353,283,8,DREADD/CNO__r3__sNA | DREADD/CNO__r4__sNA | DREADD/CNO__r7__sNA | CONTROL/MEDIA__r3__sNA | LMO7/hCTZ__r7__sNA | LMO7/hCTZ__r8__sNA | PSAM/uPSEM__r1__sNA | PSAM/uPSEM__r9__sNA,DREADD_CNO | DREADD_CNO | DREADD_CNO | EYFP_Control_Media | LMO7_hCTZ | LMO7_hCTZ | PSAM_uPSEM | PSAM_uPSEM,0.03885847381365682,0.2452147336566476,,False
354,338,5,DREADD/CNO__r5__sNA | DREADD/CNO__r7__sNA | CONTROL/MEDIA__r2__sNA | LMO7/hCTZ__r9__sNA | PSAM/uPSEM__r9__sNA,DREADD_CNO | DREADD_CNO | EYFP_Control_Media | LMO7_hCTZ | PSAM_uPSEM,0.044186136882341964,0.24675442368017675,,False
355,172,7,CONTROL/MEDIA__r4__sNA | CONTROL/MEDIA__r8__sNA | LMO7/hCTZ__r1__sNA | PSAM/uPSEM__r1__sNA | PSAM/uPSEM__r2__sNA | PSAM/uPSEM__r8__sNA | PSAM/uPSEM__r9__sNA,EYFP_Control_Media | EYFP_Control_Media | LMO7_hCTZ | PSAM_uPSEM | PSAM_uPSEM | PSAM_uPSEM | PSAM_uPSEM,0.02660407775381797,0.24859479932972361,,False
356,361,5,DREADD/CNO__r3__sNA | DREADD/CNO__r12__sNA | CONTROL/MEDIA__r9__sNA | PSAM/uPSEM__r9__sNA | PSAM/uPSEM__r12__sNA,DREADD_CNO | DREADD_CNO | EYFP_Control_Media | PSAM_uPSEM | PSAM_uPSEM,0.046003678283272356,0.2490759279079725,,False
357,247,6,CONTROL/MEDIA__r1__sNA | LMO7/hCTZ__r7__sNA | LMO7/hCTZ__r8__sNA | LMO7/hCTZ__r9__sNA | PSAM/uPSEM__r2__sNA | PSAM/uPSEM__r9__sNA,EYFP_Control_Media | LMO7_hCTZ | LMO7_hCTZ | LMO7_hCTZ | PSAM_uPSEM | PSAM_uPSEM,0.035081473821046746,0.24960375705808635,,False
358,347,8,DREADD/CNO__r2__sNA | DREADD/CNO__r4__sNA | DREADD/CNO__r5__sNA | LMO7/hCTZ__r7__sNA | LMO7/hCTZ__r9__sNA | PSAM/uPSEM__r2__sNA | PSAM/uPSEM__r9__sNA | PSAM/uPSEM__r10__sNA,DREADD_CNO | DREADD_CNO | DREADD_CNO | LMO7_hCTZ | LMO7_hCTZ | PSAM_uPSEM | PSAM_uPSEM | PSAM_uPSEM,0.044906706144870086,0.25028268124662323,,False
359,206,4,DREADD/CNO__r7__sNA | PSAM/uPSEM__r2__sNA | PSAM/uPSEM__r6__sNA | PSAM/uPSEM__r9__sNA,DREADD_CNO | PSAM_uPSEM | PSAM_uPSEM | PSAM_uPSEM,0.030222592196292798,0.2503748671631384,,False
360,387,4,DREADD/CNO__r3__sNA | PSAM/uPSEM__r3__sNA | PSAM/uPSEM__r9__sNA | PSAM/uPSEM__r12__sNA,DREADD_CNO | PSAM_uPSEM | PSAM_uPSEM | PSAM_uPSEM,0.048517983788673745,0.2534045942074139,,False
361,138,8,DREADD/CNO__r4__sNA | DREADD/CNO__r6__sNA | CONTROL/MEDIA__r8__sNA | LMO7/hCTZ__r2__sNA | PSAM/uPSEM__r2__sNA | PSAM/uPSEM__r9__sNA | PSAM/uPSEM__r11__sNA | PSAM/uPSEM__r12__sNA,DREADD_CNO | DREADD_CNO | EYFP_Control_Media | LMO7_hCTZ | PSAM_uPSEM | PSAM_uPSEM | PSAM_uPSEM | PSAM_uPSEM,0.0243524917384791,0.25366495438920333,,False
362,286,5,DREADD/CNO__r3__sNA | DREADD/CNO__r9__sNA | LMO7/hCTZ__r2__sNA | PSAM/uPSEM__r9__sNA | PSAM/uPSEM__r12__sNA,DREADD_CNO | DREADD_CNO | LMO7_hCTZ | PSAM_uPSEM | PSAM_uPSEM,0.03929171552172169,0.254677619110958,,False
363,388,5,DREADD/CNO__r3__sNA | DREADD/CNO__r11__sNA | LMO7/hCTZ__r5__sNA | PSAM/uPSEM__r2__sNA | PSAM/uPSEM__r12__sNA,DREADD_CNO | DREADD_CNO | LMO7_hCTZ | PSAM_uPSEM | PSAM_uPSEM,0.04856838176224259,0.2546912181862101,,False
364,281,4,CONTROL/MEDIA__r11__sNA | PSAM/uPSEM__r2__sNA | PSAM/uPSEM__r4__sNA | PSAM/uPSEM__r9__sNA,EYFP_Control_Media | PSAM_uPSEM | PSAM_uPSEM | PSAM_uPSEM,0.038756330414842804,0.25488010545299866,,False
365,291,6,DREADD/CNO__r4__sNA | LMO7/hCTZ__r1__sNA | LMO7/hCTZ__r2__sNA | PSAM/uPSEM__r2__sNA | PSAM/uPSEM__r4__sNA | PSAM/uPSEM__r9__sNA,DREADD_CNO | LMO7_hCTZ | LMO7_hCTZ | PSAM_uPSEM | PSAM_uPSEM | PSAM_uPSEM,0.039760350839946994,0.2552138008164222,,False
366,397,4,CONTROL/MEDIA__r1__sNA | CONTROL/MEDIA__r5__sNA | LMO7/hCTZ__r3__sNA | PSAM/uPSEM__r9__sNA,EYFP_Control_Media | EYFP_Control_Media | LMO7_hCTZ | PSAM_uPSEM,0.049346134679906895,0.2557372491740626,,False
367,222,6,DREADD/CNO__r4__sNA | DREADD/CNO__r7__sNA | PSAM/uPSEM__r1__sNA | PSAM/uPSEM__r2__sNA | PSAM/uPSEM__r7__sNA | PSAM/uPSEM__r9__sNA,DREADD_CNO | DREADD_CNO | PSAM_uPSEM | PSAM_uPSEM | PSAM_uPSEM | PSAM_uPSEM,0.03278069851976911,0.2568387963173928,,False
368,316,3,DREADD/CNO__r3__sNA | PSAM/uPSEM__r2__sNA | PSAM/uPSEM__r12__sNA,DREADD_CNO | PSAM_uPSEM | PSAM_uPSEM,0.042535160299232364,0.25892055526342617,,False
369,314,5,DREADD/CNO__r12__sNA | CONTROL/MEDIA__r7__sNA | LMO7/hCTZ__r4__sNA | PSAM/uPSEM__r2__sNA | PSAM/uPSEM__r9__sNA,DREADD_CNO | EYFP_Control_Media | LMO7_hCTZ | PSAM_uPSEM | PSAM_uPSEM,0.04237008476257717,0.26072397218285714,,False
370,329,5,CONTROL/MEDIA__r6__sNA | CONTROL/MEDIA__r8__sNA | LMO7/hCTZ__r2__sNA | LMO7/hCTZ__r3__sNA | PSAM/uPSEM__r9__sNA,EYFP_Control_Media | EYFP_Control_Media | LMO7_hCTZ | LMO7_hCTZ | PSAM_uPSEM,0.043727428001664626,0.26124818714425224,,False
371,234,7,DREADD/CNO__r3__sNA | DREADD/CNO__r10__sNA | CONTROL/MEDIA__r5__sNA | CONTROL/MEDIA__r6__sNA | LMO7/hCTZ__r6__sNA | PSAM/uPSEM__r9__sNA | PSAM/uPSEM__r12__sNA,DREADD_CNO | DREADD_CNO | EYFP_Control_Media | EYFP_Control_Media | LMO7_hCTZ | PSAM_uPSEM | PSAM_uPSEM,0.03381894439566793,0.26254745847298633,,False
372,366,4,DREADD/CNO__r3__sNA | CONTROL/MEDIA__r1__sNA | PSAM/uPSEM__r2__sNA | PSAM/uPSEM__r12__sNA,DREADD_CNO | EYFP_Control_Media | PSAM_uPSEM | PSAM_uPSEM,0.04635941061394705,0.2644645878551002,,False
373,33,8,DREADD/CNO__r12__sNA | CONTROL/MEDIA__r3__sNA | CONTROL/MEDIA__r8__sNA | LMO7/hCTZ__r3__sNA | LMO7/hCTZ__r4__sNA | LMO7/hCTZ__r6__sNA | PSAM/uPSEM__r2__sNA | PSAM/uPSEM__r9__sNA,DREADD_CNO | EYFP_Control_Media | EYFP_Control_Media | LMO7_hCTZ | LMO7_hCTZ | LMO7_hCTZ | PSAM_uPSEM | PSAM_uPSEM,0.011678215180637087,0.2651498637918567,,False
374,157,5,DREADD/CNO__r6__sNA | CONTROL/MEDIA__r10__sNA | PSAM/uPSEM__r1__sNA | PSAM/uPSEM__r2__sNA | PSAM/uPSEM__r9__sNA,DREADD_CNO | EYFP_Control_Media | PSAM_uPSEM | PSAM_uPSEM | PSAM_uPSEM,0.025530056396300224,0.26583706576544053,,False
375,280,8,DREADD/CNO__r5__sNA | DREADD/CNO__r7__sNA | CONTROL/MEDIA__r3__sNA | LMO7/hCTZ__r4__sNA | LMO7/hCTZ__r8__sNA | LMO7/hCTZ__r9__sNA | PSAM/uPSEM__r9__sNA | PSAM/uPSEM__r12__sNA,DREADD_CNO | DREADD_CNO | EYFP_Control_Media | LMO7_hCTZ | LMO7_hCTZ | LMO7_hCTZ | PSAM_uPSEM | PSAM_uPSEM,0.03873297108031743,0.26595135722090346,,False
376,350,7,DREADD/CNO__r2__sNA | DREADD/CNO__r3__sNA | DREADD/CNO__r4__sNA | DREADD/CNO__r9__sNA | CONTROL/MEDIA__r11__sNA | LMO7/hCTZ__r3__sNA | PSAM/uPSEM__r9__sNA,DREADD_CNO | DREADD_CNO | DREADD_CNO | DREADD_CNO | EYFP_Control_Media | LMO7_hCTZ | PSAM_uPSEM,0.04512798773298134,0.26776452797861827,,False
377,295,8,LMO7/hCTZ__r3__sNA | LMO7/hCTZ__r5__sNA | LMO7/hCTZ__r7__sNA | LMO7/hCTZ__r8__sNA | PSAM/uPSEM__r2__sNA | PSAM/uPSEM__r4__sNA | PSAM/uPSEM__r8__sNA | PSAM/uPSEM__r9__sNA,LMO7_hCTZ | LMO7_hCTZ | LMO7_hCTZ | LMO7_hCTZ | PSAM_uPSEM | PSAM_uPSEM | PSAM_uPSEM | PSAM_uPSEM,0.04019402509062722,0.26921563700963,,False
378,241,4,DREADD/CNO__r3__sNA | DREADD/CNO__r7__sNA | CONTROL/MEDIA__r9__sNA | PSAM/uPSEM__r9__sNA,DREADD_CNO | DREADD_CNO | EYFP_Control_Media | PSAM_uPSEM,0.034661082346604935,0.27155984677035316,,False
379,259,6,DREADD/CNO__r11__sNA | CONTROL/MEDIA__r5__sNA | CONTROL/MEDIA__r11__sNA | PSAM/uPSEM__r2__sNA | PSAM/uPSEM__r9__sNA | PSAM/uPSEM__r10__sNA,DREADD_CNO | EYFP_Control_Media | EYFP_Control_Media | PSAM_uPSEM | PSAM_uPSEM | PSAM_uPSEM,0.036543011150577745,0.27219674202823163,,False
380,371,4,LMO7/hCTZ__r4__sNA | PSAM/uPSEM__r2__sNA | PSAM/uPSEM__r7__sNA | PSAM/uPSEM__r9__sNA,LMO7_hCTZ | PSAM_uPSEM | PSAM_uPSEM | PSAM_uPSEM,0.04686169723658627,0.2730048506910403,,False
381,258,5,DREADD/CNO__r3__sNA | CONTROL/MEDIA__r4__sNA | CONTROL/MEDIA__r11__sNA | PSAM/uPSEM__r9__sNA | PSAM/uPSEM__r12__sNA,DREADD_CNO | EYFP_Control_Media | EYFP_Control_Media | PSAM_uPSEM | PSAM_uPSEM,0.03647124141236399,0.27348830956121484,,False
382,394,4,CONTROL/MEDIA__r5__sNA | LMO7/hCTZ__r3__sNA | LMO7/hCTZ__r7__sNA | PSAM/uPSEM__r9__sNA,EYFP_Control_Media | LMO7_hCTZ | LMO7_hCTZ | PSAM_uPSEM,0.04898551680418702,0.2737808728439103,,False
383,91,8,DREADD/CNO__r3__sNA | CONTROL/MEDIA__r2__sNA | CONTROL/MEDIA__r6__sNA | CONTROL/MEDIA__r10__sNA | LMO7/hCTZ__r2__sNA | LMO7/hCTZ__r3__sNA | LMO7/hCTZ__r8__sNA | PSAM/uPSEM__r9__sNA,DREADD_CNO | EYFP_Control_Media | EYFP_Control_Media | EYFP_Control_Media | LMO7_hCTZ | LMO7_hCTZ | LMO7_hCTZ | PSAM_uPSEM,0.018410304241635474,0.27725267175060475,,False
384,382,5,CONTROL/MEDIA__r3__sNA | CONTROL/MEDIA__r10__sNA | LMO7/hCTZ__r7__sNA | PSAM/uPSEM__r9__sNA | PSAM/uPSEM__r12__sNA,EYFP_Control_Media | EYFP_Control_Media | LMO7_hCTZ | PSAM_uPSEM | PSAM_uPSEM,0.047839522879033446,0.2783834497913418,,False
385,375,8,DREADD/CNO__r5__sNA | DREADD/CNO__r7__sNA | DREADD/CNO__r10__sNA | CONTROL/MEDIA__r4__sNA | CONTROL/MEDIA__r6__sNA | LMO7/hCTZ__r3__sNA | LMO7/hCTZ__r4__sNA | PSAM/uPSEM__r2__sNA,DREADD_CNO | DREADD_CNO | DREADD_CNO | EYFP_Control_Media | EYFP_Control_Media | LMO7_hCTZ | LMO7_hCTZ | PSAM_uPSEM,0.04753020465233544,0.2809313952582988,,False
386,224,6,DREADD/CNO__r3__sNA | CONTROL/MEDIA__r3__sNA | CONTROL/MEDIA__r8__sNA | CONTROL/MEDIA__r9__sNA | PSAM/uPSEM__r2__sNA | PSAM/uPSEM__r12__sNA,DREADD_CNO | EYFP_Control_Media | EYFP_Control_Media | EYFP_Control_Media | PSAM_uPSEM | PSAM_uPSEM,0.03307009000148836,0.2825935844278421,,False
387,337,5,DREADD/CNO__r7__sNA | DREADD/CNO__r10__sNA | LMO7/hCTZ__r3__sNA | LMO7/hCTZ__r7__sNA | PSAM/uPSEM__r9__sNA,DREADD_CNO | DREADD_CNO | LMO7_hCTZ | LMO7_hCTZ | PSAM_uPSEM,0.04412462733272534,0.28588262732314096,,False
388,315,4,CONTROL/MEDIA__r1__sNA | PSAM/uPSEM__r2__sNA | PSAM/uPSEM__r6__sNA | PSAM/uPSEM__r9__sNA,EYFP_Control_Media | PSAM_uPSEM | PSAM_uPSEM | PSAM_uPSEM,0.04238120124547166,0.28940790650357495,,False
389,272,8,DREADD/CNO__r9__sNA | CONTROL/MEDIA__r3__sNA | CONTROL/MEDIA__r4__sNA | CONTROL/MEDIA__r8__sNA | LMO7/hCTZ__r6__sNA | PSAM/uPSEM__r2__sNA | PSAM/uPSEM__r6__sNA | PSAM/uPSEM__r9__sNA,DREADD_CNO | EYFP_Control_Media | EYFP_Control_Media | EYFP_Control_Media | LMO7_hCTZ | PSAM_uPSEM | PSAM_uPSEM | PSAM_uPSEM,0.037872083558991805,0.2963169383738625,,False
390,351,8,DREADD/CNO__r3__sNA | DREADD/CNO__r12__sNA | CONTROL/MEDIA__r11__sNA | LMO7/hCTZ__r9__sNA | PSAM/uPSEM__r2__sNA | PSAM/uPSEM__r5__sNA | PSAM/uPSEM__r8__sNA | PSAM/uPSEM__r9__sNA,DREADD_CNO | DREADD_CNO | EYFP_Control_Media | LMO7_hCTZ | PSAM_uPSEM | PSAM_uPSEM | PSAM_uPSEM | PSAM_uPSEM,0.045146700508961905,0.3030368909106521,,False
391,389,6,DREADD/CNO__r7__sNA | LMO7/hCTZ__r5__sNA | PSAM/uPSEM__r2__sNA | PSAM/uPSEM__r6__sNA | PSAM/uPSEM__r9__sNA | PSAM/uPSEM__r10__sNA,DREADD_CNO | LMO7_hCTZ | PSAM_uPSEM | PSAM_uPSEM | PSAM_uPSEM | PSAM_uPSEM,0.048693300257664884,0.3049219013802691,,False
392,405,8,DREADD/CNO__r3__sNA | CONTROL/MEDIA__r1__sNA | CONTROL/MEDIA__r9__sNA | CONTROL/MEDIA__r11__sNA | LMO7/hCTZ__r4__sNA | PSAM/uPSEM__r1__sNA | PSAM/uPSEM__r9__sNA | PSAM/uPSEM__r12__sNA,DREADD_CNO | EYFP_Control_Media | EYFP_Control_Media | EYFP_Control_Media | LMO7_hCTZ | PSAM_uPSEM | PSAM_uPSEM | PSAM_uPSEM,0.04991380523636113,0.3060693537021748,,False
393,401,7,DREADD/CNO__r3__sNA | DREADD/CNO__r12__sNA | LMO7/hCTZ__r2__sNA | LMO7/hCTZ__r3__sNA | LMO7/hCTZ__r9__sNA | PSAM/uPSEM__r2__sNA | PSAM/uPSEM__r12__sNA,DREADD_CNO | DREADD_CNO | LMO7_hCTZ | LMO7_hCTZ | LMO7_hCTZ | PSAM_uPSEM | PSAM_uPSEM,0.049690570274916135,0.30673642270066515,,False
394,219,8,CONTROL/MEDIA__r7__sNA | CONTROL/MEDIA__r11__sNA | LMO7/hCTZ__r3__sNA | LMO7/hCTZ__r4__sNA | PSAM/uPSEM__r1__sNA | PSAM/uPSEM__r2__sNA | PSAM/uPSEM__r6__sNA | PSAM/uPSEM__r9__sNA,EYFP_Control_Media | EYFP_Control_Media | LMO7_hCTZ | LMO7_hCTZ | PSAM_uPSEM | PSAM_uPSEM | PSAM_uPSEM | PSAM_uPSEM,0.032256643345964356,0.3067630392895573,,False
395,192,6,DREADD/CNO__r3__sNA | CONTROL/MEDIA__r6__sNA | LMO7/hCTZ__r3__sNA | LMO7/hCTZ__r6__sNA | LMO7/hCTZ__r7__sNA | PSAM/uPSEM__r9__sNA,DREADD_CNO | EYFP_Control_Media | LMO7_hCTZ | LMO7_hCTZ | LMO7_hCTZ | PSAM_uPSEM,0.02871441023930658,0.30985645452095834,,False
396,276,7,DREADD/CNO__r1__sNA | DREADD/CNO__r5__sNA | CONTROL/MEDIA__r5__sNA | LMO7/hCTZ__r6__sNA | LMO7/hCTZ__r8__sNA | PSAM/uPSEM__r2__sNA | PSAM/uPSEM__r9__sNA,DREADD_CNO | DREADD_CNO | EYFP_Control_Media | LMO7_hCTZ | LMO7_hCTZ | PSAM_uPSEM | PSAM_uPSEM,0.03829716628252998,0.31617305854038114,,False
397,344,6,CONTROL/MEDIA__r7__sNA | CONTROL/MEDIA__r11__sNA | LMO7/hCTZ__r2__sNA | PSAM/uPSEM__r2__sNA | PSAM/uPSEM__r8__sNA | PSAM/uPSEM__r9__sNA,EYFP_Control_Media | EYFP_Control_Media | LMO7_hCTZ | PSAM_uPSEM | PSAM_uPSEM | PSAM_uPSEM,0.04447809981355586,0.3228787246642443,,False
398,340,4,CONTROL/MEDIA__r2__sNA | CONTROL/MEDIA__r5__sNA | LMO7/hCTZ__r3__sNA | PSAM/uPSEM__r9__sNA,EYFP_Control_Media | EYFP_Control_Media | LMO7_hCTZ | PSAM_uPSEM,0.04424455985197096,0.3239425029449694,,False
399,302,6,CONTROL/MEDIA__r2__sNA | CONTROL/MEDIA__r4__sNA | CONTROL/MEDIA__r8__sNA | LMO7/hCTZ__r3__sNA | LMO7/hCTZ__r9__sNA | PSAM/uPSEM__r9__sNA,EYFP_Control_Media | EYFP_Control_Media | EYFP_Control_Media | LMO7_hCTZ | LMO7_hCTZ | PSAM_uPSEM,0.0406464462451348,0.32415966070539537,,False
400,396,3,DREADD/CNO__r7__sNA | PSAM/uPSEM__r9__sNA | PSAM/uPSEM__r12__sNA,DREADD_CNO | PSAM_uPSEM | PSAM_uPSEM,0.04930169299802368,0.3289875221849826,,False
401,318,8,DREADD/CNO__r10__sNA | CONTROL/MEDIA__r2__sNA | CONTROL/MEDIA__r10__sNA | CONTROL/MEDIA__r11__sNA | LMO7/hCTZ__r3__sNA | LMO7/hCTZ__r6__sNA | LMO7/hCTZ__r8__sNA | PSAM/uPSEM__r9__sNA,DREADD_CNO | EYFP_Control_Media | EYFP_Control_Media | EYFP_Control_Media | LMO7_hCTZ | LMO7_hCTZ | LMO7_hCTZ | PSAM_uPSEM,0.04259101294581064,0.3306225454459051,,False
402,384,8,DREADD/CNO__r7__sNA | DREADD/CNO__r10__sNA | CONTROL/MEDIA__r1__sNA | CONTROL/MEDIA__r4__sNA | LMO7/hCTZ__r3__sNA | PSAM/uPSEM__r9__sNA | PSAM/uPSEM__r10__sNA | PSAM/uPSEM__r12__sNA,DREADD_CNO | DREADD_CNO | EYFP_Control_Media | EYFP_Control_Media | LMO7_hCTZ | PSAM_uPSEM | PSAM_uPSEM | PSAM_uPSEM,0.0479453545127974,0.33117687288072273,,False
403,406,8,DREADD/CNO__r5__sNA | DREADD/CNO__r7__sNA | CONTROL/MEDIA__r2__sNA | CONTROL/MEDIA__r7__sNA | LMO7/hCTZ__r3__sNA | LMO7/hCTZ__r4__sNA | PSAM/uPSEM__r4__sNA | PSAM/uPSEM__r9__sNA,DREADD_CNO | DREADD_CNO | EYFP_Control_Media | EYFP_Control_Media | LMO7_hCTZ | LMO7_hCTZ | PSAM_uPSEM | PSAM_uPSEM,0.04999024758480358,0.3323224192783839,,False
404,383,4,DREADD/CNO__r3__sNA | DREADD/CNO__r10__sNA | CONTROL/MEDIA__r9__sNA | PSAM/uPSEM__r9__sNA,DREADD_CNO | DREADD_CNO | EYFP_Control_Media | PSAM_uPSEM,0.0478809466848385,0.33504295037830156,,False
405,373,5,CONTROL/MEDIA__r1__sNA | CONTROL/MEDIA__r2__sNA | CONTROL/MEDIA__r8__sNA | LMO7/hCTZ__r3__sNA | PSAM/uPSEM__r2__sNA,EYFP_Control_Media | EYFP_Control_Media | EYFP_Control_Media | LMO7_hCTZ | PSAM_uPSEM,0.0470761975492453,0.33941128338211113,,False
406,399,7,DREADD/CNO__r2__sNA | CONTROL/MEDIA__r6__sNA | CONTROL/MEDIA__r8__sNA | LMO7/hCTZ__r8__sNA | PSAM/uPSEM__r2__sNA | PSAM/uPSEM__r9__sNA | PSAM/uPSEM__r11__sNA,DREADD_CNO | EYFP_Control_Media | EYFP_Control_Media | LMO7_hCTZ | PSAM_uPSEM | PSAM_uPSEM | PSAM_uPSEM,0.04941156625764654,0.3514891583942721,,False
