model_method,converged,n_neurons,n_experiments,term,coef,se,pvalue,ci_low,ci_high
mixedlm,True,58,34,stimulation_binary,-172.84463123737348,142.18413995632724,0.22412234869282266,-451.5204247245773,105.83116224983038
mixedlm,True,58,34,"C(actuator, Treatment(reference='DREADD'))[T.LMO7]",274.9268657788702,175.56426378930485,0.11735764673936873,-69.17276822045687,619.0264997781973
mixedlm,True,58,34,"C(actuator, Treatment(reference='DREADD'))[T.PSAM]",-369.7068532765725,166.0372533704879,0.02597067328417081,-695.1338899746804,-44.27981657846453
mixedlm,True,58,34,"C(actuator, Treatment(reference='DREADD'))[T.LMO7]:stimulation_binary",-320.7780783953436,222.5373947959755,0.14945562600398757,-756.9433574088268,115.38720061813967
mixedlm,True,58,34,"C(actuator, Treatment(reference='DREADD'))[T.PSAM]:stimulation_binary",44.91518660990334,197.60618659667654,0.8201932258947678,-342.3858222418842,432.2161954616909
